TIMESTAMP,RECORD,BattV_Min,Quantum_Avg(1),Quantum_Avg(2),Quantum_Avg(3),Quantum_Avg(4),Temp_1_Avg,Temp_2_Avg,Temp_3_Avg,Temp_4_Avg,RH_1_Avg,RH_2_Avg,RH_3_Avg,RH_4_Avg,Rain_mm_Sul_Tot,DifuseRadiation_Avg,TotalRadiation_Avg
07-12-2018 15:30,6677,13.49,345.3,85.9,39.69,6.377,27.74,25.87,24.92,-39.24,90,38.85,30.55,18.07,0.0,244.7,261.1
07-12-2018 16:00,6678,13.5,205.8,44.38,25.94,4.649,27.6,25.78,24.83,-39.12,88.7,39.07,30.69,18.44,0.0,156.1,162.1
07-12-2018 16:30,6679,13.5,204.8,48.67,24.72,3.163,27.49,25.76,24.96,-39.12,89.7,39.67,31.27,18.76,0.0,161.6,165.3
07-12-2018 17:00,6680,13.5,146.6,30.18,15.18,1.685,27.39,25.67,25.06,-39.13,90.9,39.14,30.87,18.43,0.0,111.1,116.0
07-12-2018 17:30,6681,13.51,135.9,25.48,10.8,1.117,27.29,25.53,25.04,-38.9,92.1,38.9,30.65,17.93,0.0,93.6,102.6
07-12-2018 18:00,6682,12.96,35.51,7.388,3.458,0.207,26.81,25.31,24.9,-38.97,94.8,37.68,29.71,16.12,0.0,34.45,35.64
07-12-2018 18:30,6683,12.77,0.548,-0.575,-0.14,-0.521,26.34,24.96,24.68,-38.91,96.5,37.66,29.75,14.57,0.0,3.286,3.714
07-12-2018 19:00,6684,12.74,-0.051,-0.698,-0.2,-0.611,26,24.68,24.47,-39.1,97.1,37.73,29.81,14.57,0.0,1.887,2.674
07-12-2018 19:30,6685,12.73,-0.042,-0.688,-0.201,-0.654,25.75,24.5,24.32,-39.08,97.9,38.08,30.09,14.57,0.0,1.913,2.713
07-12-2018 20:00,6686,12.69,-0.043,-0.673,-0.202,-0.79,25.65,24.39,24.2,-39.18,97.7,38.39,30.33,15.34,0.0,1.754,2.06
07-12-2018 20:30,6687,12.66,-0.035,-0.665,-0.239,-0.732,25.5,24.31,24.11,-39.08,97.9,38.63,30.55,15.59,0.0,1.821,2.418
07-12-2018 21:00,6688,12.65,-0.042,-0.66,-0.271,-0.677,25.39,24.24,24.08,-39.03,98.1,38.78,30.54,15.76,0.0,1.769,2.302
07-12-2018 21:30,6689,12.63,-0.049,-0.653,-0.289,-0.43,25.28,24.17,24.01,-39.02,97.9,38.95,30.82,15.38,0.0,1.692,2.308
07-12-2018 22:00,6690,12.62,-0.038,-0.64,-0.291,-1.347,25.19,24.11,23.93,-39.02,98.2,39.12,30.87,15.16,0.0,1.899,2.541
07-12-2018 22:30,6691,12.6,-0.025,-0.628,-0.286,-1.712,25.11,24.02,23.81,-39.09,98.3,38.98,30.82,14.95,0.0,1.682,2.198
07-12-2018 23:00,6692,12.6,-0.029,-0.629,-0.28,-1.651,25.02,24.0,23.79,-39.13,98.4,39.12,30.9,15.0,0.0,1.957,2.648
07-12-2018 23:30,6693,12.56,-0.026,-0.63,-0.278,-2.12,24.98,23.94,23.75,-39.18,98.5,38.99,30.94,14.76,0.0,1.588,2.453
08-12-2018 00:00,6694,12.56,-0.029,-0.621,-0.269,-1.604,24.84,23.95,23.76,-39.12,98.4,38.93,30.77,15.04,0.0,2.078,2.844
08-12-2018 00:30,6695,12.57,-0.032,-0.6,-0.251,-1.406,24.91,23.75,23.57,-39.11,98.3,38.77,30.66,14.79,0.0,1.762,2.458
08-12-2018 01:00,6696,12.55,-0.028,-0.593,-0.233,-1.437,25.17,23.65,23.48,-39.23,98.6,38.57,30.53,15.56,0.0,2.054,2.743
08-12-2018 01:30,6697,12.54,-0.033,-0.593,-0.207,-0.775,25.98,23.57,23.38,-39.23,99.6,38.54,30.51,15.09,0.254,1.901,2.706
08-12-2018 02:00,6698,12.53,-0.018,-0.577,-0.17,-0.684,25.91,23.5,23.32,-39.24,99.8,38.61,30.55,17.29,0.0,1.606,2.443
08-12-2018 02:30,6699,12.52,-0.019,-0.563,-0.142,-1.017,25.45,23.48,23.3,-39.24,99.4,38.61,30.48,17.55,0.0,1.637,2.291
08-12-2018 03:00,6700,12.48,-0.003,-0.583,-0.131,-1.003,25.08,23.43,23.29,-39.16,99.3,39.34,31.1,18.49,0.0,1.791,2.55
08-12-2018 03:30,6701,12.48,-0.009,-0.614,-0.124,-0.986,24.43,23.31,23.18,-38.96,98.9,40.2,31.87,17.74,0.0,1.856,2.814
08-12-2018 04:00,6702,12.49,-0.012,-0.597,-0.113,-1.103,24.3,23.21,23.04,-39.02,98.8,40.2,31.9,19.17,0.0,1.907,2.887
08-12-2018 04:30,6703,12.46,-0.008,-0.589,-0.103,-1.185,24.23,23.11,22.95,-39.15,98.8,40.24,31.9,18.07,0.0,1.823,2.631
08-12-2018 05:00,6704,12.45,-0.011,-0.619,-0.104,-1.236,24.18,23.09,22.89,-39.03,98.7,40.64,32.28,16.7,0.0,1.446,2.292
08-12-2018 05:30,6705,12.42,0.013,-0.606,-0.095,-1.114,24.16,23.03,22.83,-38.94,98.7,40.73,32.36,17.04,0.0,1.494,2.577
08-12-2018 06:00,6706,12.4,6.755,0.606,0.418,-0.932,24.15,22.97,22.79,-38.98,98.7,40.82,32.43,16.91,0.0,5.803,6.659
08-12-2018 06:30,6707,12.48,58.25,9.0,3.481,-0.54,24.19,22.92,22.71,-39.13,98.7,40.92,32.4,17.98,0.0,35.1,40.68
08-12-2018 07:00,6708,12.89,97.5,17.72,7.567,0.112,24.32,23.14,22.9,-39.16,98.5,41.39,32.81,17.53,0.0,65.72,70.2
08-12-2018 07:30,6709,13.08,250.5,40.4,16.24,1.601,24.73,23.55,23.27,-39.19,98.4,42.15,33.33,18.34,0.0,134.2,175.2
08-12-2018 08:00,6710,13.6,532.8,63.03,22.68,2.805,27.17,24.33,23.86,-39.19,90.1,45.92,36.52,19.2,0.0,210.7,379.9
08-12-2018 08:30,6711,13.9,530.3,83.3,30.37,3.511,26.99,25.02,24.32,-39.08,86.7,49.26,39.6,18.2,0.0,256.4,385.0
08-12-2018 09:00,6712,14.06,456.9,121.4,43.15,7.915,26.82,25.65,24.83,-39.08,87.5,54.63,43.97,18.92,0.0,319.5,359.4
08-12-2018 09:30,6713,14.06,507.5,127.0,56.33,11.2,27.86,26.23,25.31,-39.14,83.6,62.66,50.21,16.36,0.0,376.0,411.0
08-12-2018 10:00,6714,14.12,503.7,115.1,60.54,12.63,27.76,26.5,25.71,-38.89,84.1,63.56,50.89,15.59,0.0,385.3,412.6
08-12-2018 10:30,6715,13.49,690.4,151.3,73.43,15.47,30.81,27.32,26.32,-39.12,81.6,66.01,52.9,14.07,0.0,497.7,558.5
08-12-2018 11:00,6716,13.5,643.0,183.0,70.07,14.35,31.57,27.93,27.07,-38.23,78.68,66.42,53.43,14.46,0.0,439.9,677.1
08-12-2018 11:30,6717,13.49,499.6,110.3,72.65,13.24,29.67,28.37,27.31,-38.99,74.33,68.1,54.81,13.71,0.0,386.2,702.6
08-12-2018 12:00,6718,13.51,393.4,79.62,47.12,9.94,26.94,25.12,24.57,-16.77,90.5,55.1,45.35,14.83,10.92,302.1,311.2
08-12-2018 12:30,6719,13.49,473.4,95.3,68.95,14.74,27.88,25.81,25.03,16.71,89.8,56.47,45.35,16.56,0.0,326.8,358.0
08-12-2018 13:00,6720,13.5,233.3,40.65,27.15,4.315,27.63,25.8,25.24,15.55,90.7,56.24,45.07,16.25,0.0,163.0,169.7
08-12-2018 13:30,6721,13.33,95.6,16.94,11.92,1.059,26.98,25.4,25.09,4.878,93.9,51.93,41.41,16.95,0.0,70.86,74.78
08-12-2018 14:00,6722,13.51,120.4,22.07,15.03,2.03,25.84,24.6,24.4,0.347,96,48.25,38.53,15.68,0.0,75.7,78.82
08-12-2018 14:30,6723,13.51,68.38,13.78,8.99,1.551,25.85,24.39,24.18,1.73,96.7,44.91,35.78,15.76,0.508,44.56,47.0
08-12-2018 15:00,6724,13.53,84.7,17.43,10.73,1.358,25.21,24.11,23.92,-9.05,97.5,43.2,34.4,15.66,0.254,59.21,61.93
08-12-2018 15:30,6725,13.52,138.5,26.99,18.06,3.308,25.07,24.03,23.84,16.53,97.5,43.35,34.52,14.3,0.254,101.9,105.2
08-12-2018 16:00,6726,13.51,161.8,31.11,22.19,8.72,25.21,24.22,23.98,19.42,97,45.56,36.17,15.21,0.0,124.9,129.7
08-12-2018 16:30,6727,13.51,154.9,29.36,22.74,6.08,25.29,24.29,24.01,19.49,96.1,46.21,36.6,17.43,0.0,116.4,124.2
08-12-2018 17:00,6728,13.51,73.67,15.06,10.16,1.592,25.23,24.25,23.98,19.5,95.9,45.74,36.28,18.16,0.0,57.96,60.56
08-12-2018 17:30,6729,13.0,26.89,5.234,3.33,-0.265,25.11,24.11,23.86,19.51,96.6,42.77,33.99,18.33,0.0,22.31,23.65
08-12-2018 18:00,6730,12.81,9.07,1.584,1.103,-1.214,24.96,23.95,23.8,19.5,97.6,41.12,32.62,17.43,0.254,8.47,9.5
08-12-2018 18:30,6731,12.76,0.533,-0.473,-0.01,-1.49,24.87,23.84,23.67,19.4,97.6,40.64,32.26,18.02,0.0,2.152,2.74
08-12-2018 19:00,6732,12.76,-0.039,-0.617,-0.081,-1.922,24.82,23.72,23.58,19.71,98.1,40.35,32.0,15.66,0.0,2.122,2.567
08-12-2018 19:30,6733,12.72,-0.029,-0.62,-0.069,-1.795,24.86,23.63,23.48,21.09,98.5,40.45,32.09,14.66,0.0,1.642,2.463
08-12-2018 20:00,6734,12.72,-0.034,-0.651,-0.083,-1.599,24.79,23.56,23.42,21.0,98.8,41.47,32.83,15.66,0.0,2.009,2.704
08-12-2018 20:30,6735,12.69,-0.027,-0.675,-0.079,-1.662,24.71,23.46,23.34,21.01,98.8,41.92,33.32,15.55,0.0,1.465,2.415
08-12-2018 21:00,6736,12.69,-0.03,-0.667,-0.075,-1.641,24.63,23.43,23.28,21.18,98.8,41.89,33.21,16.67,0.0,1.537,2.307
08-12-2018 21:30,6737,12.65,-0.025,-0.678,-0.075,-1.5,24.68,23.37,23.23,21.16,98.8,42.09,33.35,15.77,0.0,1.382,1.931
08-12-2018 22:00,6738,12.64,-0.025,-0.672,-0.064,-1.404,24.7,23.45,23.31,21.23,98.8,42.48,33.75,16.0,0.0,1.617,2.186
08-12-2018 22:30,6739,12.63,-0.024,-0.679,-0.067,-1.319,24.68,23.45,23.36,21.24,98.8,42.37,33.64,18.71,0.254,1.693,2.558
08-12-2018 23:00,6740,12.64,-0.019,-0.708,-0.075,-1.23,24.71,23.52,23.39,21.33,98.8,42.47,33.68,14.51,0.0,1.698,2.393
08-12-2018 23:30,6741,12.61,-0.023,-0.714,-0.072,-1.168,24.7,23.57,23.45,21.27,98.8,42.8,34.06,14.78,0.0,1.699,2.371
09-12-2018 00:00,6742,12.6,-0.017,-0.723,-0.072,-0.975,24.71,23.6,23.46,21.23,98.8,43.27,34.44,15.9,0.0,1.688,2.263
09-12-2018 00:30,6743,12.59,-0.02,-0.748,-0.075,-0.978,24.65,23.6,23.45,21.18,98.8,43.28,34.32,16.63,0.0,1.686,2.436
09-12-2018 01:00,6744,12.56,-0.012,-0.705,-0.067,-0.87,24.65,23.57,23.42,21.01,98.9,43.11,34.23,17.31,0.0,1.57,2.489
09-12-2018 01:30,6745,12.57,-0.017,-0.704,-0.064,-0.851,24.6,23.54,23.4,20.96,98.9,43.03,34.18,18.26,0.0,1.958,2.719
09-12-2018 02:00,6746,12.56,-0.015,-0.702,-0.064,-0.907,24.56,23.51,23.37,21.09,98.9,42.87,34.01,18.4,0.0,1.979,2.492
09-12-2018 02:30,6747,12.56,-0.017,-0.699,-0.082,-0.931,24.44,23.33,23.21,20.93,98.9,42.84,34.09,17.74,0.0,2.266,3.363
09-12-2018 03:00,6748,12.55,-0.021,-0.709,-0.089,0.381,24.29,23.08,22.99,-8.84,98.9,42.42,33.8,15.41,0.0,1.765,2.249
09-12-2018 03:30,6749,12.56,-0.018,-0.731,-0.091,-0.123,24.25,22.88,22.78,-38.7,98.9,42.01,33.43,15.3,0.0,1.766,2.78
09-12-2018 04:00,6750,12.53,-0.013,-0.731,-0.084,-0.379,23.96,22.72,22.63,-38.22,98.8,42.17,33.61,17.55,0.0,1.892,2.576
09-12-2018 04:30,6751,12.52,-0.019,-0.722,-0.085,-0.329,23.61,22.66,22.55,-37.65,98.7,42.11,33.51,17.69,0.0,1.922,2.9
09-12-2018 05:00,6752,12.5,-0.016,-0.733,-0.089,-0.304,23.25,22.59,22.5,-39.11,98.5,42.1,33.54,15.35,0.0,1.895,2.677
09-12-2018 05:30,6753,12.52,0.019,-0.743,-0.083,-0.271,23.07,22.45,22.39,-39.0,98.4,42.11,33.54,14.44,0.0,2.046,2.816
09-12-2018 06:00,6754,12.5,6.744,0.614,0.561,-0.303,22.96,22.36,22.28,-38.95,98.4,42.41,33.79,15.14,0.0,5.404,6.15
09-12-2018 06:30,6755,12.54,29.18,4.758,2.434,-0.056,22.98,22.38,22.32,-39.07,98.4,42.35,33.74,15.1,0.0,19.22,20.52
09-12-2018 07:00,6756,12.65,66.77,9.63,4.036,0.311,23.08,22.44,22.41,-39.15,98.3,42.4,33.66,15.87,0.0,38.73,44.17
09-12-2018 07:30,6757,13.05,304.1,26.32,12.59,1.26,23.83,22.75,22.61,-39.17,98.2,43.63,34.55,17.5,0.0,87.9,193.7
09-12-2018 08:00,6758,13.7,576.2,33.34,13.25,1.932,25.14,23.63,23.44,-39.2,96.6,47.03,37.74,16.07,0.0,109.0,435.2
09-12-2018 08:30,6759,14.05,706.9,70.96,25.92,3.304,26.78,24.35,24.0,-39.27,89.5,52.02,42.12,16.65,0.0,159.0,552.5
09-12-2018 09:00,6760,14.06,476.9,126.7,22.56,4.229,26.45,24.99,24.44,-39.26,87,56.76,46.13,18.0,0.0,221.4,407.2
09-12-2018 09:30,6761,14.09,561.4,231.4,42.6,6.24,26.92,25.62,25.09,-39.18,84.4,61.72,49.92,18.59,0.0,300.4,443.6
09-12-2018 10:00,6762,13.48,1087.0,957.0,142.3,6.307,28.24,26.83,26.12,-35.01,79.15,65.5,53.0,18.66,0.0,206.0,787.9
09-12-2018 10:30,6763,13.5,983.0,465.3,71.73,10.86,28.71,27.5,26.81,-30.05,76.39,66.57,54.05,17.72,0.0,345.1,741.0
09-12-2018 11:00,6764,13.5,390.9,73.42,48.3,11.4,28.61,27.85,27.17,-27.59,74.91,66.97,54.26,15.75,0.0,294.6,841.0
09-12-2018 11:30,6765,13.49,408.0,96.6,72.46,19.28,29.27,28.62,27.78,-9.69,73.86,68.85,55.71,15.45,0.0,327.5,909.0
09-12-2018 12:00,6766,13.49,388.3,264.2,85.3,11.34,29.78,29.1,28.32,-23.05,68.66,69.18,55.96,14.94,0.0,259.2,786.0
09-12-2018 12:30,6767,13.48,607.6,116.0,73.58,13.94,29.47,29.28,28.58,-34.55,70.16,68.77,55.6,20.44,0.0,386.4,644.1
09-12-2018 13:00,6768,13.47,1008.0,443.4,395.7,13.52,29.56,28.78,27.87,-34.8,74.12,69.3,56.31,19.83,0.0,364.4,1045.0
09-12-2018 13:30,6769,13.73,440.7,83.3,80.8,14.46,28.01,27.76,27.34,-34.92,83.1,64.39,52.84,20.57,0.762,352.6,402.8
09-12-2018 14:00,6770,13.76,327.9,87.1,85.3,8.41,26.96,26.31,25.93,-36.34,86.8,62.95,50.98,22.41,0.0,240.6,271.8
09-12-2018 14:30,6771,13.82,341.6,100.3,41.54,7.08,27.12,25.72,25.35,-31.15,88.6,62.22,50.2,21.97,0.0,225.9,262.1
09-12-2018 15:00,6772,13.77,900.0,750.6,36.65,6.139,29.13,28.08,26.3,-27.66,76.8,69.72,55.44,22.9,0.0,181.9,590.6
09-12-2018 15:30,6773,13.76,698.9,247.0,67.54,7.825,30.3,30.12,27.46,-30.12,68.8,72.24,56.92,22.03,0.0,307.7,504.5
09-12-2018 16:00,6774,13.77,276.5,65.09,35.29,5.189,28.86,28.87,27.33,-29.49,74.12,68.07,54.19,21.99,0.0,208.0,228.0
09-12-2018 16:30,6775,13.76,152.1,28.85,21.07,5.054,27.18,26.66,26.21,-31.37,85.2,62.57,50.54,22.03,0.0,124.8,130.6
09-12-2018 17:00,6776,13.78,116.1,21.52,13.16,3.033,27.07,26.15,25.68,-29.74,86.2,60.39,48.43,22.93,0.0,88.1,91.4
09-12-2018 17:30,6777,13.76,69.63,12.64,8.67,2.347,26.62,25.77,25.42,-25.73,90.3,57.19,45.81,23.36,0.0,58.47,60.74
09-12-2018 18:00,6778,13.52,22.46,3.898,2.588,0.987,27.55,25.44,25.19,-26.98,94.4,52.63,42.16,22.96,0.0,21.3,22.7
09-12-2018 18:30,6779,13.25,0.937,0.054,0.048,0.284,28.24,25.05,24.91,-28.72,96.5,48.16,38.58,22.79,0.0,3.44,4.061
09-12-2018 19:00,6780,13.22,0.003,-0.11,-0.055,0.103,28.88,24.77,24.68,-38.44,99.3,44.41,35.52,22.85,0.0,1.81,2.355
09-12-2018 19:30,6781,13.19,0.005,-0.126,-0.049,-0.068,27.24,24.7,24.59,-38.3,98.5,43.3,34.6,21.94,0.0,1.915,2.414
09-12-2018 20:00,6782,13.18,0.008,-0.143,-0.054,-0.226,26.19,24.58,24.51,-17.87,97.5,43.62,34.82,22.56,0.0,1.614,2.004
09-12-2018 20:30,6783,13.18,-0.008,-0.156,-0.035,-0.069,25.91,24.58,24.44,21.96,95.8,44.7,35.73,22.99,0.0,1.464,2.391
09-12-2018 21:00,6784,13.19,-0.011,-0.169,-0.033,-0.11,25.57,24.55,24.39,22.45,95.7,44.45,35.6,23.36,0.0,1.99,2.661
09-12-2018 21:30,6785,13.15,-0.007,-0.188,-0.041,-0.116,25.37,24.43,24.29,22.79,95.5,43.92,35.14,23.49,0.0,1.364,2.41
09-12-2018 22:00,6786,13.15,-0.008,-0.206,-0.032,-0.106,25.2,24.37,24.26,23.31,95.3,43.51,34.82,23.3,0.0,1.631,2.296
09-12-2018 22:30,6787,13.15,-0.006,-0.216,-0.033,-1.0,25.05,24.34,24.2,23.21,96,42.92,34.28,25.45,0.0,1.361,2.158
09-12-2018 23:00,6788,13.14,-0.008,-0.244,-0.029,-0.253,24.98,24.28,24.17,23.17,96,42.47,33.94,23.8,0.0,1.675,2.53
09-12-2018 23:30,6789,13.12,-0.008,-0.263,-0.038,-0.188,24.89,24.25,24.12,23.12,95.8,42.71,34.17,24.73,0.0,1.813,2.507
10-12-2018 00:00,6790,13.1,0.0,-0.277,-0.034,-0.072,24.85,24.17,24.03,23.14,95.2,42.66,34.17,23.68,0.254,2.154,2.561
10-12-2018 00:30,6791,13.12,0.035,-0.275,-0.043,-0.083,24.6,23.97,23.84,23.11,96.4,44.18,35.41,22.19,3.302,1.652,2.703
10-12-2018 01:00,6792,13.1,0.039,-0.308,-0.037,-0.265,24.6,23.77,23.66,22.87,96.8,44.54,35.69,21.69,0.762,1.98,2.764
10-12-2018 01:30,6793,13.1,0.051,-0.329,-0.031,-0.423,24.44,23.65,23.55,22.68,97.1,44.48,35.64,21.75,0.0,1.532,2.429
10-12-2018 02:00,6794,13.11,0.042,-0.355,-0.024,-0.46,24.49,23.65,23.55,22.58,96.9,44.43,35.61,21.41,0.0,1.65,2.489
10-12-2018 02:30,6795,13.12,0.05,-0.373,-0.036,-0.423,24.4,23.62,23.52,22.57,97.4,44.36,35.57,21.85,0.0,1.799,2.516
10-12-2018 03:00,6796,13.1,0.051,-0.365,-0.037,-0.359,24.33,23.47,23.38,22.27,97.7,44.65,35.83,20.72,0.0,1.595,2.456
10-12-2018 03:30,6797,13.1,0.051,-0.372,-0.029,-0.367,24.22,23.43,23.31,21.84,97.9,44.8,35.93,21.65,0.0,1.501,2.055
10-12-2018 04:00,6798,13.08,0.057,-0.393,-0.016,-0.366,24.16,23.49,23.36,22.33,98,44.9,36.02,21.61,0.0,1.814,2.553
10-12-2018 04:30,6799,13.08,0.053,-0.411,-0.025,-0.367,24.17,23.52,23.42,22.39,97.8,44.66,35.82,20.7,0.0,1.709,2.355
10-12-2018 05:00,6800,13.08,0.055,-0.426,-0.026,-0.252,24.37,23.5,23.39,22.38,96,44.46,35.66,20.77,0.0,1.996,2.606
10-12-2018 05:30,6801,13.08,0.078,-0.432,-0.018,-0.186,24.27,23.41,23.3,22.3,96.2,44.3,35.53,21.38,0.0,1.833,2.474
10-12-2018 06:00,6802,13.06,5.584,0.606,0.544,0.037,24.39,23.36,23.28,22.33,95.2,44.41,35.62,22.31,0.0,4.581,5.595
10-12-2018 06:30,6803,13.19,40.23,6.599,4.287,0.761,24.26,23.44,23.31,22.36,96.3,44.61,35.79,21.59,0.0,30.59,32.5
10-12-2018 07:00,6804,14.18,128.2,22.25,10.71,2.164,24.67,23.73,23.52,22.54,95.6,44.86,35.89,21.49,0.0,90.6,99.3
10-12-2018 07:30,6805,14.44,200.6,32.87,17.59,3.634,25.25,24.17,23.85,22.65,93.6,45.43,36.11,22.09,0.0,146.7,154.9
10-12-2018 08:00,6806,14.4,264.8,45.67,29.06,6.204,25.83,24.68,24.33,22.95,91.5,47.27,37.51,23.72,0.0,201.5,214.2
10-12-2018 08:30,6807,14.39,211.1,35.35,25.68,5.564,25.84,25.0,24.53,23.17,91.1,49.65,39.6,22.88,0.0,161.8,169.4
10-12-2018 09:00,6808,13.76,494.3,167.8,44.02,9.64,26.61,25.52,24.84,22.98,89.2,54.34,43.19,21.26,0.0,295.3,380.9
10-12-2018 09:30,6809,13.78,505.6,109.9,52.08,11.01,28.04,26.35,25.62,22.95,86,60.53,48.25,23.83,0.0,373.6,409.3
10-12-2018 10:00,6810,13.78,605.3,164.7,69.76,14.48,28.44,26.95,26.19,22.13,83.3,62.98,50.34,24.32,0.0,419.5,482.0
10-12-2018 10:30,6811,13.77,653.3,116.0,81.0,18.04,29.23,27.5,26.69,21.7,80.9,65.61,52.4,26.66,0.0,503.7,531.5
10-12-2018 11:00,6812,13.77,676.3,107.6,87.8,19.2,29.05,27.98,27.16,20.9,77.34,67.2,53.65,25.08,0.0,524.4,591.6
10-12-2018 11:30,6813,13.76,456.8,61.83,65.29,13.94,29.11,27.96,27.27,2.699,76.88,66.37,53.05,25.63,0.0,351.2,374.1
10-12-2018 12:00,6814,13.77,410.0,53.92,59.19,12.24,28.97,28.09,27.39,-16.58,78.09,65.37,52.19,27.26,0.762,313.4,335.5
10-12-2018 12:30,6815,13.78,187.3,34.38,24.04,5.028,27.18,26.01,25.8,-25.16,88.1,55.1,44.45,27.64,0.508,146.6,155.7
10-12-2018 13:00,6816,13.75,600.2,127.5,107.0,16.85,27.45,26.43,25.85,-27.23,87.8,58.4,46.85,28.87,0.0,455.0,497.0
10-12-2018 13:30,6817,13.78,506.7,131.5,111.1,12.98,28.59,27.44,26.69,-25.43,80.2,64.82,51.63,29.88,0.0,396.8,439.2
10-12-2018 14:00,6818,13.76,443.6,74.79,76.71,11.93,28.18,27.17,26.58,-25.33,79.85,64.7,51.76,28.28,0.0,330.7,349.7
10-12-2018 14:30,6819,13.76,426.0,66.64,57.68,11.0,27.55,26.67,26.05,-25.59,83.9,63.78,51.0,27.31,0.0,310.7,324.2
10-12-2018 15:00,6820,13.77,313.1,63.37,44.22,8.08,27.62,26.83,26.24,-23.71,81.9,63.28,50.61,27.18,0.0,252.1,260.1
10-12-2018 15:30,6821,13.8,293.1,45.99,38.38,6.767,27.12,26.61,26.05,-23.36,87.5,62.0,49.62,27.05,0.0,227.2,235.2
10-12-2018 16:00,6822,13.77,265.1,48.69,32.83,5.339,26.99,26.5,25.98,-23.51,88,61.82,49.45,26.3,0.0,209.8,214.7
10-12-2018 16:30,6823,13.77,204.1,37.15,24.1,3.868,26.84,26.46,25.95,-25.72,87.8,61.58,49.36,25.07,0.0,152.6,164.0
10-12-2018 17:00,6824,13.75,170.0,27.96,12.99,1.372,26.8,26.18,25.74,-25.72,88.5,61.49,49.35,25.26,0.0,87.7,120.9
10-12-2018 17:30,6825,13.78,72.76,13.58,6.147,0.167,26.52,25.92,25.6,-25.65,90.1,57.99,46.56,25.21,0.0,56.62,59.79
10-12-2018 18:00,6826,13.35,21.67,3.414,1.828,-0.403,26.46,25.42,25.25,-25.21,92.2,51.6,41.42,26.7,0.0,18.49,19.17
10-12-2018 18:30,6827,13.19,0.962,0.0,0.028,-0.65,27.84,24.87,24.84,-22.52,96.3,46.86,37.6,25.91,0.0,3.068,3.947
10-12-2018 19:00,6828,13.16,0.006,-0.171,-0.054,-0.6,26.86,24.62,24.6,-32.7,96.7,44.09,35.38,26.56,0.0,1.908,2.568
10-12-2018 19:30,6829,13.08,0.007,-0.175,-0.039,-0.384,26.48,24.49,24.43,-35.53,97.2,43.08,34.53,29.59,0.0,1.623,2.038
10-12-2018 20:00,6830,13.11,0.005,-0.201,-0.029,-0.451,25.76,24.46,24.36,-38.59,97.1,42.41,33.97,27.77,0.0,1.756,2.486
10-12-2018 20:30,6831,13.11,0.003,-0.223,-0.02,-0.73,25.33,24.44,24.33,-38.72,97.1,42.08,33.71,25.87,0.0,1.711,2.152
10-12-2018 21:00,6832,13.1,0.011,-0.245,-0.024,-0.672,25.15,24.41,24.33,-38.84,97.3,41.89,33.57,25.16,0.0,1.568,2.172
10-12-2018 21:30,6833,13.08,0.014,-0.259,-0.025,-0.275,24.99,24.34,24.28,-38.68,97.4,41.85,33.54,25.31,0.0,1.797,2.337
10-12-2018 22:00,6834,13.08,0.014,-0.302,-0.022,-0.078,24.91,24.29,24.27,-32.88,97.5,41.98,33.64,24.5,0.0,1.619,2.462
10-12-2018 22:30,6835,13.07,0.013,-0.303,-0.029,-0.068,24.9,24.17,24.13,1.74,97.5,42.3,33.86,25.53,0.0,1.707,2.497
10-12-2018 23:00,6836,13.07,0.008,-0.316,-0.023,-0.096,24.84,24.12,24.05,16.54,97,42.19,33.78,26.55,0.0,1.64,2.184
10-12-2018 23:30,6837,13.07,0.001,-0.329,-0.018,-0.045,24.88,24.16,24.06,20.94,96.3,42.01,33.64,27.1,0.0,1.791,2.351
11-12-2018 00:00,6838,13.07,0.005,-0.34,-0.019,-0.042,24.94,24.14,24.04,21.12,96.1,42.01,33.66,26.58,0.0,1.462,2.126
11-12-2018 00:30,6839,13.07,0.009,-0.332,-0.013,0.056,24.8,24.08,24.0,21.16,97.1,41.93,33.59,26.56,0.0,1.636,2.261
11-12-2018 01:00,6840,13.06,0.006,-0.34,-0.013,0.087,24.82,24.1,24.0,21.49,97.3,41.96,33.6,26.37,0.0,1.492,2.147
11-12-2018 01:30,6841,13.06,0.007,-0.356,-0.012,-0.142,24.87,24.15,24.05,21.61,97.3,41.99,33.59,25.07,0.0,1.511,2.116
11-12-2018 02:00,6842,13.04,0.013,-0.375,-0.026,-0.401,24.72,24.1,24.01,21.62,97.4,41.9,33.51,25.95,0.0,2.018,2.788
11-12-2018 02:30,6843,13.03,0.013,-0.352,-0.023,-0.227,24.75,24.04,23.93,21.62,97.5,41.64,33.29,27.08,0.0,1.592,2.422
11-12-2018 03:00,6844,13.07,0.019,-0.365,-0.029,-0.006,24.66,23.98,23.92,21.59,97.5,41.6,33.28,26.41,0.0,1.906,2.494
11-12-2018 03:30,6845,13.04,0.022,-0.361,-0.036,0.097,24.5,23.86,23.79,21.56,97.7,41.4,33.1,26.09,0.0,1.634,2.522
11-12-2018 04:00,6846,13.04,0.025,-0.361,-0.037,0.076,24.32,23.77,23.72,22.77,97.7,41.31,33.07,26.1,0.0,1.83,2.806
11-12-2018 04:30,6847,12.96,0.023,-0.365,-0.02,0.114,24.3,23.7,23.63,22.66,97.5,41.22,33.02,25.11,0.0,1.467,2.041
11-12-2018 05:00,6848,12.97,0.023,-0.373,-0.031,0.043,24.3,23.73,23.65,22.66,97.3,41.2,32.98,27.41,0.0,1.519,2.506
11-12-2018 05:30,6849,13.02,0.03,-0.369,-0.02,0.118,24.3,23.73,23.63,22.69,97,41.28,33.09,27.83,0.0,1.393,2.459
11-12-2018 06:00,6850,13.03,4.687,0.47,0.485,0.282,24.3,23.77,23.7,22.72,96.9,41.25,33.02,28.28,0.0,5.36,5.964
11-12-2018 06:30,6851,13.11,20.0,3.147,2.336,0.85,24.34,23.83,23.73,22.73,97,41.7,33.41,30.56,0.0,16.51,17.63
11-12-2018 07:00,6852,13.31,110.5,18.25,11.63,3.119,24.6,24.11,23.93,22.84,96.9,42.85,34.24,28.67,0.0,84.2,88.6
11-12-2018 07:30,6853,14.33,66.11,11.24,9.07,2.798,24.72,24.3,24.14,23.03,96.5,42.28,33.73,28.97,0.0,52.05,54.02
11-12-2018 08:00,6854,14.55,124.2,22.46,17.8,4.881,24.8,24.47,24.34,23.24,96.2,42.02,33.58,28.62,0.0,98.1,101.6
11-12-2018 08:30,6855,14.61,126.2,21.19,18.27,4.906,24.51,24.28,24.22,23.17,95.6,44.11,35.28,28.7,2.54,89.7,93.4
11-12-2018 09:00,6856,13.74,273.7,42.52,36.24,8.57,24.65,24.29,24.15,23.11,94.6,44.27,35.41,30.52,0.254,202.5,209.7
11-12-2018 09:30,6857,13.8,483.1,85.1,59.69,13.74,25.32,24.86,24.47,23.23,92.3,49.84,39.62,28.47,0.0,356.2,377.1
11-12-2018 10:00,6858,13.77,434.7,69.19,56.78,13.43,25.91,25.41,24.89,23.48,89,55.74,44.12,27.97,0.0,341.6,352.6
11-12-2018 10:30,6859,13.78,659.8,125.9,80.1,19.5,26.69,26.03,25.43,23.73,86.4,60.63,48.11,27.5,0.0,493.3,530.7
11-12-2018 11:00,6860,13.78,723.7,129.6,98.2,23.94,29.04,26.96,26.19,2.075,83.9,64.57,51.24,28.69,0.0,580.4,690.3
11-12-2018 11:30,6861,13.77,418.4,64.28,58.19,15.36,28.31,27.3,26.52,-32.95,82.1,65.3,51.91,26.07,0.254,334.3,386.1
11-12-2018 12:00,6862,13.77,260.0,58.32,35.45,8.63,26.51,26.07,25.7,-31.16,93.3,52.35,41.89,25.32,1.778,185.4,241.9
11-12-2018 12:30,6863,13.77,351.5,73.89,43.7,10.4,26.8,26.13,25.71,-31.35,94,48.23,38.4,25.31,6.858,209.6,269.0
11-12-2018 13:00,6864,13.77,918.0,289.7,304.0,23.12,27.33,26.94,26.5,-35.93,90.7,55.13,43.77,27.18,0.0,493.6,839.0
11-12-2018 13:30,6865,13.76,293.6,112.9,70.81,9.75,27.08,26.64,26.19,-35.73,89,58.17,46.48,27.76,0.0,224.8,279.0
11-12-2018 14:00,6866,13.77,356.7,247.9,60.43,9.94,26.2,25.82,25.49,-35.66,93,52.04,41.76,26.15,0.762,229.2,299.2
11-12-2018 14:30,6867,13.74,724.9,432.9,71.68,13.51,27.59,26.87,26.03,-36.55,88.7,60.52,48.53,27.5,0.0,327.9,518.0
11-12-2018 15:00,6868,13.77,457.9,101.7,48.64,10.4,27.75,27.29,26.41,-35.22,88.2,63.03,50.09,28.07,0.0,270.9,334.5
11-12-2018 15:30,6869,13.77,545.9,272.8,89.6,7.148,28.21,27.82,26.56,-33.68,86.1,65.27,51.81,30.23,0.0,235.7,388.9
11-12-2018 16:00,6870,13.77,434.4,125.0,79.12,7.344,28.75,28.46,26.9,-19.05,83.8,66.76,52.81,31.3,0.0,220.3,328.5
11-12-2018 16:30,6871,13.25,37.69,7.723,5.578,1.229,26.71,26.34,26.07,-12.37,93.5,54.61,43.57,30.92,5.842,37.63,40.8
11-12-2018 17:00,6872,13.08,11.98,2.438,1.514,0.363,25.89,25.06,25.04,-13.53,96.8,45.2,36.08,29.92,7.366,9.96,11.16
11-12-2018 17:30,6873,13.03,5.602,0.963,0.589,0.159,27.32,24.71,24.72,-24.99,99.3,42.53,33.92,28.81,0.508,6.091,6.807
11-12-2018 18:00,6874,12.95,2.195,0.073,0.212,0.064,25.92,24.25,24.21,-29.6,97.6,41.78,33.38,28.49,0.508,3.504,4.284
11-12-2018 18:30,6875,12.96,0.206,-0.384,-0.033,-0.018,25.11,24.08,24.04,-24.83,96.9,41.46,33.12,28.12,0.0,1.646,2.494
11-12-2018 19:00,6876,12.93,0.057,-0.416,-0.04,-0.019,24.96,24.01,23.96,-32.19,97.4,41.46,33.15,28.53,0.0,1.464,2.27
11-12-2018 19:30,6877,12.91,0.054,-0.425,-0.04,-0.016,24.86,23.91,23.9,-38.36,97.6,41.44,33.16,25.74,0.0,1.773,2.402
11-12-2018 20:00,6878,12.9,0.055,-0.43,-0.038,0.081,24.77,23.91,23.88,-38.7,97.9,41.49,33.22,27.23,0.0,1.701,2.406
11-12-2018 20:30,6879,12.91,0.055,-0.492,-0.045,0.025,24.73,23.91,23.88,-38.75,97.8,41.46,33.23,26.89,0.0,1.599,2.266
11-12-2018 21:00,6880,12.88,0.06,-0.5,-0.043,-0.119,24.66,23.94,23.86,-38.82,97.9,41.41,33.18,27.12,0.0,1.608,2.177
11-12-2018 21:30,6881,12.9,0.058,-0.507,-0.043,-0.082,24.75,23.85,23.79,-38.81,97.4,41.0,32.89,28.42,0.0,1.64,2.339
11-12-2018 22:00,6882,12.88,0.061,-0.497,-0.05,-0.106,24.66,23.85,23.8,-38.78,97.3,40.69,32.59,29.15,0.0,2.024,2.675
11-12-2018 22:30,6883,12.88,0.06,-0.494,-0.051,-0.536,24.56,23.85,23.77,-38.7,97.8,40.64,32.56,28.13,0.0,1.722,2.259
11-12-2018 23:00,6884,12.88,0.056,-0.513,-0.058,-0.358,24.51,23.79,23.73,-38.65,97.8,40.74,32.65,27.45,0.0,1.873,2.654
11-12-2018 23:30,6885,12.87,0.054,-0.506,-0.047,-0.264,24.48,23.75,23.69,-38.52,97.9,40.88,32.78,27.61,0.0,1.683,2.31
12-12-2018 00:00,6886,12.87,0.058,-0.477,-0.05,-0.503,24.34,23.66,23.6,-37.61,97.8,40.68,32.65,30.82,0.0,1.752,2.337
12-12-2018 00:30,6887,12.88,0.057,-0.469,-0.033,-0.433,24.34,23.64,23.56,-38.35,97.8,40.68,32.66,28.41,0.0,1.517,2.174
12-12-2018 01:00,6888,12.88,0.061,-0.474,-0.03,-0.331,24.44,23.6,23.54,-38.33,96.6,40.74,32.7,29.93,0.0,1.491,2.462
12-12-2018 01:30,6889,12.88,0.057,-0.492,-0.027,-0.195,24.48,23.59,23.53,-38.09,95.6,40.67,32.63,28.26,0.0,1.731,2.539
12-12-2018 02:00,6890,12.88,0.063,-0.5,-0.023,-0.082,24.28,23.56,23.48,-36.26,96.7,40.78,32.72,27.45,0.0,1.569,2.161
12-12-2018 02:30,6891,12.88,0.066,-0.513,-0.026,-0.017,24.27,23.59,23.5,-36.31,96.9,40.99,32.89,26.59,0.0,1.535,2.617
12-12-2018 03:00,6892,12.87,0.062,-0.537,-0.014,0.05,24.2,23.59,23.52,-33.31,96.7,41.05,32.93,27.14,0.0,1.817,2.537
12-12-2018 03:30,6893,12.88,0.068,-0.554,-0.019,0.241,24.05,23.59,23.52,-33.74,97.5,41.15,33.0,25.39,0.0,1.579,2.221
12-12-2018 04:00,6894,12.88,0.071,-0.559,-0.021,0.242,24.04,23.6,23.53,-34.48,97.7,41.13,33.0,25.76,0.0,1.518,2.329
12-12-2018 04:30,6895,12.85,0.073,-0.553,-0.028,0.209,24.07,23.59,23.53,-33.52,97.8,41.22,33.1,24.99,0.0,1.357,2.072
12-12-2018 05:00,6896,12.84,0.063,-0.561,-0.017,0.175,24.04,23.59,23.5,-33.4,97.8,41.05,32.97,23.59,0.0,1.546,2.545
12-12-2018 05:30,6897,12.85,0.073,-0.55,-0.007,0.034,24.07,23.6,23.54,-33.2,97.8,40.94,32.92,24.83,0.0,1.489,2.045
12-12-2018 06:00,6898,12.86,1.591,-0.232,0.202,0.089,24.12,23.69,23.64,-34.1,97.8,41.0,32.91,24.59,0.0,2.675,3.29
12-12-2018 06:30,6899,12.88,29.75,5.539,4.247,1.025,24.14,23.72,23.65,-33.79,97.7,41.09,32.99,24.53,0.0,25.77,27.58
12-12-2018 07:00,6900,13.21,116.0,23.6,14.23,3.207,24.32,23.91,23.79,-33.18,97.6,41.28,33.07,24.56,0.0,94.7,99.5
12-12-2018 07:30,6901,13.76,201.0,39.59,23.48,5.063,24.67,24.25,24.06,-34.98,96.8,41.29,32.97,24.58,0.0,162.8,168.2
12-12-2018 08:00,6902,14.34,210.3,44.22,28.19,6.043,25.08,24.47,24.29,-34.72,95.4,42.14,33.4,24.18,0.254,170.3,175.7
12-12-2018 08:30,6903,14.4,238.2,47.8,33.57,7.27,25.42,24.75,24.47,-28.91,93.7,43.98,34.79,24.13,0.0,187.7,195.8
12-12-2018 09:00,6904,14.4,274.5,53.26,37.87,8.4,25.71,25.02,24.57,-28.2,92.3,47.1,37.18,24.11,0.0,218.1,226.2
12-12-2018 09:30,6905,13.76,366.6,73.12,48.91,10.51,26.02,25.39,24.8,-28.64,90.6,50.81,40.1,25.94,0.0,295.8,304.5
12-12-2018 10:00,6906,13.78,447.9,97.1,58.32,12.21,26.83,25.87,25.22,-24.03,88.6,55.5,43.82,25.86,0.0,352.3,366.2
12-12-2018 10:30,6907,13.78,606.3,120.0,79.86,20.87,28.8,26.71,26.0,-26.21,86.7,59.96,47.21,27.48,0.0,486.3,503.6
12-12-2018 11:00,6908,13.76,577.0,113.8,79.67,15.9,28.42,27.07,26.34,-29.77,82.7,61.87,48.82,27.89,0.0,464.3,485.3
12-12-2018 11:30,6909,13.77,652.8,132.0,102.4,15.9,28.8,27.62,26.82,-33.48,80.2,64.32,50.69,29.3,0.0,533.6,612.8
12-12-2018 12:00,6910,13.5,536.1,88.1,93.0,9.21,28.86,27.99,27.25,-15.97,77.61,67.73,55.27,30.19,0.0,422.0,539.1
12-12-2018 12:30,6911,13.43,876.0,104.9,111.2,13.86,29.49,28.76,27.89,19.85,74.96,70.22,56.89,33.71,0.0,548.1,793.5
12-12-2018 13:00,6912,13.42,930.0,132.9,283.7,6.883,30.41,29.68,28.81,15.25,71.14,70.96,57.31,49.37,0.0,382.3,877.0
12-12-2018 13:30,6913,13.44,626.7,194.7,311.2,13.09,30.64,29.71,28.87,-7.642,71.12,70.8,57.09,8.74,0.0,523.1,689.5
12-12-2018 14:00,6914,13.41,471.3,244.9,270.9,5.912,30.66,29.88,29.23,11.07,71.09,71.54,57.54,8.48,0.0,286.1,587.0
12-12-2018 14:30,6915,13.38,983.0,153.8,38.46,4.699,31,30.31,29.54,20.4,66.97,73.41,59.01,57.9,0.0,184.7,652.1
12-12-2018 15:00,6916,13.35,726.1,214.7,37.68,5.863,30.74,30.13,29.13,24.29,64.04,73.45,59.05,91.6,0.0,201.4,513.5
12-12-2018 15:30,6917,13.38,727.9,250.1,104.6,4.84,31.16,30.78,28.99,24.18,65.48,74.38,59.82,93.1,0.0,151.9,500.3
12-12-2018 16:00,6918,13.35,491.7,209.3,70.3,4.331,30.98,30.69,29.42,24.25,66,74.07,59.53,91.2,0.0,183.3,363.1
12-12-2018 16:30,6919,13.38,307.8,60.99,13.55,2.22,30.68,30.04,28.78,23.98,67.2,73.31,58.83,92.1,0.0,91.6,199.2
12-12-2018 17:00,6920,13.36,304.4,74.3,10.0,1.587,30.71,29.42,28.3,23.65,65.51,73.23,58.77,91.6,0.0,53.24,171.3
12-12-2018 17:30,6921,13.3,166.7,13.88,8.89,1.05,30.51,29.21,28.24,23.58,66.79,72.18,57.95,92.1,0.0,63.65,94.8
12-12-2018 18:00,6922,12.65,29.3,4.713,2.461,-0.267,29.33,28.41,27.82,23.61,72.59,68.21,54.77,91.1,0.0,25.17,26.85
12-12-2018 18:30,6923,12.56,0.977,0.163,0.043,-0.315,28.26,27.34,26.95,23.67,76.79,64.64,51.87,92.2,0.0,3.955,4.503
12-12-2018 19:00,6924,12.49,-0.076,0.028,-0.069,0.306,26.97,26.49,26.16,23.36,82.9,61.85,49.64,93.5,0.0,3.363,3.943
12-12-2018 19:30,6925,12.52,-0.071,0.041,-0.064,0.381,26.64,25.82,25.56,13.2,84.5,59.71,47.96,93.8,0.0,2.09,2.758
12-12-2018 20:00,6926,12.53,-0.068,0.05,-0.061,0.303,26.32,25.25,25.13,-1.03,87,56.8,45.58,94.8,0.0,2.022,2.641
12-12-2018 20:30,6927,12.53,-0.074,0.057,-0.066,-0.042,25.86,25.15,24.95,-13.42,90.1,54.34,43.58,95.4,0.0,2.2,2.654
12-12-2018 21:00,6928,12.49,-0.064,0.044,-0.069,0.031,25.39,24.76,24.69,-16.07,92.2,49.82,39.94,96.4,0.0,2.012,2.732
12-12-2018 21:30,6929,12.47,-0.059,0.04,-0.07,-0.13,25.01,24.6,24.52,-15.12,93.7,47.75,38.23,96.5,0.0,1.709,2.659
12-12-2018 22:00,6930,12.44,-0.06,0.045,-0.072,0.089,24.8,24.52,24.37,-3.987,94.5,46.4,37.11,97.3,0.0,1.704,2.491
12-12-2018 22:30,6931,12.4,-0.059,0.046,-0.066,-0.535,24.77,24.42,24.27,17.62,94.6,45.6,36.41,97.3,0.0,1.634,2.266
12-12-2018 23:00,6932,12.4,-0.052,0.051,-0.062,-0.745,24.63,24.26,24.16,3.887,95.3,44.32,35.45,97.4,0.0,1.654,2.564
12-12-2018 23:30,6933,12.33,-0.061,0.046,-0.066,-0.649,24.53,24.13,24.08,14.7,95.7,43.94,35.15,97.5,0.0,1.649,2.247
13-12-2018 00:00,6934,12.34,-0.047,0.047,-0.051,-0.608,24.36,24.15,24.04,3.004,96.1,43.42,34.67,97.8,0.0,1.562,2.197
13-12-2018 00:30,6935,12.33,-0.043,0.03,-0.064,-0.653,24.21,24.13,24.07,-15.6,96.7,42.85,34.25,98.1,0.0,1.798,2.461
13-12-2018 01:00,6936,12.37,-0.053,0.025,-0.066,-0.545,24.1,24.1,24.01,-2.323,97.2,42.82,34.28,98.0,0.0,1.573,2.302
13-12-2018 01:30,6937,12.37,-0.042,0.013,-0.071,-0.593,24.13,24.13,24.03,-11.31,97.2,42.26,33.77,98.2,0.0,1.692,2.543
13-12-2018 02:00,6938,12.37,-0.032,0.006,-0.07,-0.204,24.03,24.06,23.98,-7.135,97.4,42.29,33.81,98.2,0.0,1.866,2.503
13-12-2018 02:30,6939,12.37,-0.023,0.008,-0.07,-0.011,24,23.93,23.83,-3.359,97.6,42.34,33.84,98.4,0.0,1.683,2.303
13-12-2018 03:00,6940,12.4,-0.017,0.02,-0.065,0.107,23.94,23.88,23.77,5.021,97.7,42.69,34.13,98.7,0.0,2.018,2.542
13-12-2018 03:30,6941,12.37,-0.023,0.008,-0.07,0.216,23.94,23.78,23.64,7.295,97.9,43.04,34.38,98.7,0.0,1.831,2.559
13-12-2018 04:00,6942,12.36,-0.024,-0.042,-0.062,0.152,23.9,23.73,23.61,-4.371,98,42.84,34.26,98.7,0.0,1.677,2.526
13-12-2018 04:30,6943,12.37,-0.017,-0.048,-0.061,0.088,23.88,23.62,23.51,-11.39,98,42.66,34.19,98.8,0.0,1.608,2.426
13-12-2018 05:00,6944,12.34,-0.029,-0.055,-0.061,0.209,23.84,23.56,23.45,4.973,98.1,42.94,34.35,99.0,0.0,1.497,2.288
13-12-2018 05:30,6945,12.34,-0.015,-0.082,-0.053,0.615,23.78,23.53,23.42,2.281,98.1,42.6,34.04,99.0,0.0,1.664,2.414
13-12-2018 06:00,6946,12.33,4.21,0.59,0.462,0.633,23.72,23.51,23.39,7.179,98.1,42.6,34.07,98.9,0.0,4.18,5.013
13-12-2018 06:30,6947,12.37,28.01,4.397,3.429,1.133,23.72,23.5,23.37,-18.12,98.1,42.21,33.83,99.0,0.0,17.31,18.64
13-12-2018 07:00,6948,12.49,118.5,18.37,11.79,2.45,23.87,23.59,23.45,-28.21,98.1,42.24,33.79,99.1,0.0,90.5,94.2
13-12-2018 07:30,6949,13.13,209.0,31.81,18.96,3.697,24.1,23.84,23.65,-37.66,98.1,42.55,34.05,99.1,0.0,154.4,162.8
13-12-2018 08:00,6950,13.2,134.0,21.78,17.95,3.912,24.28,24.06,23.86,-36.66,98.1,43.59,34.92,99.1,0.0,104.0,107.7
13-12-2018 08:30,6951,13.44,253.5,40.33,34.74,7.089,24.7,24.43,24.15,-33.59,98,47.6,38.15,98.9,0.0,194.8,201.2
13-12-2018 09:00,6952,13.92,350.3,53.93,48.62,9.67,25.11,25.25,24.69,-25.92,97.9,56.98,45.71,98.7,0.0,264.6,274.3
13-12-2018 09:30,6953,14.01,354.0,54.18,50.58,10.35,25.58,25.98,25.42,-15.45,96.1,61.91,49.7,98.2,0.0,265.8,275.5
13-12-2018 10:00,6954,14.0,591.0,87.2,79.1,16.25,27.11,26.71,26.13,-31.18,88.4,65.76,52.69,97.2,0.0,438.6,453.6
13-12-2018 10:30,6955,14.01,548.8,84.5,76.11,15.43,28.6,27.39,26.73,-31.0,84.1,67.73,54.32,96.1,0.0,418.5,438.2
13-12-2018 11:00,6956,13.34,715.0,108.8,98.5,20.15,29.1,27.93,27.2,-28.0,79.76,68.24,54.76,94.6,0.0,557.9,674.4
13-12-2018 11:30,6957,13.34,636.2,90.3,98.2,32.08,29.18,28.47,27.9,-13.44,75.54,69.11,55.79,90.2,0.0,507.1,646.9
13-12-2018 12:00,6958,13.37,601.6,87.2,89.3,23.23,29.46,28.54,27.75,-8.65,74.16,69.85,56.25,92.2,0.0,445.4,674.9
13-12-2018 12:30,6959,13.35,811.0,81.9,102.1,23.44,30.21,29.6,28.88,-17.15,67.67,71.49,57.87,90.1,0.0,420.8,786.1
13-12-2018 13:00,6960,13.34,864.0,64.85,154.2,16.06,30.73,30.2,29.58,-7.386,67.74,72.38,58.68,85.3,0.0,329.0,754.6
13-12-2018 13:30,6961,13.31,237.1,34.29,34.88,9.13,27.57,26.84,26.66,-9.59,83.1,61.17,50.12,93.6,9.91,176.7,188.3
13-12-2018 14:00,6962,13.35,163.8,33.64,23.6,6.202,26.39,24.42,24.33,-22.19,94,46.14,37.16,99.0,7.112,104.3,109.5
13-12-2018 14:30,6963,13.04,68.18,12.52,9.32,3.096,25.98,24.49,24.4,-16.12,96,44.99,36.02,99.1,9.4,47.16,50.14
13-12-2018 15:00,6964,12.91,41.43,9.22,5.779,2.272,25.92,24.16,24.11,-23.26,97.7,41.44,33.1,99.1,9.91,26.65,27.72
13-12-2018 15:30,6965,12.9,33.7,7.088,4.31,1.896,25.15,23.74,23.72,-20.73,95.9,40.64,32.42,98.9,11.18,24.29,26.04
13-12-2018 16:00,6966,13.43,44.91,7.366,4.951,1.89,24.38,23.41,23.26,-37.34,95.7,41.2,32.92,99.1,0.762,32.19,33.36
13-12-2018 16:30,6967,13.42,68.69,10.73,8.74,2.756,24.41,23.63,23.46,-36.22,96.6,41.61,33.18,99.1,0.508,49.7,52.28
13-12-2018 17:00,6968,13.31,57.53,9.75,6.794,2.145,24.49,23.72,23.57,-35.82,97.3,41.58,33.07,99.1,0.254,45.11,46.76
13-12-2018 17:30,6969,13.16,49.8,8.9,6.245,1.942,24.52,23.81,23.64,-36.29,96.9,41.24,32.82,99.1,0.0,40.67,41.77
13-12-2018 18:00,6970,12.71,19.16,2.916,2.344,1.211,24.68,23.88,23.7,-34.79,97.2,41.1,32.73,99.1,0.0,17.28,18.14
13-12-2018 18:30,6971,12.6,0.796,-0.126,0.018,0.593,24.56,23.78,23.64,-34.98,97.6,40.93,32.6,99.1,0.0,2.421,3.229
13-12-2018 19:00,6972,12.57,0.003,-0.271,-0.077,0.535,24.52,23.67,23.54,-36.4,97.7,40.76,32.45,99.1,0.0,1.81,2.394
13-12-2018 19:30,6973,12.53,0.004,-0.267,-0.08,0.473,24.56,23.57,23.4,-33.47,97.9,40.96,32.59,99.0,0.0,1.61,2.36
13-12-2018 20:00,6974,12.53,0.007,-0.274,-0.078,0.42,24.45,23.62,23.44,-33.15,98,41.07,32.69,99.1,0.0,1.859,2.336
13-12-2018 20:30,6975,12.54,0.012,-0.287,-0.082,0.677,24.51,23.6,23.42,-34.13,98,40.97,32.63,99.1,0.0,1.757,2.442
13-12-2018 21:00,6976,12.54,0.013,-0.282,-0.077,1.002,24.24,23.52,23.35,-34.6,98.1,40.9,32.59,99.1,0.0,1.884,2.56
13-12-2018 21:30,6977,12.53,0.013,-0.292,-0.067,0.662,24.42,23.5,23.36,-35.59,98.2,40.79,32.47,99.1,0.0,1.346,2.112
13-12-2018 22:00,6978,12.52,0.018,-0.298,-0.068,0.565,24.4,23.58,23.41,-35.51,98.3,40.92,32.58,99.1,0.0,1.638,2.295
13-12-2018 22:30,6979,12.52,0.01,-0.325,-0.071,0.446,24.35,23.61,23.44,-35.52,98.2,41.02,32.67,99.1,0.0,1.697,2.377
13-12-2018 23:00,6980,12.48,0.017,-0.36,-0.066,0.426,24.72,23.88,23.68,-35.41,98.3,36.99,29.31,99.1,20.83,1.715,2.177
13-12-2018 23:30,6981,12.49,0.009,-0.446,-0.069,0.406,24.75,23.95,23.77,-34.67,98.3,35.63,28.09,99.1,1.27,1.692,2.458
14-12-2018 00:00,6982,12.49,0.005,-0.469,-0.093,0.546,24.68,23.9,23.73,-35.62,98.2,35.59,28.09,99.1,0.762,1.661,2.579
14-12-2018 00:30,6983,12.47,0.013,-0.495,-0.133,0.588,24.45,23.84,23.68,-35.54,98.2,35.27,27.84,99.1,1.524,1.892,2.737
14-12-2018 01:00,6984,12.48,0.014,-0.496,-0.168,0.616,24.45,23.79,23.61,-35.09,98.2,35.25,27.81,99.1,2.286,1.47,2.224
14-12-2018 01:30,6985,12.45,0.018,-0.505,-0.183,0.619,24.56,23.73,23.57,-35.01,98.2,35.33,27.86,99.1,1.778,1.62,2.364
14-12-2018 02:00,6986,12.44,0.013,-0.507,-0.186,0.547,24.54,23.78,23.61,-35.31,98.2,35.57,28.09,99.1,0.254,1.789,2.529
14-12-2018 02:30,6987,12.45,0.025,-0.516,-0.189,0.404,24.49,23.78,23.62,-35.73,98.2,35.67,28.12,99.1,0.0,1.699,2.547
14-12-2018 03:00,6988,12.39,0.021,-0.507,-0.205,0.337,24.42,23.71,23.53,-35.62,98.2,35.89,28.36,99.1,0.254,1.623,2.465
14-12-2018 03:30,6989,12.41,0.019,-0.5,-0.199,0.376,24.36,23.58,23.42,-35.04,98.2,36.19,28.62,99.0,0.0,1.97,2.659
14-12-2018 04:00,6990,12.41,0.023,-0.502,-0.185,0.28,24.3,23.56,23.38,-33.38,98.1,36.49,28.84,99.0,0.0,1.617,2.457
14-12-2018 04:30,6991,12.4,0.029,-0.507,-0.174,0.662,24.38,23.62,23.46,-33.93,98.1,36.68,28.98,99.1,0.508,1.475,2.24
14-12-2018 05:00,6992,12.37,0.055,-0.5,-0.16,0.509,23.89,23.26,23.28,-32.92,97.4,35.77,28.3,99.1,14.48,2.491,3.237
14-12-2018 05:30,6993,12.36,0.086,-0.505,-0.162,0.359,23.36,22.75,22.88,-33.29,97.6,35.1,27.76,99.1,14.48,1.881,2.619
14-12-2018 06:00,6994,12.33,0.523,-0.384,-0.093,0.298,23.41,22.69,22.79,-38.97,98,35.22,27.83,99.1,5.588,1.985,2.729
14-12-2018 06:30,6995,12.21,5.305,1.014,0.485,0.337,23.42,22.73,22.82,-38.98,98.1,35.51,28.09,99.1,2.032,4.369,5.1
14-12-2018 07:00,6996,12.21,10.41,1.926,1.257,0.388,23.43,22.79,22.87,-38.97,98.1,35.71,28.28,99.1,1.27,7.164,7.911
14-12-2018 07:30,6997,12.33,23.0,4.364,3.024,0.714,23.49,22.83,22.88,-38.96,98.2,36.03,28.52,99.1,0.508,14.64,15.59
14-12-2018 08:00,6998,12.4,39.43,7.475,5.446,1.145,23.58,22.93,22.95,-38.93,98.2,36.48,28.82,99.1,1.778,25.42,26.87
14-12-2018 08:30,6999,12.54,60.73,11.64,8.64,1.77,23.75,23.08,23.09,-38.94,97.9,36.4,28.76,99.1,1.524,39.36,40.94
14-12-2018 09:00,7000,12.85,81.5,15.28,11.22,2.451,23.88,23.23,23.25,-38.93,97.5,36.83,29.07,99.1,1.778,54.39,56.6
14-12-2018 09:30,7001,13.06,128.6,23.04,17.87,4.245,24.07,23.43,23.43,-38.9,97.4,37.32,29.45,99.1,0.762,88.9,91.8
14-12-2018 10:00,7002,12.98,172.5,28.71,24.51,5.496,24.29,23.61,23.61,-38.85,96.6,37.86,29.88,99.1,0.0,119.9,124.7
14-12-2018 10:30,7003,13.2,205.0,35.23,29.7,6.423,24.54,23.88,23.82,-38.84,96.5,38.5,30.39,99.1,0.254,144.5,149.7
14-12-2018 11:00,7004,13.71,251.3,44.43,38.24,8.18,24.76,24.13,24.05,-38.72,96.1,39.6,31.2,99.1,0.254,178.1,184.6
14-12-2018 11:30,7005,13.74,304.8,51.78,46.4,9.86,24.87,24.2,24.06,-38.74,95.6,40.54,32.1,99.1,0.254,218.2,227.5
14-12-2018 12:00,7006,13.82,451.7,73.16,66.86,14.05,25.25,24.55,24.27,-38.59,94.3,41.56,32.71,99.1,0.0,329.6,344.3
14-12-2018 12:30,7007,13.99,501.1,81.3,69.72,14.07,26.12,24.92,24.47,-36.54,91.9,45.4,35.62,99.1,0.0,372.4,392.5
14-12-2018 13:00,7008,13.31,547.3,91.8,95.3,15.68,26.9,25.28,24.8,-35.15,88.5,49.22,38.76,99.1,0.0,415.7,450.9
14-12-2018 13:30,7009,13.34,504.0,88.3,121.5,14.94,27.4,25.74,25.1,-36.13,87.1,53.9,42.58,99.1,0.0,386.9,432.7
14-12-2018 14:00,7010,13.31,456.2,76.57,81.5,13.39,27.21,25.87,25.26,-36.25,85.7,55.19,43.79,99.0,0.0,349.3,358.4
14-12-2018 14:30,7011,13.18,334.9,46.99,49.89,10.1,27.25,25.95,25.29,-36.75,85.8,55.63,44.2,99.0,0.0,249.9,255.2
14-12-2018 15:00,7012,13.12,230.3,32.66,33.47,7.027,26.98,25.71,25.25,-35.95,88.4,52.52,41.7,99.1,0.0,171.5,178.2
14-12-2018 15:30,7013,13.12,273.1,40.75,38.15,7.501,27.02,25.79,25.33,-35.84,89.4,52.96,41.96,99.1,0.0,204.3,209.1
14-12-2018 16:00,7014,13.25,314.3,58.39,41.6,8.03,27.17,25.98,25.42,-35.26,89.2,53.45,42.36,99.1,0.0,223.3,236.5
14-12-2018 16:30,7015,13.32,330.5,59.54,33.11,5.809,28.12,26.44,25.73,-35.63,87.8,57.75,45.69,98.9,0.0,200.7,243.0
14-12-2018 17:00,7016,13.47,137.9,24.06,12.09,1.991,28.06,26.28,25.75,-35.39,88.3,54.35,43.02,99.1,0.0,89.6,105.0
14-12-2018 17:30,7017,13.36,86.5,8.77,5.231,0.816,27.77,25.89,25.51,-35.84,89.2,49.39,39.13,99.0,0.0,38.0,51.05
14-12-2018 18:00,7018,12.8,24.06,2.913,2.269,0.192,27.41,25.49,25.26,-36.41,90.8,44.08,34.89,98.9,0.0,18.27,19.93
14-12-2018 18:30,7019,12.72,1.482,-0.087,0.1,-0.167,26.88,25.03,24.96,-36.81,93.7,41.28,32.65,98.8,0.0,3.665,4.049
14-12-2018 19:00,7020,12.71,-0.06,-0.307,-0.078,-0.159,26.85,24.74,24.79,-37.06,91.8,40.54,32.04,98.8,0.0,1.924,2.456
14-12-2018 19:30,7021,12.65,-0.058,-0.316,-0.07,-0.268,26.36,24.52,24.62,-37.15,94.8,40.16,31.68,98.8,0.0,2.112,2.73
14-12-2018 20:00,7022,12.65,-0.044,-0.353,-0.07,-0.176,26.07,24.56,24.57,-37.32,97.4,40.35,31.9,99.0,0.0,1.615,2.199
14-12-2018 20:30,7023,12.63,-0.039,-0.381,-0.076,-0.422,26.12,24.54,24.6,-37.34,97.9,40.54,32.08,99.1,0.0,1.982,2.722
14-12-2018 21:00,7024,12.61,-0.035,-0.394,-0.075,-0.387,26.32,24.44,24.48,-37.32,98,40.69,32.16,98.8,0.0,2.064,2.469
14-12-2018 21:30,7025,12.6,-0.045,-0.404,-0.071,-0.352,26.12,24.27,24.35,-37.26,97.4,40.58,32.09,99.1,0.0,1.911,2.704
14-12-2018 22:00,7026,12.59,-0.035,-0.402,-0.064,-0.229,25.81,24.08,24.16,-37.21,96.7,40.16,31.74,99.1,0.0,1.664,2.406
14-12-2018 22:30,7027,12.57,-0.028,-0.412,-0.073,-0.304,25.32,24.07,24.15,-37.19,97.9,40.07,31.66,99.1,0.0,1.379,2.123
14-12-2018 23:00,7028,12.56,-0.03,-0.417,-0.075,-0.239,25.06,23.96,24.07,-37.35,98,39.9,31.6,99.1,0.0,1.943,2.543
14-12-2018 23:30,7029,12.57,-0.032,-0.41,-0.069,-0.208,24.93,23.83,23.91,-36.98,98.2,39.91,31.6,99.1,0.0,1.882,2.62
15-12-2018 00:00,7030,12.54,-0.024,-0.42,-0.07,-0.193,24.82,23.73,23.81,-36.58,98.1,39.94,31.54,99.1,0.0,1.963,2.771
15-12-2018 00:30,7031,12.52,-0.028,-0.408,-0.077,-0.314,24.76,23.66,23.72,-36.69,97.9,39.98,31.6,99.0,0.0,1.864,2.392
15-12-2018 01:00,7032,12.53,-0.025,-0.427,-0.071,-0.495,24.69,23.62,23.67,-36.81,97.9,40.06,31.7,98.9,0.0,1.664,2.096
15-12-2018 01:30,7033,12.47,-0.026,-0.428,-0.072,-0.631,24.67,23.5,23.56,-36.5,98.1,39.89,31.55,99.0,0.0,1.751,2.362
15-12-2018 02:00,7034,12.48,-0.026,-0.443,-0.073,-0.363,24.58,23.47,23.53,-37.02,98.2,39.88,31.57,99.0,0.0,2.036,2.659
15-12-2018 02:30,7035,12.49,-0.019,-0.446,-0.072,-0.375,24.43,23.4,23.43,-37.08,98.2,40.67,32.25,98.9,0.0,1.615,2.39
15-12-2018 03:00,7036,12.48,-0.022,-0.437,-0.07,-0.34,24.31,23.37,23.41,-36.94,98.3,41.3,32.73,99.0,0.0,1.648,2.178
15-12-2018 03:30,7037,12.48,-0.012,-0.448,-0.065,-0.271,24.23,23.35,23.39,-36.99,98.4,40.73,32.28,99.1,0.0,1.763,2.538
15-12-2018 04:00,7038,12.47,-0.007,-0.454,-0.067,0.244,24.17,23.33,23.37,-36.99,98.4,40.18,31.86,99.0,0.0,1.668,2.259
15-12-2018 04:30,7039,12.48,-0.004,-0.451,-0.067,0.209,24.17,23.33,23.34,-37.48,98.4,39.93,31.63,98.9,0.0,1.496,2.304
15-12-2018 05:00,7040,12.46,0.003,-0.456,-0.063,0.168,24.16,23.35,23.36,-37.52,98.4,40.02,31.69,99.0,0.0,1.807,2.49
15-12-2018 05:30,7041,12.45,0.009,-0.446,-0.072,0.085,24.1,23.31,23.36,-37.33,98.4,39.72,31.44,99.0,0.0,1.681,2.547
15-12-2018 06:00,7042,12.45,2.272,-0.134,0.263,0.14,23.99,23.28,23.31,-37.37,98.4,40.53,32.16,98.9,0.0,2.775,3.462
15-12-2018 06:30,7043,12.45,11.23,1.028,1.49,0.392,23.99,23.27,23.32,-37.51,98.4,41.02,32.46,98.9,0.0,7.419,8.15
15-12-2018 07:00,7044,12.5,54.45,7.384,7.657,1.49,24.06,23.32,23.34,-37.52,98.4,40.67,32.17,99.0,0.0,44.02,45.38
15-12-2018 07:30,7045,13.08,172.7,25.11,21.16,4.113,24.46,23.71,23.56,-37.52,98.3,41.66,32.8,99.1,0.0,137.0,142.9
15-12-2018 08:00,7046,13.48,192.7,28.92,27.37,5.246,24.74,24.1,24.0,-37.34,97.9,42.19,33.15,99.1,0.0,161.0,165.8
15-12-2018 08:30,7047,13.58,165.0,25.31,22.18,3.874,25.12,24.39,24.23,-37.18,95.7,42.38,33.43,99.1,0.0,131.8,135.8
15-12-2018 09:00,7048,13.89,183.3,25.28,26.56,4.967,25.39,24.61,24.42,-37.12,94.1,42.96,33.9,99.1,0.0,135.5,143.5
15-12-2018 09:30,7049,14.02,245.8,36.37,32.08,5.65,25.66,24.85,24.62,-37.14,91.4,46.35,36.58,99.0,0.0,184.3,193.4
15-12-2018 10:00,7050,14.07,337.6,48.56,47.37,8.85,26.19,25.3,25.0,-36.78,89.2,53.03,41.99,98.9,0.0,259.4,268.5
15-12-2018 10:30,7051,14.09,399.1,57.23,57.46,11.5,26.87,25.72,25.32,-36.43,87,57.42,45.46,98.4,0.0,297.1,310.8
15-12-2018 11:00,7052,13.4,576.6,93.4,86.4,17.39,28.26,26.36,25.86,-30.46,84,61.53,48.8,97.0,0.0,452.3,514.0
15-12-2018 11:30,7053,13.43,738.0,102.3,131.3,23.78,28.61,27.47,26.88,-29.26,78.97,65.36,52.04,96.7,0.0,600.8,825.0
15-12-2018 12:00,7054,13.38,635.4,93.2,120.0,18.11,28.8,28.16,27.59,-17.85,76.57,67.3,53.9,93.6,0.0,505.4,774.0
15-12-2018 12:30,7055,13.4,545.3,81.7,80.9,14.87,27.31,26.59,26.32,-17.63,82.9,64.54,52.19,95.3,0.0,432.9,460.3
15-12-2018 13:00,7056,13.37,722.9,111.7,190.9,19.44,28.15,27.22,26.5,-16.21,78.3,67.69,54.07,94.9,0.0,573.4,676.3
15-12-2018 13:30,7057,13.38,695.2,111.8,265.0,21.5,28.82,28.26,27.52,-16.24,74.04,69.24,55.52,92.4,0.0,596.3,734.3
15-12-2018 14:00,7058,13.35,589.7,128.9,148.3,15.26,28.85,28.25,27.52,-14.96,73.57,69.11,55.54,93.5,0.0,488.9,545.2
15-12-2018 14:30,7059,13.34,840.0,162.3,90.4,12.55,29.47,28.79,27.8,-22.91,72.14,70.6,56.62,93.9,0.0,448.7,635.8
15-12-2018 15:00,7060,13.31,562.4,164.7,54.23,5.967,29.46,29.08,28.06,-36.38,69.97,70.3,56.47,92.1,0.0,315.8,437.6
15-12-2018 15:30,7061,13.31,330.5,81.6,35.1,3.258,29.18,28.35,27.42,-37.43,70.26,69.01,55.28,92.3,0.0,208.9,259.3
15-12-2018 16:00,7062,13.32,290.6,82.1,40.62,3.928,29.08,28.31,27.25,-37.68,71.34,68.82,55.07,93.5,0.0,192.6,228.4
15-12-2018 16:30,7063,13.28,209.6,33.23,27.11,2.739,28.95,28.05,27.13,-37.83,72.32,67.72,54.05,94.0,0.0,158.3,169.8
15-12-2018 17:00,7064,13.27,338.5,85.4,22.43,1.955,29.31,28.27,27.2,-37.9,71.36,70.01,55.91,94.5,0.0,149.3,239.9
15-12-2018 17:30,7065,12.81,38.42,5.911,5.785,-0.359,26.34,26.14,26.02,-37.36,87.5,62.22,50.44,95.1,0.0,42.56,45.59
15-12-2018 18:00,7066,12.74,9.95,1.592,1.336,-1.341,24.76,24.19,24.26,-35.35,91.1,56.01,45.3,93.7,0.0,11.17,12.11
15-12-2018 18:30,7067,12.69,0.783,0.188,0.055,-1.473,24.61,23.79,23.7,-34.43,90.2,50.42,40.45,96.8,0.0,2.035,2.499
15-12-2018 19:00,7068,12.64,-0.051,0.059,-0.069,-1.358,24.57,23.69,23.58,-35.47,90.2,49.04,39.31,97.3,0.0,1.29,1.98
15-12-2018 19:30,7069,12.61,-0.06,0.043,-0.065,-1.339,24.26,23.62,23.54,-34.99,93.5,46.31,36.97,97.8,0.0,2.01,2.733
15-12-2018 20:00,7070,12.61,-0.048,0.024,-0.074,-1.39,24.19,23.65,23.54,-35.42,96.4,44.35,35.45,97.8,0.0,2.019,2.936
15-12-2018 20:30,7071,12.57,-0.044,0.004,-0.078,-1.443,24.31,23.51,23.39,-35.48,95.2,43.79,34.98,97.7,0.0,1.558,2.112
15-12-2018 21:00,7072,12.56,-0.055,-0.02,-0.081,-1.429,24.2,23.36,23.28,-34.47,95.7,42.97,34.31,97.4,0.0,1.853,2.462
15-12-2018 21:30,7073,12.57,-0.053,-0.025,-0.08,-1.42,24.29,23.19,23.14,-34.8,93.6,42.28,33.69,97.6,0.0,1.557,2.141
15-12-2018 22:00,7074,12.56,-0.066,0.0,-0.079,-1.355,24.1,23.02,22.99,-33.77,92.6,42.04,33.56,97.1,0.0,1.698,2.532
15-12-2018 22:30,7075,12.54,-0.062,0.015,-0.082,-1.253,23.77,22.89,22.83,-36.29,92,41.18,32.83,97.3,0.0,1.758,2.17
15-12-2018 23:00,7076,12.56,-0.068,0.003,-0.077,-1.221,23.71,22.72,22.65,-36.36,90.4,40.86,32.6,97.5,0.0,2.035,2.724
15-12-2018 23:30,7077,12.54,-0.063,-0.003,-0.081,-1.121,23.39,22.54,22.47,-37.09,93.4,40.35,32.21,97.9,0.0,2.021,2.794
16-12-2018 00:00,7078,12.49,-0.045,-0.022,-0.081,-1.03,23.15,22.5,22.4,-36.66,97,39.87,31.81,98.1,0.0,1.907,2.789
16-12-2018 00:30,7079,12.48,-0.043,-0.026,-0.087,-0.91,23.21,22.4,22.3,-35.92,97.6,39.57,31.57,97.9,0.0,1.142,1.83
16-12-2018 01:00,7080,12.38,-0.034,-0.036,-0.071,-0.986,23.45,22.31,22.17,-34.87,97.7,39.59,31.56,98.0,0.0,1.396,1.906
16-12-2018 01:30,7081,12.4,-0.024,-0.033,-0.055,-1.019,23.9,22.39,22.21,-36.06,96.9,39.69,31.57,98.1,0.0,1.255,2.005
16-12-2018 02:00,7082,12.42,-0.029,-0.055,-0.062,-1.132,23.89,22.44,22.29,-36.46,96.4,39.79,31.66,98.3,0.0,1.47,2.095
16-12-2018 02:30,7083,12.43,-0.032,-0.057,-0.05,-1.318,24.17,22.59,22.35,-36.89,95.9,39.97,31.79,98.4,0.0,1.655,2.421
16-12-2018 03:00,7084,12.42,-0.054,-0.079,-0.055,-1.303,24.26,22.82,22.48,-36.91,94.7,40.07,31.86,98.5,0.0,2.006,2.696
16-12-2018 03:30,7085,12.4,-0.043,-0.097,-0.053,-1.175,23.69,22.76,22.56,-37.06,96.6,39.77,31.69,98.6,0.0,1.756,2.45
16-12-2018 04:00,7086,12.41,-0.046,-0.105,-0.046,-1.199,23.96,22.87,22.63,-36.49,96,39.67,31.53,98.5,0.0,1.652,2.338
16-12-2018 04:30,7087,12.41,-0.038,-0.123,-0.056,-1.131,23.66,22.91,22.68,-36.73,96.9,39.6,31.52,98.6,0.0,1.629,2.43
16-12-2018 05:00,7088,12.41,-0.04,-0.132,-0.053,-1.056,23.82,22.96,22.68,-37.26,96.6,39.59,31.55,98.5,0.0,1.498,2.272
16-12-2018 05:30,7089,12.38,-0.038,-0.138,-0.055,-0.989,23.68,23.0,22.76,-36.74,96.7,39.58,31.52,98.6,0.0,1.573,2.435
16-12-2018 06:00,7090,12.39,1.936,0.175,0.254,-0.901,23.56,23.02,22.79,-36.35,96.8,39.46,31.44,98.6,0.0,2.647,3.31
16-12-2018 06:30,7091,12.42,27.73,4.28,3.971,-0.14,23.53,23.06,22.82,-36.54,97.1,39.38,31.36,98.7,0.0,24.11,25.42
16-12-2018 07:00,7092,12.77,105.5,17.9,14.48,1.81,23.99,23.38,23.03,-36.52,95.9,39.69,31.51,98.9,0.0,87.1,90.7
16-12-2018 07:30,7093,13.51,212.7,37.14,29.85,4.96,24.74,23.97,23.47,-36.61,94,44.24,35.13,98.8,0.0,179.3,185.9
16-12-2018 08:00,7094,13.94,215.1,34.53,29.01,4.729,26.16,24.75,24.01,-36.98,92.7,51.25,40.79,98.4,0.0,175.8,183.3
16-12-2018 08:30,7095,13.98,341.8,57.2,44.57,7.739,26.75,25.31,24.67,-37.66,91.6,57.81,46.15,98.6,0.0,278.7,289.9
16-12-2018 09:00,7096,14.0,342.9,55.56,48.58,8.28,27.35,26.11,25.41,-36.08,87.9,62.21,49.63,97.6,0.0,280.1,290.3
16-12-2018 09:30,7097,13.98,670.5,161.9,71.69,11.53,28.13,26.78,26.09,-34.99,84.3,65.7,52.41,95.6,0.0,454.7,538.7
16-12-2018 10:00,7098,13.38,940.0,329.0,125.6,12.44,28.88,27.7,26.8,-26.11,76.22,68.16,54.9,95.0,0.0,479.6,759.9
16-12-2018 10:30,7099,13.41,666.5,142.9,83.6,15.56,28.73,28.05,27.18,-33.27,74.24,67.77,54.56,93.8,0.0,493.3,553.9
16-12-2018 11:00,7100,13.38,686.4,128.3,91.5,20.37,28.91,28.39,27.41,-35.29,74.1,69.17,55.34,94.7,0.0,522.4,645.2
16-12-2018 11:30,7101,13.35,639.1,94.1,100.6,24.26,29.15,28.73,27.84,-36.86,72.39,69.77,55.98,93.4,0.0,528.8,651.1
16-12-2018 12:00,7102,13.27,634.1,82.4,104.3,21.92,29.21,28.69,27.86,-37.02,70.56,70.0,56.07,91.4,0.0,503.3,649.6
16-12-2018 12:30,7103,13.27,621.8,83.9,97.7,20.85,29.69,29.08,28.44,-37.49,66.83,70.4,56.54,85.9,0.0,477.6,576.2
16-12-2018 13:00,7104,13.23,398.9,52.58,61.19,13.26,29.42,28.37,27.59,-37.71,70.27,69.31,55.51,89.5,0.0,306.1,319.7
16-12-2018 13:30,7105,13.27,488.7,119.5,546.1,16.54,29.63,28.66,27.76,-37.87,68.76,70.38,56.33,92.1,0.0,395.1,675.7
16-12-2018 14:00,7106,13.24,236.1,244.1,695.8,5.383,31,29.48,28.57,-29.06,64.56,71.77,57.62,89.6,0.0,136.8,673.3
16-12-2018 14:30,7107,13.19,926.0,87.9,39.97,5.286,31.69,30.22,28.82,26.26,61.82,72.89,58.58,89.2,0.0,137.6,617.0
16-12-2018 15:00,7108,13.12,861.0,227.7,34.58,4.372,30.58,31.61,28.8,25.96,60.51,73.83,59.34,89.6,0.0,128.0,576.1
16-12-2018 15:30,7109,13.19,697.9,232.8,92.0,3.838,30.57,30.91,29.18,-5.734,59.83,73.39,59.1,84.4,0.0,144.0,474.4
16-12-2018 16:00,7110,13.11,554.8,204.5,80.6,2.306,30.66,30.97,29.09,-14.63,59.54,73.88,59.65,85.2,0.0,122.4,405.1
16-12-2018 16:30,7111,13.34,413.5,41.09,17.72,1.611,30.39,30.58,28.96,-14.83,61.85,73.72,59.5,86.3,0.0,102.0,277.5
16-12-2018 17:00,7112,13.34,311.5,44.0,11.73,0.571,30.35,29.8,28.69,-10.31,61.61,73.46,59.09,85.1,0.0,68.03,186.0
16-12-2018 17:30,7113,13.2,160.2,11.2,7.368,-0.173,30.08,29.17,28.27,-6.886,62.22,72.23,58.15,84.7,0.0,48.4,82.5
16-12-2018 18:00,7114,12.85,45.04,4.458,3.086,-0.977,29.52,28.39,27.76,-17.33,65.65,69.63,55.96,85.5,0.0,27.38,29.17
16-12-2018 18:30,7115,12.65,2.84,0.305,0.197,-1.452,29.64,27.47,27.08,-16.71,67.52,66.17,53.14,86.9,0.0,5.913,6.54
16-12-2018 19:00,7116,12.65,-0.074,-0.042,-0.063,-1.349,29.22,26.88,26.44,-7.291,67.52,65.14,52.19,90.0,0.0,2.209,2.638
16-12-2018 19:30,7117,12.61,-0.081,-0.023,-0.049,-1.263,28.56,26.18,25.76,-35.16,69.07,63.49,50.87,91.4,0.0,1.977,2.34
16-12-2018 20:00,7118,12.61,-0.075,-0.016,-0.044,-1.251,27.92,25.98,25.4,-36.0,71.92,63.11,50.57,92.0,0.0,1.824,2.509
16-12-2018 20:30,7119,12.6,-0.059,-0.076,-0.078,-1.25,25.77,25.05,24.42,-36.28,85.5,57.59,46.47,95.5,1.778,6.794,7.956
16-12-2018 21:00,7120,12.5,-0.021,-0.014,-0.078,-1.374,24.43,25.1,23.7,-36.93,93.7,48.78,39.18,98.8,0.254,1.829,2.54
16-12-2018 21:30,7121,12.51,-0.025,0.001,-0.061,-1.425,24.43,24.96,23.69,-36.16,95,48.03,38.55,98.7,0.0,1.861,2.482
16-12-2018 22:00,7122,12.57,-0.039,-0.001,-0.05,-1.427,24.95,24.92,23.58,-36.54,90,47.91,38.44,98.6,0.0,1.345,1.745
16-12-2018 22:30,7123,12.6,-0.073,-0.019,-0.047,-1.497,24.81,24.69,23.39,-37.11,89.7,47.55,38.13,98.2,0.0,2.08,2.858
16-12-2018 23:00,7124,12.58,-0.07,-0.047,-0.07,-1.409,24.79,24.4,23.2,-31.6,88.8,46.68,37.44,98.2,0.0,1.952,2.521
16-12-2018 23:30,7125,12.56,-0.071,-0.046,-0.074,-1.505,24.85,24.1,22.98,-28.5,88,46.23,37.04,98.3,0.0,1.207,1.935
17-12-2018 00:00,7126,12.57,-0.07,-0.071,-0.072,-1.413,24.66,23.86,22.82,-36.91,89.4,45.52,36.52,98.3,0.0,1.87,2.351
17-12-2018 00:30,7127,12.54,-0.068,-0.081,-0.076,-1.371,24.26,23.94,22.71,-37.32,91.7,44.89,35.98,98.4,0.0,2.14,3.227
17-12-2018 01:00,7128,12.53,-0.061,-0.097,-0.079,-1.359,24.01,23.87,22.58,-37.68,93.1,44.37,35.57,98.2,0.0,1.659,2.479
17-12-2018 01:30,7129,12.49,-0.067,-0.114,-0.078,-1.376,24.02,23.75,22.53,-37.77,93.7,43.99,35.34,98.2,0.0,1.655,2.46
17-12-2018 02:00,7130,12.49,-0.063,-0.137,-0.079,-1.345,24.13,23.86,22.39,-37.65,93.2,43.69,35.01,98.2,0.0,1.592,2.397
17-12-2018 02:30,7131,12.49,-0.069,-0.151,-0.074,-1.246,24.08,23.77,22.27,-37.83,94.6,43.55,34.86,98.2,0.0,1.997,2.735
17-12-2018 03:00,7132,12.49,-0.062,-0.165,-0.074,-1.293,24.22,23.9,22.24,-37.89,94,43.49,34.82,98.4,0.0,1.422,2.204
17-12-2018 03:30,7133,12.49,-0.069,-0.17,-0.067,-1.356,24.32,23.95,22.24,-37.94,93.1,43.45,34.72,98.4,0.0,1.39,2.206
17-12-2018 04:00,7134,12.48,-0.077,-0.189,-0.068,-1.376,24.27,23.82,22.28,-37.98,91.6,43.13,34.56,98.5,0.0,1.627,2.261
17-12-2018 04:30,7135,12.44,-0.082,-0.192,-0.059,-1.366,24.46,23.65,22.14,-38.37,88.1,43.09,34.42,98.1,0.0,1.582,2.149
17-12-2018 05:00,7136,12.44,-0.08,-0.199,-0.057,-1.206,24.35,23.5,22.0,-38.89,88.4,43.03,34.45,98.0,0.0,1.731,2.429
17-12-2018 05:30,7137,12.41,-0.061,-0.22,-0.057,-1.055,24.23,23.5,21.93,-38.98,89,42.72,34.18,98.2,0.0,1.5,2.641
17-12-2018 06:00,7138,12.41,5.672,0.611,0.403,-0.982,24.13,23.53,21.82,-38.98,89.7,42.48,34.02,97.9,0.0,4.526,5.544
17-12-2018 06:30,7139,12.49,55.24,5.213,3.001,-0.506,24.05,23.85,21.8,-38.97,89.2,42.65,34.11,98.1,0.0,24.4,33.54
17-12-2018 07:00,7140,12.94,224.1,14.83,7.481,0.23,24.89,24.59,22.03,-38.99,86.4,44.54,35.66,98.9,0.0,63.54,147.7
17-12-2018 07:30,7141,13.7,376.9,18.91,11.06,0.739,26.05,25.51,22.8,-38.96,83.7,46.7,37.74,99.1,0.0,69.86,254.1
17-12-2018 08:00,7142,14.01,464.9,33.74,14.9,1.375,26.84,26.72,23.61,-38.74,83.1,53.56,43.72,99.1,0.0,108.9,314.5
17-12-2018 08:30,7143,14.02,700.2,34.14,14.3,1.22,27.56,27.66,24.5,-38.49,80.7,60.91,49.76,99.1,0.0,78.15,471.7
17-12-2018 09:00,7144,14.04,743.9,285.6,15.41,6.719,27.93,28.79,25.67,-31.5,79.43,66.38,54.37,99.0,0.0,86.8,586.4
17-12-2018 09:30,7145,13.42,1005.0,547.7,22.07,2.535,28.77,29.88,26.76,-33.93,78.61,67.75,55.41,97.7,0.0,111.9,681.3
17-12-2018 10:00,7146,13.42,1088.0,676.4,138.2,3.581,29.45,30.24,27.81,-31.7,73.59,68.57,56.04,96.4,0.0,185.4,768.6
17-12-2018 10:30,7147,13.36,1192.0,684.8,54.71,7.899,29.97,31.06,28.36,-36.02,71.18,70.02,57.18,93.9,0.0,265.4,845.0
17-12-2018 11:00,7148,13.35,643.0,255.0,45.47,7.325,30.56,31.66,28.91,-11.14,68.96,70.88,57.75,91.3,0.0,262.5,775.3
17-12-2018 11:30,7149,13.31,416.9,87.8,94.8,15.19,31.39,32.96,28.92,27.07,68.97,72.2,58.9,89.1,0.0,333.7,696.6
17-12-2018 12:00,7150,13.42,451.6,66.98,100.0,13.64,31.16,32.46,28.74,27.0,70.53,72.5,59.04,90.2,0.0,328.0,694.2
17-12-2018 12:30,7151,13.39,610.2,77.27,67.95,11.11,31.27,32.93,28.81,26.95,69.68,73.44,59.67,88.3,0.0,343.8,650.2
17-12-2018 13:00,7152,13.39,604.8,63.07,419.0,6.619,31.57,32.2,28.62,26.84,66.38,73.05,59.4,91.0,0.0,229.4,596.3
17-12-2018 13:30,7153,13.35,333.9,161.2,816.0,8.11,32.65,33.1,29.56,6.4,63.73,74.39,60.58,89.4,0.0,253.9,827.0
17-12-2018 14:00,7154,13.34,269.0,370.5,624.5,4.243,31.25,31.56,29.82,18.18,60.62,73.81,60.21,85.0,0.0,165.5,714.1
17-12-2018 14:30,7155,13.23,830.0,159.8,72.1,9.68,30.77,30.06,29.16,22.1,67.68,72.54,59.4,79.38,0.0,329.1,571.7
17-12-2018 15:00,7156,13.44,462.4,107.5,56.75,6.577,28.58,28.12,27.21,10.13,75.05,70.78,57.87,88.5,0.0,303.6,355.2
17-12-2018 15:30,7157,13.42,698.3,367.3,92.8,3.284,29.23,29.11,27.47,-3.796,71.04,72.61,59.34,88.9,0.0,196.3,465.8
17-12-2018 16:00,7158,13.38,418.4,238.4,86.1,0.136,30.17,29.88,27.97,-12.69,71.35,73.14,59.78,91.6,0.0,96.7,275.9
17-12-2018 16:30,7159,13.38,417.6,60.49,35.15,3.649,29.31,29.03,27.72,-14.06,76.4,70.97,58.21,90.7,0.254,217.3,310.7
17-12-2018 17:00,7160,13.43,163.3,25.34,17.13,0.408,26.66,26.76,25.42,-11.9,86.2,64.14,52.63,95.3,0.0,109.0,117.3
17-12-2018 17:30,7161,13.42,121.0,13.26,7.875,-0.966,26.88,27.07,25.19,-23.11,84.6,63.88,51.97,97.0,0.0,58.71,75.55
17-12-2018 18:00,7162,12.88,33.75,5.067,3.323,-1.431,26.86,26.97,25.01,-25.83,80.6,61.58,50.06,96.2,0.0,25.46,26.73
17-12-2018 18:30,7163,12.69,2.606,0.271,0.182,-1.443,26.79,28.05,24.66,-26.11,79.95,60.65,49.22,95.6,0.0,3.846,4.681
17-12-2018 19:00,7164,12.64,-0.074,-0.092,-0.071,-1.202,26.57,27.68,24.33,-35.82,83.6,57.25,46.43,97.0,0.0,2.039,2.662
17-12-2018 19:30,7165,12.61,-0.078,-0.092,-0.068,-1.116,26.41,27.19,24.26,-36.56,87,55.73,45.1,97.0,0.0,2.137,2.983
17-12-2018 20:00,7166,12.63,-0.077,-0.084,-0.061,-1.052,26.09,26.98,24.25,-36.59,89.8,53.08,42.96,97.2,0.0,2.101,2.74
17-12-2018 20:30,7167,12.63,-0.076,-0.083,-0.051,-0.972,26.17,26.83,24.25,-36.54,88.5,51.49,41.63,97.2,0.0,1.371,1.888
17-12-2018 21:00,7168,12.64,-0.077,-0.089,-0.052,-0.881,26.32,26.59,24.17,-36.39,86.7,51.07,41.23,96.8,0.0,1.533,1.991
17-12-2018 21:30,7169,12.63,-0.083,-0.076,-0.052,-0.839,26.39,26.45,24.13,-36.39,86,50.27,40.64,97.3,0.0,1.88,2.545
17-12-2018 22:00,7170,12.62,-0.087,-0.1,-0.057,-0.847,25.9,26.36,24.05,-36.84,88.9,49.34,39.85,97.3,0.0,2.331,2.799
17-12-2018 22:30,7171,12.6,-0.077,-0.093,-0.056,-0.801,25.78,26.37,23.99,-37.16,88.6,49.98,40.33,97.7,0.0,1.52,1.898
17-12-2018 23:00,7172,12.57,-0.072,-0.094,-0.037,-0.786,25.71,26.63,24.07,-37.1,88.1,51.36,41.47,98.2,0.0,1.734,2.548
17-12-2018 23:30,7173,12.57,-0.078,-0.094,-0.05,-0.682,25.62,26.52,24.17,-37.13,88.9,53.08,42.91,98.2,0.0,2.436,2.962
18-12-2018 00:00,7174,12.56,-0.073,-0.106,-0.057,-0.664,25.67,26.3,24.05,-37.07,91.8,51.79,41.95,97.6,0.0,2.571,3.151
18-12-2018 00:30,7175,12.54,-0.067,-0.108,-0.055,-0.681,24.78,26.07,23.8,-38.78,93.7,49.69,40.13,96.3,0.0,1.673,2.743
18-12-2018 01:00,7176,12.53,-0.063,-0.102,-0.046,-0.52,24.69,26.04,23.67,-38.66,94,48.4,38.99,96.6,0.0,1.625,2.682
18-12-2018 01:30,7177,12.53,-0.068,-0.112,-0.05,-0.557,24.6,26.66,23.63,-38.55,94.3,46.24,37.34,97.3,0.0,1.609,2.355
18-12-2018 02:00,7178,12.5,-0.069,-0.111,-0.057,-0.615,24.63,26.55,23.54,-38.47,94,46.3,37.35,97.1,0.0,1.78,2.494
18-12-2018 02:30,7179,12.49,-0.072,-0.124,-0.049,-0.544,24.74,26.82,23.47,-38.76,93.6,45.94,37.08,97.0,0.0,1.445,2.25
18-12-2018 03:00,7180,12.48,-0.07,-0.13,-0.049,-0.598,24.74,27.0,23.44,-38.87,94,44.98,36.35,97.5,0.0,1.546,2.592
18-12-2018 03:30,7181,12.47,-0.075,-0.143,-0.048,-0.599,24.76,26.24,23.44,-39.01,93.9,44.12,35.49,97.9,0.0,2.013,2.745
18-12-2018 04:00,7182,12.46,-0.066,-0.152,-0.052,-0.595,24.66,26.06,23.39,-38.97,94.5,43.62,35.14,97.6,0.0,1.462,2.27
18-12-2018 04:30,7183,12.45,-0.066,-0.157,-0.048,-0.564,24.65,25.96,23.4,-38.97,94.7,43.19,34.79,97.4,0.0,1.561,2.176
18-12-2018 05:00,7184,12.42,-0.07,-0.16,-0.053,-0.593,24.64,25.74,23.37,-38.96,94.4,43.18,34.76,97.4,0.0,1.707,2.478
18-12-2018 05:30,7185,12.43,-0.054,-0.168,-0.052,-0.61,24.49,25.79,23.33,-38.96,95.4,43.11,34.73,97.9,0.0,1.884,2.345
18-12-2018 06:00,7186,12.43,3.808,0.349,0.401,-0.532,24.46,25.62,23.29,-38.98,96,42.94,34.64,97.6,0.0,3.579,4.252
18-12-2018 06:30,7187,12.46,31.44,4.11,3.823,0.07,24.51,25.87,23.33,-39.04,95.3,43.33,34.86,98.0,0.0,23.48,24.87
18-12-2018 07:00,7188,12.72,101.1,15.55,9.68,0.772,25.04,26.11,23.54,-39.03,93.1,43.69,35.1,98.2,0.0,73.18,76.62
18-12-2018 07:30,7189,13.22,180.5,27.09,13.77,1.204,25.33,26.81,23.92,-39.02,91.9,47.1,37.95,98.6,0.0,125.8,132.9
18-12-2018 08:00,7190,13.58,371.7,44.97,27.93,3.92,26.23,27.52,24.49,-38.99,87.9,56.95,46.07,98.5,0.0,211.6,262.5
18-12-2018 08:30,7191,14.0,648.5,60.5,31.66,4.473,27.83,28.71,25.66,-38.84,82.5,66.4,54.15,98.1,0.0,238.0,444.0
18-12-2018 09:00,7192,14.0,809.0,421.8,24.21,3.153,28.96,29.75,26.61,-38.33,77.54,69.98,57.44,95.4,0.0,163.9,625.5
18-12-2018 09:30,7193,14.02,918.0,435.0,37.23,4.712,29.22,30.22,27.39,-37.79,76.28,70.59,58.12,94.5,0.0,235.6,632.6
18-12-2018 10:00,7194,13.42,940.0,305.8,122.1,11.42,29.61,31.21,28.01,-15.79,76.05,71.94,59.0,94.2,0.0,430.6,696.0
18-12-2018 10:30,7195,13.42,659.8,186.1,67.47,11.44,28.93,31.04,27.71,25.66,77.08,70.65,57.59,91.4,0.0,358.1,493.4
18-12-2018 11:00,7196,13.42,790.6,178.7,58.6,11.13,29.85,32.2,28.41,24.35,73.05,72.95,59.65,89.2,0.0,332.1,760.0
18-12-2018 11:30,7197,13.42,334.3,46.42,56.08,12.2,29.35,32.82,28.29,11.71,73.23,72.14,59.03,88.1,0.0,239.3,513.7
18-12-2018 12:00,7198,13.39,457.6,68.61,69.92,12.0,29.58,32.46,27.99,-20.67,71.21,72.17,58.72,89.0,0.0,322.7,437.9
18-12-2018 12:30,7199,13.38,585.0,78.79,79.92,14.35,30.03,33.34,28.75,1.136,68.68,73.89,60.23,87.2,0.0,381.8,560.2
18-12-2018 13:00,7200,13.38,980.0,97.5,465.8,16.28,30.8,34.07,29.05,26.92,68.39,74.92,61.21,86.7,0.0,402.7,851.0
18-12-2018 13:30,7201,13.4,460.8,153.6,630.8,11.32,31.15,33.37,29.36,27.79,68.02,74.61,61.04,81.7,0.0,335.4,756.7
18-12-2018 14:00,7202,13.36,435.6,109.4,513.2,9.38,32.67,35.48,29.84,28.09,67.68,76.0,62.36,84.0,0.0,303.7,674.8
18-12-2018 14:30,7203,13.35,686.5,57.64,48.93,5.898,33.82,35.16,29.5,27.81,67.99,75.78,62.21,84.9,0.0,253.2,467.4
18-12-2018 15:00,7204,13.31,261.2,37.36,37.77,4.772,33.75,34.18,28.45,27.12,69.98,74.87,61.18,87.1,0.0,183.9,196.1
18-12-2018 15:30,7205,13.08,79.57,11.58,11.3,0.967,28.93,32.19,26.97,24.93,79.37,68.51,56.08,90.9,10.67,64.38,69.29
18-12-2018 16:00,7206,13.47,71.48,12.64,9.88,0.03,25.52,26.09,23.99,-4.424,96.7,47.75,38.7,98.3,5.842,41.76,43.68
18-12-2018 16:30,7207,13.09,36.52,6.512,4.678,-0.892,26.43,26.0,24.07,-6.423,98.5,44.21,35.63,99.0,0.762,22.51,23.77
18-12-2018 17:00,7208,12.99,30.77,5.038,4.725,-0.396,27.3,26.33,24.14,-7.808,99.6,43.53,35.08,99.0,0.0,19.44,20.91
18-12-2018 17:30,7209,13.07,34.38,6.017,5.07,-0.26,27.27,26.56,24.21,-8.03,99.8,44.32,35.68,99.0,0.762,24.43,25.56
18-12-2018 18:00,7210,12.76,8.76,1.339,1.249,-1.121,27.14,26.56,24.27,-9.24,99.9,44.78,36.08,99.0,0.0,7.637,8.68
18-12-2018 18:30,7211,12.69,0.745,-0.11,0.028,-1.226,27.01,26.32,24.11,-8.28,99.7,45.01,36.2,98.7,0.254,2.172,3.024
18-12-2018 19:00,7212,12.68,-0.037,-0.255,-0.081,-1.222,26.78,26.28,24.04,-9.85,99.4,44.46,35.84,98.9,0.0,1.702,2.447
18-12-2018 19:30,7213,12.63,-0.035,-0.291,-0.087,-1.168,26.54,26.21,23.99,-20.09,99,44.1,35.51,98.8,0.0,1.694,2.369
18-12-2018 20:00,7214,12.6,-0.028,-0.316,-0.084,-1.087,26.41,26.07,23.99,-27.98,99.1,44.25,35.53,99.0,0.0,1.62,2.373
18-12-2018 20:30,7215,12.6,-0.025,-0.333,-0.082,-1.077,26.34,26.42,23.96,-29.69,98.9,44.01,35.41,98.8,0.0,1.79,2.169
18-12-2018 21:00,7216,12.58,-0.02,-0.355,-0.081,-0.976,26.29,26.43,23.9,-29.94,98.9,43.8,35.21,98.9,0.0,1.511,2.177
18-12-2018 21:30,7217,12.57,-0.021,-0.375,-0.081,-0.96,26.19,26.39,23.84,-31.54,98.9,43.12,34.73,98.9,0.0,1.697,2.319
18-12-2018 22:00,7218,12.57,-0.023,-0.397,-0.077,-0.967,26.2,26.34,23.8,-33.2,99.1,43.37,35.0,98.9,0.0,2.083,2.708
18-12-2018 22:30,7219,12.53,-0.017,-0.413,-0.076,-0.972,26.23,26.22,23.78,-33.96,99.2,43.11,34.64,98.8,0.0,1.864,2.527
18-12-2018 23:00,7220,12.53,-0.018,-0.439,-0.075,-0.951,25.91,26.16,23.75,-36.3,99.1,43.21,34.76,98.8,0.0,1.696,2.466
18-12-2018 23:30,7221,12.52,-0.018,-0.462,-0.068,-0.828,25.86,25.93,23.69,-36.91,99.2,43.89,35.28,98.8,0.0,1.794,2.464
19-12-2018 00:00,7222,12.49,-0.02,-0.478,-0.076,-0.344,25.76,25.6,23.62,-38.16,99.1,43.63,35.07,98.7,0.0,1.53,2.211
19-12-2018 00:30,7223,12.49,-0.021,-0.495,-0.071,-0.796,25.77,25.7,23.61,-38.78,99.1,43.66,35.09,98.7,0.0,1.7,2.137
19-12-2018 01:00,7224,12.49,-0.016,-0.523,-0.071,-0.975,25.64,25.71,23.55,-38.94,98.9,43.76,35.18,98.8,0.0,1.763,2.189
19-12-2018 01:30,7225,12.45,-0.011,-0.535,-0.069,-0.95,25.72,25.88,23.55,-39.03,99.2,43.23,34.73,99.0,0.0,1.707,2.438
19-12-2018 02:00,7226,12.44,-0.009,-0.554,-0.066,-0.838,25.51,25.81,23.52,-39.04,99.2,43.68,35.08,99.0,0.0,1.678,2.301
19-12-2018 02:30,7227,12.41,-0.01,-0.594,-0.054,-0.724,25.58,25.83,23.54,-39.02,99.4,43.52,34.93,99.0,0.0,1.766,2.249
19-12-2018 03:00,7228,12.41,-0.011,-0.623,-0.052,-0.643,25.38,25.82,23.54,-39.03,99.3,43.41,34.87,99.0,0.0,1.816,2.384
19-12-2018 03:30,7229,12.4,-0.007,-0.665,-0.054,-0.594,24.88,25.79,23.47,-39.06,98.8,43.23,34.7,99.0,0.0,1.861,2.725
19-12-2018 04:00,7230,12.37,-0.007,-0.669,-0.066,-0.652,24.54,25.52,23.33,-39.17,98.6,43.3,34.87,98.8,0.0,1.821,2.405
19-12-2018 04:30,7231,12.38,-0.011,-0.653,-0.058,-0.79,24.4,25.53,23.23,-39.13,98.6,43.5,34.92,98.7,0.0,1.395,2.16
19-12-2018 05:00,7232,12.37,-0.007,-0.651,-0.047,-0.637,24.58,25.63,23.28,-38.82,98.5,43.25,34.76,98.9,0.0,1.534,2.161
19-12-2018 05:30,7233,12.38,-0.007,-0.662,-0.046,-0.661,24.56,25.89,23.41,-38.84,98.4,43.23,34.69,99.0,0.0,1.602,1.996
19-12-2018 06:00,7234,12.37,1.958,-0.328,0.202,-0.558,24.52,25.82,23.48,-38.81,98.1,42.84,34.31,99.0,0.0,2.588,3.227
19-12-2018 06:30,7235,12.37,11.1,1.208,1.34,0.2,24.54,25.79,23.48,-38.55,98.3,43.49,34.97,99.0,0.0,7.343,8.32
19-12-2018 07:00,7236,12.4,22.59,3.144,3.129,0.683,24.64,25.91,23.55,-38.57,98.4,43.54,35.01,99.0,0.0,15.77,17.06
19-12-2018 07:30,7237,12.37,17.37,2.768,2.434,0.437,24.17,26.05,23.32,-38.4,98.3,42.54,34.17,98.8,7.62,13.01,14.37
19-12-2018 08:00,7238,12.41,34.47,6.155,5.094,0.761,23.41,26.3,22.63,-33.77,97.9,42.66,34.3,98.9,2.54,19.48,20.97
19-12-2018 08:30,7239,12.41,37.71,6.307,5.146,0.555,23.31,26.61,22.57,-3.087,97.6,43.15,34.53,99.0,4.572,22.49,23.88
19-12-2018 09:00,7240,12.57,120.6,18.86,15.72,2.524,23.34,26.92,22.53,13.33,96.8,43.5,34.8,99.0,0.0,79.49,82.5
19-12-2018 09:30,7241,13.32,302.1,51.43,42.42,8.23,23.63,27.25,22.69,6.068,96,43.88,34.98,99.0,0.0,201.1,210.6
19-12-2018 10:00,7242,13.62,374.5,65.1,49.02,9.18,24.25,27.66,23.12,9.66,95.1,45.58,36.3,99.0,0.0,255.7,263.8
19-12-2018 10:30,7243,13.9,484.1,82.7,63.87,12.06,25.06,28.19,23.59,5.179,92.3,49.55,39.51,99.0,0.0,334.2,343.4
19-12-2018 11:00,7244,14.01,491.2,86.1,66.27,12.59,25.77,28.78,24.13,-27.59,90.5,54.73,43.91,99.0,0.0,355.2,367.3
19-12-2018 11:30,7245,14.01,489.9,80.9,67.41,13.52,26.6,29.6,24.53,-29.0,89.4,58.69,47.08,99.0,0.0,351.2,368.4
19-12-2018 12:00,7246,14.05,517.6,85.6,73.73,14.36,27.97,33.43,25.1,-30.23,88.2,64.6,51.89,99.0,0.0,375.0,395.5
19-12-2018 12:30,7247,13.39,771.7,119.6,101.0,18.44,27.85,38.22,25.6,-37.78,84.8,69.45,55.82,99.0,0.0,487.1,603.2
19-12-2018 13:00,7248,13.38,459.7,75.7,71.04,11.36,27.45,36.4,25.84,-38.49,83.7,67.41,54.24,98.0,0.0,329.9,352.1
19-12-2018 13:30,7249,13.35,694.1,218.4,215.9,17.51,28.28,34.05,26.71,-38.69,80.5,70.5,56.59,97.0,0.0,518.0,620.6
19-12-2018 14:00,7250,13.33,424.4,67.87,59.17,10.68,28.15,41.39,26.7,-33.55,81.9,72.82,58.54,97.7,0.0,308.0,320.9
19-12-2018 14:30,7251,13.28,243.3,40.61,32.99,5.867,27.55,42.09,26.34,-30.94,84.7,70.23,56.4,98.0,0.0,171.8,179.3
19-12-2018 15:00,7252,13.4,199.4,27.73,28.53,5.035,27.09,35.72,25.97,-31.18,88.2,64.77,51.85,98.2,0.0,143.6,152.0
19-12-2018 15:30,7253,13.43,219.8,36.88,29.02,5.096,27.08,35.9,25.82,-30.43,88.4,62.42,49.87,98.6,0.0,156.5,162.6
19-12-2018 16:00,7254,13.44,284.3,48.01,38.84,6.475,27.11,36.42,25.91,-30.05,86.9,64.29,51.43,98.8,0.0,206.5,212.6
19-12-2018 16:30,7255,13.45,278.7,52.27,35.74,5.621,26.99,35.51,25.78,-28.73,82.4,65.81,52.71,98.2,0.0,195.5,206.8
19-12-2018 17:00,7256,13.41,227.6,36.84,30.51,4.256,26.52,35.66,25.3,-27.69,82.2,66.34,53.27,97.1,0.0,160.1,168.5
19-12-2018 17:30,7257,13.44,220.1,25.36,17.78,1.612,26.69,34.17,25.18,-22.32,82.2,68.91,55.34,97.8,0.0,105.9,139.6
19-12-2018 18:00,7258,12.95,44.98,7.621,4.274,-0.403,26.19,32.47,24.77,-30.65,84.2,63.81,51.34,97.1,0.0,37.79,39.77
19-12-2018 18:30,7259,12.76,2.273,0.237,0.143,-0.91,25.81,31.54,24.26,-38.73,88,59.15,47.58,97.0,0.0,5.539,6.156
19-12-2018 19:00,7260,12.71,-0.078,-0.191,-0.087,-0.95,27.07,30.18,23.85,-38.69,93,55.01,44.23,97.2,0.0,2.656,3.236
19-12-2018 19:30,7261,12.7,-0.075,-0.212,-0.092,-0.812,27.1,29.22,23.58,-38.63,93.4,52.59,42.28,97.2,0.0,1.909,2.394
19-12-2018 20:00,7262,12.67,-0.07,-0.251,-0.074,-0.861,26.97,28.3,23.42,-38.14,94,48.53,38.93,97.8,0.0,1.615,2.293
19-12-2018 20:30,7263,12.67,-0.071,-0.288,-0.071,-0.753,26.16,27.88,23.33,-37.89,93.3,46.9,37.51,97.6,0.0,1.668,2.179
19-12-2018 21:00,7264,12.65,-0.077,-0.321,-0.066,-0.767,25.92,27.36,23.27,-37.58,93.5,46.29,37.12,98.3,0.0,1.565,2.243
19-12-2018 21:30,7265,12.65,-0.078,-0.348,-0.069,-0.753,25.77,27.58,23.24,-38.01,94.5,46.5,37.28,98.4,0.0,1.739,2.481
19-12-2018 22:00,7266,12.65,-0.076,-0.386,-0.066,-0.645,26.13,27.45,23.25,-37.42,95.2,44.58,35.66,98.4,0.0,1.596,2.325
19-12-2018 22:30,7267,12.61,-0.079,-0.411,-0.052,-0.627,25.57,27.38,23.15,-37.3,95.2,44.3,35.38,97.8,0.0,1.727,2.624
19-12-2018 23:00,7268,12.6,-0.077,-0.438,-0.053,-0.677,25.13,27.33,23.14,-37.06,95,43.75,35.04,98.4,0.0,1.819,2.301
19-12-2018 23:30,7269,12.6,-0.065,-0.469,-0.056,-0.67,24.49,27.18,23.09,-36.66,96.3,43.44,34.8,98.3,0.0,1.9,2.541
20-12-2018 00:00,7270,12.58,-0.067,-0.496,-0.052,-0.659,24.19,27.12,23.05,-35.76,96.6,43.1,34.56,98.1,0.0,1.61,2.308
20-12-2018 00:30,7271,12.57,-0.059,-0.508,-0.054,-0.684,24.13,26.95,22.99,-38.56,97,42.59,34.1,98.2,0.0,1.615,2.34
20-12-2018 01:00,7272,12.57,-0.062,-0.523,-0.058,-0.624,24.22,26.46,22.79,-34.15,97.5,42.5,34.02,98.0,0.0,1.949,2.623
20-12-2018 01:30,7273,12.56,-0.046,-0.535,-0.056,-0.527,24.02,25.29,22.73,-19.56,97.9,41.9,33.57,98.6,0.0,1.588,2.383
20-12-2018 02:00,7274,12.54,-0.04,-0.565,-0.052,-0.423,23.85,25.12,22.76,-34.54,98.1,41.88,33.55,98.7,0.0,1.469,2.096
20-12-2018 02:30,7275,12.55,-0.038,-0.595,-0.054,-0.283,23.93,25.19,22.8,-34.99,98.1,42.09,33.68,98.7,0.0,1.659,2.385
20-12-2018 03:00,7276,12.54,-0.042,-0.608,-0.068,-0.357,23.73,25.17,22.73,-35.09,98.1,41.66,33.29,98.8,0.0,2.045,2.905
20-12-2018 03:30,7277,12.53,-0.037,-0.607,-0.066,-0.331,23.62,25.08,22.61,-34.64,98.1,42.07,33.71,98.6,0.0,1.403,2.097
20-12-2018 04:00,7278,12.5,-0.041,-0.623,-0.068,-0.27,23.46,25.01,22.6,-34.95,98.1,42.11,33.73,98.7,0.0,1.964,2.652
20-12-2018 04:30,7279,12.49,-0.038,-0.626,-0.073,-0.141,23.33,24.93,22.52,-2.675,98,42.19,33.79,98.8,0.0,1.707,2.617
20-12-2018 05:00,7280,12.5,-0.036,-0.648,-0.077,0.149,23.2,24.85,22.53,14.55,98,42.37,33.86,98.8,0.0,1.296,2.186
20-12-2018 05:30,7281,12.49,-0.029,-0.664,-0.084,0.482,23.15,24.84,22.54,14.12,97.9,42.72,34.07,98.7,0.0,2.29,2.954
20-12-2018 06:00,7282,12.49,3.498,-0.183,0.221,0.39,23.04,24.73,22.41,13.94,97.9,42.94,34.35,98.5,0.0,3.539,4.765
20-12-2018 06:30,7283,12.51,24.76,3.039,2.526,0.666,22.91,24.41,22.34,-19.14,97.8,42.1,33.69,98.6,0.0,17.61,18.7
20-12-2018 07:00,7284,12.68,143.8,13.57,10.61,2.037,23.25,24.38,22.52,-24.58,97.8,43.18,34.48,98.9,0.0,77.47,107.2
20-12-2018 07:30,7285,13.43,296.0,39.36,25.46,4.453,23.96,25.02,22.98,-21.38,97.7,46.08,36.97,98.9,0.0,176.5,227.8
20-12-2018 08:00,7286,14.0,408.9,51.66,31.48,5.467,25.59,25.72,23.69,-18.19,95,55.01,44.42,99.0,0.0,227.8,317.4
20-12-2018 08:30,7287,14.0,385.8,61.13,33.53,5.757,26.97,26.59,24.44,-21.65,91.5,61.72,49.87,98.5,0.0,243.9,294.9
20-12-2018 09:00,7288,14.03,581.3,151.3,55.4,10.32,27.71,27.12,25.09,-26.37,89.3,65.22,52.54,97.1,0.0,358.3,481.3
20-12-2018 09:30,7289,13.43,629.3,157.8,64.19,11.9,27.66,27.8,25.85,-29.32,82.5,67.72,54.7,96.7,0.0,392.5,495.3
20-12-2018 10:00,7290,13.42,515.2,106.2,64.64,11.46,27.42,27.98,26.05,-18.53,82,65.5,52.7,95.8,0.0,394.7,420.9
20-12-2018 10:30,7291,13.41,789.3,307.1,76.74,14.73,27.91,29.18,26.71,-29.77,79.89,67.67,54.67,94.0,0.0,453.0,624.9
20-12-2018 11:00,7292,13.41,570.2,96.1,81.5,16.66,28.25,29.47,26.79,-16.6,79.82,68.83,55.36,93.8,0.0,435.6,459.1
20-12-2018 11:30,7293,13.42,569.1,98.2,90.2,19.67,28.65,29.96,26.95,-6.449,79.56,70.45,56.46,95.4,0.0,434.7,456.9
20-12-2018 12:00,7294,13.42,546.4,89.6,89.5,18.07,28.83,31.23,27.16,6.843,77.63,71.27,56.99,95.0,0.0,417.2,440.6
20-12-2018 12:30,7295,13.41,812.0,134.3,126.3,23.79,29.39,30.83,27.85,14.92,72.39,71.83,57.32,93.3,0.0,587.9,735.5
20-12-2018 13:00,7296,13.41,532.5,88.3,78.28,14.65,29.36,29.75,27.98,14.34,73.2,71.12,57.0,94.2,0.0,422.3,458.0
20-12-2018 13:30,7297,13.42,448.9,73.62,69.64,11.42,28.91,29.07,27.57,16.62,76.07,69.88,56.01,93.5,0.0,354.8,380.6
20-12-2018 14:00,7298,13.39,610.1,112.9,139.6,16.1,29.64,29.72,27.84,16.79,72.74,71.51,57.17,93.2,0.0,467.6,572.5
20-12-2018 14:30,7299,13.42,507.2,68.18,64.44,10.55,30.35,29.97,28.29,13.29,74.43,71.15,57.06,92.8,0.0,316.0,392.1
20-12-2018 15:00,7300,13.42,716.7,523.8,44.51,6.118,31.1,31.21,28.14,3.871,71.8,72.94,58.29,91.9,0.0,226.4,500.4
20-12-2018 15:30,7301,13.43,621.6,111.7,70.48,4.459,31.96,33.96,28.25,6.992,70.68,74.37,59.44,91.3,0.0,219.4,436.4
20-12-2018 16:00,7302,13.42,437.0,116.0,56.05,6.675,32.53,37.18,28.6,8.83,70.65,76.17,60.84,91.9,0.0,251.5,340.9
20-12-2018 16:30,7303,13.42,420.9,67.35,30.18,3.12,32.15,37.13,28.51,7.79,72.09,76.08,60.77,93.0,0.0,189.8,298.6
20-12-2018 17:00,7304,13.39,148.9,27.47,16.8,1.01,28.63,34.58,27.33,11.39,82.8,70.32,56.58,90.4,0.0,108.4,123.4
20-12-2018 17:30,7305,13.42,87.8,17.08,11.46,0.019,26.83,31.14,25.79,3.762,92.3,63.98,51.71,95.7,0.0,69.84,72.93
20-12-2018 18:00,7306,12.85,30.74,5.692,3.812,-1.27,26.51,30.34,25.47,2.794,92.5,61.31,49.29,96.7,0.0,27.31,28.54
20-12-2018 18:30,7307,12.72,1.667,0.267,0.144,-1.776,26.29,30.24,25.14,5.54,92.8,58.28,46.77,96.8,0.0,3.48,4.507
20-12-2018 19:00,7308,12.71,-0.065,-0.058,-0.083,-1.595,26.01,29.99,24.87,2.145,94.6,54.82,44.0,97.2,0.0,1.949,2.534
20-12-2018 19:30,7309,12.69,-0.068,-0.065,-0.081,-1.466,25.75,29.17,24.66,10.75,94.6,52.65,42.22,97.6,0.0,2.04,2.886
20-12-2018 20:00,7310,12.67,-0.059,-0.08,-0.084,-1.179,25.47,29.78,24.55,0.69,96.1,50.63,40.58,98.0,0.0,1.829,2.513
20-12-2018 20:30,7311,12.64,-0.06,-0.091,-0.082,-1.033,25.53,30.25,24.45,0.013,96.6,50.04,40.07,98.0,0.0,1.6,2.482
20-12-2018 21:00,7312,12.64,-0.056,-0.096,-0.081,-0.918,25.63,28.79,24.33,-6.078,96.5,48.81,39.09,98.0,0.0,1.769,2.629
20-12-2018 21:30,7313,12.64,-0.058,-0.106,-0.084,-0.715,25.62,27.65,24.2,-4.73,96.4,47.86,38.3,97.9,0.0,1.332,2.039
20-12-2018 22:00,7314,12.6,-0.062,-0.107,-0.069,-0.671,25.65,27.31,24.12,-2.419,96.2,47.66,38.12,97.9,0.0,1.354,2.235
20-12-2018 22:30,7315,12.6,-0.055,-0.118,-0.073,-0.564,25.81,27.63,24.19,-9.02,97.5,47.58,38.1,98.2,0.0,1.761,2.475
20-12-2018 23:00,7316,12.57,-0.059,-0.137,-0.072,-0.507,26.36,27.45,24.14,-10.97,97.9,47.42,37.99,98.1,0.0,1.618,2.461
20-12-2018 23:30,7317,12.56,-0.059,-0.141,-0.082,-0.467,26.37,27.54,24.14,-11.84,97.7,47.01,37.6,98.2,0.0,1.51,2.342
21-12-2018 00:00,7318,12.55,-0.059,-0.152,-0.087,-0.456,26.19,27.29,24.11,-13.98,97.8,46.62,37.3,98.1,0.0,1.564,2.352
21-12-2018 00:30,7319,12.57,-0.053,-0.16,-0.086,-0.433,26.61,27.5,23.98,-12.9,98.5,46.51,37.26,98.1,0.0,1.746,2.329
21-12-2018 01:00,7320,12.56,-0.056,-0.16,-0.071,-0.358,26.63,27.39,23.91,6.268,97.8,46.41,37.15,98.3,0.0,1.545,1.956
21-12-2018 01:30,7321,12.53,-0.057,-0.17,-0.063,-0.384,26.43,27.55,23.9,-9.69,98.1,46.1,36.91,98.6,0.0,2.041,2.559
21-12-2018 02:00,7322,12.52,-0.052,-0.181,-0.066,-0.414,26.04,27.56,23.91,-6.644,98.2,46.04,36.89,98.7,0.0,1.929,2.806
21-12-2018 02:30,7323,12.52,-0.05,-0.192,-0.077,-0.441,25.51,27.27,23.84,-6.652,98,45.62,36.51,98.3,0.0,1.672,2.519
21-12-2018 03:00,7324,12.48,-0.042,-0.196,-0.082,-0.471,25.26,27.91,23.67,-9.8,98.2,45.63,36.54,98.4,0.0,1.743,2.483
21-12-2018 03:30,7325,12.46,-0.046,-0.199,-0.083,-0.499,25.28,28.08,23.56,-1.795,98.4,45.66,36.61,98.1,0.0,2.06,2.594
21-12-2018 04:00,7326,12.45,-0.037,-0.202,-0.085,-0.377,25.21,26.67,23.4,-16.48,98.6,44.88,35.98,98.2,0.0,1.76,2.458
21-12-2018 04:30,7327,12.44,-0.041,-0.214,-0.085,-0.369,25.17,25.31,23.29,-12.79,98.5,44.36,35.47,98.1,0.0,1.906,2.64
21-12-2018 05:00,7328,12.43,-0.044,-0.214,-0.088,-0.298,24.88,25.0,23.2,-9.0,98.5,43.94,35.23,98.4,0.0,1.928,2.615
21-12-2018 05:30,7329,12.41,-0.036,-0.228,-0.088,-0.277,24.81,25.01,23.22,-8.36,98.5,43.65,34.9,98.3,0.254,1.575,2.045
21-12-2018 06:00,7330,12.42,2.663,0.211,0.228,-0.168,24.6,24.85,23.17,-11.91,98.5,43.62,34.95,98.3,0.0,2.886,3.813
21-12-2018 06:30,7331,12.46,40.58,5.462,3.793,0.333,24.73,24.86,23.17,-13.24,98.4,43.94,35.14,98.7,0.0,27.72,31.5
21-12-2018 07:00,7332,12.73,84.8,14.59,10.82,1.693,25.06,25.18,23.37,-2.264,98.3,44.77,35.77,98.7,0.0,64.3,68.18
21-12-2018 07:30,7333,12.72,51.16,9.24,7.128,0.98,25.14,25.4,23.62,-5.906,98.2,44.53,35.62,98.8,1.778,37.68,39.38
21-12-2018 08:00,7334,12.81,82.4,16.96,11.37,1.921,25.34,25.56,23.84,-3.198,98.2,41.87,33.52,99.0,7.62,52.33,54.31
21-12-2018 08:30,7335,12.94,84.7,15.99,11.62,1.961,25.39,25.81,24.09,-3.491,98.1,39.71,31.68,99.0,1.016,58.49,60.94
21-12-2018 09:00,7336,13.28,258.7,49.57,38.7,7.729,25.49,26.0,24.14,-4.848,97.3,42.41,33.83,99.0,0.0,169.5,178.2
21-12-2018 09:30,7337,14.05,314.6,58.73,36.75,7.401,25.96,26.23,24.3,-1.069,95.4,49.11,39.31,99.0,0.0,217.8,227.7
21-12-2018 10:00,7338,14.0,217.7,39.17,24.26,4.65,26.03,26.35,24.46,-2.44,94.7,50.6,40.54,99.0,0.0,149.8,155.2
21-12-2018 10:30,7339,14.03,172.2,28.51,20.78,4.027,26.12,26.37,24.53,-0.304,94.5,49.67,39.74,99.0,0.0,108.8,113.1
21-12-2018 11:00,7340,13.43,166.0,29.05,20.86,4.056,26.07,26.34,24.55,0.895,95.1,48.86,39.16,99.0,0.0,106.6,109.9
21-12-2018 11:30,7341,13.43,189.0,31.83,25.37,4.761,26.01,26.37,24.52,-0.266,95.5,48.37,38.74,99.0,0.254,131.0,134.5
21-12-2018 12:00,7342,13.43,173.2,28.36,24.63,4.58,25.96,26.3,24.55,0.187,96.1,48.59,38.85,99.0,0.0,119.8,124.6
21-12-2018 12:30,7343,13.44,186.8,31.5,27.26,5.207,25.89,26.32,24.57,-1.229,96,48.76,38.97,99.0,0.0,126.1,131.3
21-12-2018 13:00,7344,13.43,258.3,42.46,37.2,7.156,26.18,26.54,24.62,0.196,94.7,51.92,41.5,99.0,0.0,177.9,184.8
21-12-2018 13:30,7345,13.45,338.5,58.2,47.74,9.17,27.08,26.88,24.89,-11.09,93.8,55.25,44.14,99.0,0.0,235.5,244.2
21-12-2018 14:00,7346,13.44,331.7,58.37,47.51,9.0,27.89,27.39,25.16,-0.963,91.8,59.73,47.74,99.0,0.0,236.6,245.8
21-12-2018 14:30,7347,13.43,227.7,36.69,32.36,5.843,27.37,27.61,25.35,2.714,89.2,61.28,48.94,98.9,0.0,161.6,167.9
21-12-2018 15:00,7348,13.43,191.3,31.4,27.73,5.006,26.9,27.57,25.42,5.053,91.1,59.47,47.45,99.0,0.0,139.8,146.3
21-12-2018 15:30,7349,13.43,173.3,26.32,24.08,4.511,26.76,27.61,25.47,-0.064,91.1,59.27,47.28,99.0,0.0,126.6,131.0
21-12-2018 16:00,7350,13.43,159.8,24.73,24.75,4.535,26.84,27.57,25.5,-0.475,91.4,59.15,47.21,98.9,0.0,118.6,124.6
21-12-2018 16:30,7351,13.42,111.8,17.79,16.51,3.105,26.65,27.54,25.5,4.586,92.1,58.42,46.6,99.0,0.0,87.7,92.2
21-12-2018 17:00,7352,13.43,127.0,20.96,16.43,2.749,26.76,27.53,25.55,-7.257,92.6,57.7,46.05,99.0,0.0,96.2,100.7
21-12-2018 17:30,7353,13.41,95.6,15.19,11.97,1.949,26.67,27.48,25.54,9.8,92.1,57.94,46.26,99.0,0.0,74.1,77.69
21-12-2018 18:00,7354,12.83,26.22,3.915,3.467,0.384,26.39,27.12,25.37,6.321,93.7,54.31,43.37,98.9,0.0,24.9,26.11
21-12-2018 18:30,7355,12.73,0.997,-0.186,0.067,-0.291,26.02,26.79,25.15,-6.32,95.4,48.89,39.04,98.9,0.0,3.369,4.059
21-12-2018 19:00,7356,12.72,-0.061,-0.385,-0.092,-0.294,25.84,26.55,24.95,-4.942,96.1,45.38,36.11,98.9,0.0,1.753,2.442
21-12-2018 19:30,7357,12.69,-0.062,-0.415,-0.087,-0.236,25.62,26.44,24.83,-8.67,96.6,44.34,35.33,99.0,0.0,1.582,2.316
21-12-2018 20:00,7358,12.66,-0.062,-0.438,-0.091,-0.27,25.47,26.4,24.69,-6.925,97,42.96,34.21,98.8,0.0,1.461,2.229
21-12-2018 20:30,7359,12.64,-0.059,-0.467,-0.09,-0.44,25.38,26.29,24.59,-7.772,97.1,42.6,33.88,98.8,0.0,1.82,2.324
21-12-2018 21:00,7360,12.64,-0.059,-0.494,-0.091,-0.513,25.28,26.19,24.52,-7.55,97.2,43.54,34.59,98.9,0.0,1.632,2.573
21-12-2018 21:30,7361,12.61,-0.052,-0.509,-0.09,-0.523,25.26,25.99,24.38,-7.608,97.4,43.42,34.56,98.9,0.0,1.571,2.268
21-12-2018 22:00,7362,12.57,-0.047,-0.516,-0.086,-0.395,25.26,25.99,24.33,-7.92,97.5,43.14,34.34,99.0,0.0,1.967,2.62
21-12-2018 22:30,7363,12.56,-0.051,-0.528,-0.091,-0.38,25.28,25.8,24.16,-7.812,97.3,42.86,34.06,98.7,0.0,1.761,2.687
21-12-2018 23:00,7364,12.54,-0.043,-0.532,-0.098,-0.364,25.53,25.63,24.01,-6.688,97.6,42.89,34.15,98.6,0.0,1.536,2.243
21-12-2018 23:30,7365,12.5,-0.048,-0.528,-0.093,-0.3,25.56,25.46,23.83,-7.36,97.8,42.66,33.94,98.4,0.0,1.849,2.442
22-12-2018 00:00,7366,12.5,-0.04,-0.532,-0.082,-0.395,26.1,25.36,23.69,-7.437,98.9,42.47,33.82,98.8,0.0,1.732,2.545
22-12-2018 00:30,7367,12.48,-0.033,-0.565,-0.084,-0.376,26.39,25.35,23.64,-5.6,99.5,42.6,33.94,98.9,0.0,1.609,2.167
22-12-2018 01:00,7368,12.48,-0.038,-0.585,-0.078,-0.386,26.14,25.32,23.72,-5.903,99.6,42.44,33.81,99.0,0.0,1.871,2.673
22-12-2018 01:30,7369,12.46,-0.032,-0.602,-0.087,-0.425,25.62,25.28,23.64,-5.659,99.3,42.95,34.22,99.0,0.0,1.586,2.271
22-12-2018 02:00,7370,12.44,-0.029,-0.606,-0.096,-0.468,25.08,25.15,23.55,-6.112,98.9,43.61,34.74,99.0,0.0,2.14,2.994
22-12-2018 02:30,7371,12.43,-0.032,-0.616,-0.102,-0.253,24.81,25.06,23.41,-4.957,98.8,43.16,34.43,98.8,0.0,1.881,2.379
22-12-2018 03:00,7372,12.41,-0.037,-0.604,-0.113,-0.097,24.91,24.87,23.19,-9.69,99.1,43.12,34.4,98.9,0.0,1.748,2.467
22-12-2018 03:30,7373,12.4,-0.035,-0.61,-0.109,-0.14,25.18,24.79,23.14,-12.04,99.4,43.12,34.39,98.9,0.0,1.675,2.534
22-12-2018 04:00,7374,12.41,-0.029,-0.604,-0.101,-0.215,24.89,24.7,23.06,-19.87,99.2,42.4,33.89,99.0,0.0,1.212,2.002
22-12-2018 04:30,7375,12.4,-0.026,-0.619,-0.087,-0.245,24.71,24.9,23.18,-15.5,99,43.07,34.38,99.0,0.0,1.364,2.179
22-12-2018 05:00,7376,12.41,-0.03,-0.609,-0.085,-0.269,24.71,24.98,23.27,-11.69,99,43.29,34.48,99.0,0.254,1.805,2.625
22-12-2018 05:30,7377,12.38,-0.02,-0.644,-0.1,-0.28,23.92,29.68,22.85,-17.41,98.7,44.23,35.27,99.0,18.03,2.476,3.641
22-12-2018 06:00,7378,12.36,0.434,-0.581,-0.024,-0.313,23.53,27.29,22.42,-26.78,98.5,43.58,34.79,99.0,9.91,1.962,2.75
22-12-2018 06:30,7379,12.37,5.708,0.468,0.734,-0.138,23.28,26.12,22.35,-33.13,97.9,42.4,33.88,99.0,2.794,5.609,6.462
22-12-2018 07:00,7380,12.37,10.91,1.505,1.449,-0.024,23.21,25.88,22.35,-36.4,97.9,40.49,32.26,99.0,4.318,8.69,9.6
22-12-2018 07:30,7381,12.41,22.52,4.113,3.002,0.316,23.22,25.73,22.35,-37.32,98,39.88,31.72,99.0,3.81,15.62,16.28
22-12-2018 08:00,7382,12.46,52.41,10.67,8.0,1.33,23.37,25.51,22.49,-37.49,98,39.92,31.71,99.0,0.508,36.79,38.92
22-12-2018 08:30,7383,12.87,107.5,21.14,17.21,3.236,23.61,25.66,22.68,-37.1,97.9,40.35,31.96,99.0,0.254,76.99,80.6
22-12-2018 09:00,7384,13.16,183.3,32.38,28.17,5.582,23.82,26.37,22.87,-37.32,97.7,41.41,32.81,99.0,0.0,131.8,138.2
22-12-2018 09:30,7385,13.41,258.2,44.59,37.03,7.235,24.22,26.55,23.15,-35.92,97,43.24,34.25,99.0,0.0,190.2,197.3
22-12-2018 10:00,7386,13.63,226.9,39.35,32.55,6.41,24.77,26.94,23.32,-35.74,95.2,46.44,36.79,99.0,0.0,165.5,171.9
22-12-2018 10:30,7387,13.99,266.4,43.11,36.58,6.901,25.36,27.09,23.67,-36.47,94.7,47.46,37.63,99.0,0.0,194.6,203.2
22-12-2018 11:00,7388,14.01,479.3,93.0,70.19,13.85,27.31,28.3,24.09,-37.22,92.1,55.33,43.82,99.0,0.0,358.7,384.4
22-12-2018 11:30,7389,14.02,385.3,62.9,56.31,11.11,27.01,28.66,24.66,-37.01,88.2,62.0,49.25,99.0,0.0,290.9,303.2
22-12-2018 12:00,7390,13.35,301.4,48.36,44.89,8.49,26.88,28.89,24.97,-37.13,86.2,61.82,49.2,99.0,0.0,219.9,228.0
22-12-2018 12:30,7391,13.31,346.9,60.39,54.15,10.73,27.19,29.04,25.1,-36.79,84.6,62.38,49.6,99.0,0.0,247.5,261.6
22-12-2018 13:00,7392,13.51,399.7,69.64,69.56,11.42,27.22,29.27,25.3,-36.38,83.5,63.28,50.38,99.0,0.0,294.8,316.7
22-12-2018 13:30,7393,13.5,490.8,137.8,106.3,13.6,27.88,30.01,25.87,-34.71,79.61,66.54,52.89,98.7,0.0,384.7,438.8
22-12-2018 14:00,7394,13.51,435.0,86.9,72.46,11.15,28.23,30.1,26.33,-33.96,78.33,66.89,53.13,96.9,0.0,350.4,372.6
22-12-2018 14:30,7395,13.5,465.2,115.0,67.82,11.0,28.44,30.05,26.3,-33.27,76.86,67.69,53.77,97.3,0.254,338.6,363.8
22-12-2018 15:00,7396,13.49,380.0,79.7,54.43,9.48,28.32,30.39,26.4,-30.92,78.15,67.14,53.35,98.0,0.0,295.8,304.4
22-12-2018 15:30,7397,13.49,430.8,132.0,53.6,7.905,28.43,30.49,26.39,-28.22,78.47,68.66,54.47,97.2,0.0,277.5,332.4
22-12-2018 16:00,7398,13.49,339.1,86.5,42.89,5.859,28.56,30.74,26.52,-26.12,77.13,69.05,54.67,96.8,0.0,235.6,263.8
22-12-2018 16:30,7399,13.47,475.2,111.3,34.47,4.3,29.67,29.72,26.7,-25.75,77.31,71.14,56.19,97.5,0.0,204.1,345.2
22-12-2018 17:00,7400,13.46,186.4,34.14,21.18,2.705,27.76,27.45,26.07,-25.61,85.2,64.32,51.62,96.8,7.366,145.6,169.0
22-12-2018 17:30,7401,13.46,50.33,11.48,7.866,0.617,24.23,24.2,23.46,-30.42,95.3,51.41,41.55,98.3,1.016,38.25,40.18
22-12-2018 18:00,7402,12.88,17.97,3.403,2.325,-0.456,24.62,24.17,23.36,-31.66,96.6,46.39,37.04,98.8,0.254,16.21,17.16
22-12-2018 18:30,7403,12.76,1.36,-0.221,0.095,-0.74,25.25,24.11,23.29,-22.23,97.9,45.34,36.19,99.0,0.508,2.933,3.695
22-12-2018 19:00,7404,12.75,-0.015,-0.572,-0.116,-0.704,26,24.14,23.31,-16.7,98.8,44.71,35.65,99.0,0.0,1.98,2.65
22-12-2018 19:30,7405,12.68,-0.019,-0.588,-0.095,-0.647,26.22,24.05,23.27,-17.8,99.1,44.87,35.68,99.0,0.0,1.528,2.182
22-12-2018 20:00,7406,12.65,-0.024,-0.623,-0.09,-0.543,26.23,24.11,23.29,-16.59,99.3,45.25,35.98,99.0,0.0,1.588,2.169
22-12-2018 20:30,7407,12.63,-0.018,-0.645,-0.084,-0.575,26.54,24.03,23.23,-16.13,99.7,45.22,35.98,99.0,0.0,1.576,2.272
22-12-2018 21:00,7408,12.64,-0.013,-0.67,-0.062,-0.481,26.71,24.05,23.27,-18.28,100,44.98,35.81,99.0,1.016,1.506,2.212
22-12-2018 21:30,7409,12.61,0.037,-0.688,-0.062,-1.169,26.56,24.01,23.21,-18.96,99.9,44.34,35.31,99.0,0.0,1.675,2.406
22-12-2018 22:00,7410,12.59,0.056,-0.694,-0.063,-1.865,26.96,23.96,23.18,-18.83,100.3,43.47,34.54,99.0,0.0,1.422,2.194
22-12-2018 22:30,7411,12.57,0.06,-0.689,-0.062,-0.492,27.13,23.99,23.17,-18.57,100.5,43.7,34.72,99.0,0.0,1.672,2.178
22-12-2018 23:00,7412,12.56,0.085,-0.692,-0.053,-0.395,27.15,23.99,23.15,-18.82,100.4,44.5,35.36,99.0,0.0,1.656,2.271
22-12-2018 23:30,7413,12.56,0.084,-0.681,-0.058,-0.273,26.99,23.99,23.13,-18.97,100.2,44.69,35.61,98.9,0.0,1.883,2.566
23-12-2018 00:00,7414,12.55,0.09,-0.673,-0.05,-0.169,26.96,23.95,23.1,-19.75,100.3,44.51,35.5,98.9,0.0,1.59,2.304
23-12-2018 00:30,7415,12.53,0.091,-0.692,-0.048,-0.22,26.85,23.89,23.14,-19.9,100.4,44.44,35.38,99.0,0.0,1.746,2.632
23-12-2018 01:00,7416,12.52,0.087,-0.698,-0.043,-0.207,26.78,23.86,23.11,-21.27,100.4,44.32,35.3,99.0,0.0,1.837,2.712
23-12-2018 01:30,7417,12.49,0.084,-0.709,-0.05,-0.287,27.03,23.85,23.02,-21.14,100.7,44.16,35.19,98.9,0.0,1.764,2.571
23-12-2018 02:00,7418,12.49,0.092,-0.7,-0.043,-0.282,27.75,23.81,23.02,-21.17,101.5,44.11,35.13,98.9,0.0,1.535,2.217
23-12-2018 02:30,7419,12.48,0.095,-0.712,-0.047,-0.174,27.4,23.83,23.0,-22.09,101.2,43.81,34.9,98.9,0.0,1.633,2.331
23-12-2018 03:00,7420,12.48,0.094,-0.711,-0.041,-0.162,27.68,23.88,23.04,-21.31,101.5,43.67,34.84,99.0,0.0,1.726,2.426
23-12-2018 03:30,7421,12.48,0.096,-0.711,-0.033,-0.329,27.47,23.82,22.98,-20.83,101.4,43.68,34.79,99.0,0.0,1.688,2.425
23-12-2018 04:00,7422,12.48,0.097,-0.724,-0.038,-0.144,27.32,23.81,22.97,-21.53,101.2,44.03,35.08,99.0,0.0,1.644,2.318
23-12-2018 04:30,7423,12.48,0.092,-0.729,-0.041,-0.077,26.95,23.76,22.94,-28.13,101.1,44.09,35.2,99.0,0.0,1.572,2.453
23-12-2018 05:00,7424,12.45,0.099,-0.732,-0.046,-0.041,26.83,23.74,22.94,-35.15,100.9,43.74,34.89,99.0,0.0,1.869,2.536
23-12-2018 05:30,7425,12.45,0.097,-0.734,-0.042,0.02,26.81,23.77,22.91,-34.97,101.4,44.25,35.29,99.0,0.0,1.669,2.549
23-12-2018 06:00,7426,12.44,1.708,-0.394,0.182,-0.018,26.73,23.68,22.87,-35.4,101.4,44.0,35.03,99.0,0.0,2.46,3.176
23-12-2018 06:30,7427,12.45,17.43,2.936,2.476,0.54,26.67,23.66,22.86,-35.7,101.4,44.14,35.21,99.0,0.0,15.02,16.48
23-12-2018 07:00,7428,12.61,55.81,11.19,7.796,1.636,26.71,23.77,22.94,-35.89,101.3,44.46,35.39,99.0,0.0,47.12,49.19
23-12-2018 07:30,7429,13.12,132.7,27.86,16.8,3.402,26.86,24.09,23.15,-36.05,101.2,44.68,35.53,99.0,0.0,110.8,113.9
23-12-2018 08:00,7430,13.35,240.6,44.63,23.15,4.476,26.79,24.4,23.49,-35.69,100.6,45.89,36.38,99.0,0.0,176.1,191.2
23-12-2018 08:30,7431,13.97,579.4,59.6,26.75,5.251,26.69,25.14,24.13,-34.85,98.2,53.06,42.28,99.0,0.0,208.4,425.6
23-12-2018 09:00,7432,14.01,553.4,219.4,18.58,3.612,27.16,25.87,24.7,-31.49,88.7,58.61,47.19,99.0,0.0,160.7,438.5
23-12-2018 09:30,7433,14.05,893.0,280.9,27.28,5.472,28.16,26.8,25.38,-30.31,83.8,65.19,52.65,99.0,0.0,181.0,661.0
23-12-2018 10:00,7434,14.05,742.2,330.3,81.0,8.57,28.4,27.85,26.46,-27.7,79.05,66.35,53.68,98.1,0.0,317.3,590.5
23-12-2018 10:30,7435,13.42,456.0,98.1,63.75,11.85,28.62,28.1,26.53,-28.03,78.05,65.88,52.93,97.0,0.0,327.8,379.3
23-12-2018 11:00,7436,13.42,695.9,217.1,73.78,13.47,29.57,28.84,27.38,-13.72,74.97,68.05,54.2,94.2,0.0,397.6,644.7
23-12-2018 11:30,7437,13.43,441.8,79.48,87.5,16.97,30,28.48,27.24,21.99,75.22,67.83,53.87,95.2,0.0,339.3,529.3
23-12-2018 12:00,7438,13.39,429.5,104.3,91.9,13.18,31.52,29.34,27.97,-1.719,72.24,68.98,54.71,96.1,0.0,354.8,504.3
23-12-2018 12:30,7439,13.34,652.1,120.2,97.5,18.25,31.69,29.58,28.03,6.564,71.29,69.25,54.87,95.0,0.0,450.6,630.4
23-12-2018 13:00,7440,13.27,670.7,145.7,196.6,19.78,31.42,32.14,28.64,-17.23,67.25,72.11,57.13,93.1,0.0,481.5,663.5
23-12-2018 13:30,7441,13.19,419.3,201.9,239.2,11.63,30.53,35.86,28.99,26.22,66.78,73.13,58.14,92.6,0.254,354.5,650.6
23-12-2018 14:00,7442,13.39,386.7,210.3,136.3,8.16,31.06,33.44,27.49,25.92,75.31,70.77,56.74,90.1,0.0,284.3,444.9
23-12-2018 14:30,7443,13.33,734.3,447.2,82.1,13.14,32.54,33.86,27.74,25.9,78.83,71.43,57.57,93.9,0.0,381.7,560.3
23-12-2018 15:00,7444,13.34,464.8,257.4,53.34,7.869,30.22,32.65,26.9,25.55,83.9,69.04,56.14,95.7,4.572,257.3,360.8
23-12-2018 15:30,7445,13.36,132.5,25.52,17.17,2.02,25.33,30.04,24.45,22.15,95.4,56.92,46.14,98.3,4.572,98.5,102.1
23-12-2018 16:00,7446,13.35,131.7,25.55,18.5,2.465,25.45,29.02,24.18,23.82,94.1,52.13,41.69,98.9,0.0,97.8,102.7
23-12-2018 16:30,7447,12.8,49.03,9.72,7.677,0.595,25.43,28.95,24.34,24.04,96,50.81,40.54,99.0,0.0,38.06,40.01
23-12-2018 17:00,7448,12.72,17.25,2.884,2.047,-0.272,25.18,28.81,24.32,24.03,96.1,49.77,39.69,99.0,4.826,14.63,15.67
23-12-2018 17:30,7449,12.71,18.52,2.793,1.72,-0.23,25.17,28.07,23.98,23.74,97,49.24,39.26,99.0,0.0,15.38,16.05
23-12-2018 18:00,7450,12.63,9.71,1.35,0.912,-0.244,26.09,28.32,23.94,23.76,98.1,48.79,38.86,99.0,0.0,8.18,9.46
23-12-2018 18:30,7451,12.58,1.201,-0.056,0.049,-0.309,27.24,28.29,23.87,23.73,100.1,48.5,38.56,99.0,0.0,2.37,2.983
23-12-2018 19:00,7452,12.57,-0.016,-0.307,-0.094,-0.297,27.48,28.39,23.81,23.59,100.9,48.24,38.36,99.0,0.0,1.94,2.504
23-12-2018 19:30,7453,12.54,-0.018,-0.316,-0.09,-0.213,26.78,27.85,23.61,9.53,100.3,47.5,37.8,99.0,0.254,1.839,2.305
23-12-2018 20:00,7454,12.56,-0.013,-0.348,-0.084,-0.113,26.34,26.24,23.52,-28.9,99.8,45.78,36.51,99.0,0.0,1.902,2.538
23-12-2018 20:30,7455,12.53,0.029,-0.372,-0.083,-0.017,25.86,25.72,23.39,-18.01,99.5,45.66,36.37,98.9,0.0,1.738,2.303
23-12-2018 21:00,7456,12.5,0.083,-0.386,-0.072,0.017,25.84,25.4,23.29,4.717,99.7,45.68,36.41,98.9,0.0,1.819,2.601
23-12-2018 21:30,7457,12.47,0.086,-0.404,-0.069,0.11,25.6,25.6,23.21,-32.49,99.7,45.27,36.07,99.0,0.0,1.392,2.085
23-12-2018 22:00,7458,12.48,0.089,-0.445,-0.057,0.221,25.59,25.85,23.23,-35.45,99.8,45.05,35.85,99.0,0.0,2.05,2.879
23-12-2018 22:30,7459,12.48,0.082,-0.481,-0.056,0.149,25.54,25.9,23.2,-36.07,99.7,44.9,35.72,99.0,0.0,1.799,2.691
23-12-2018 23:00,7460,12.49,0.075,-0.495,-0.056,0.18,25.68,25.97,23.17,-36.1,99.6,44.76,35.62,99.0,0.0,1.604,2.307
23-12-2018 23:30,7461,12.46,0.076,-0.519,-0.05,0.451,25.67,26.02,23.18,-36.14,99,44.82,35.7,99.0,0.0,1.839,2.688
24-12-2018 00:00,7462,12.45,0.085,-0.54,-0.043,0.461,25.59,26.03,23.13,-36.12,99,44.87,35.75,99.0,0.0,1.512,2.265
24-12-2018 00:30,7463,12.44,0.094,-0.551,-0.051,0.48,25.63,26.14,23.11,-36.37,99.3,44.72,35.54,99.0,0.0,1.574,2.402
24-12-2018 01:00,7464,12.42,0.093,-0.58,-0.049,0.483,25.57,26.12,23.09,-36.47,99,44.88,35.69,99.0,0.0,1.661,2.357
24-12-2018 01:30,7465,12.42,0.09,-0.615,-0.042,0.518,25.29,25.99,23.0,-36.28,99.2,44.73,35.61,99.0,0.0,1.501,2.51
24-12-2018 02:00,7466,12.4,0.096,-0.644,-0.032,0.556,25.25,26.08,23.04,-36.42,99,44.57,35.48,99.0,0.0,1.905,2.493
24-12-2018 02:30,7467,12.4,0.097,-0.647,-0.042,0.621,25.21,26.08,23.09,-36.62,98.6,44.78,35.68,99.0,0.0,1.736,2.575
24-12-2018 03:00,7468,12.38,0.094,-0.662,-0.041,0.599,25.22,26.02,23.05,-36.75,98.5,44.53,35.5,99.0,0.0,1.826,2.799
24-12-2018 03:30,7469,12.37,0.097,-0.653,-0.033,0.573,25.27,25.99,23.05,-36.93,98.1,44.64,35.5,99.0,0.0,1.582,2.593
24-12-2018 04:00,7470,12.37,0.097,-0.674,-0.046,0.641,25.06,25.95,23.03,-37.29,98.6,44.69,35.58,99.0,0.0,1.776,2.553
24-12-2018 04:30,7471,12.34,0.104,-0.679,-0.042,0.649,25,25.9,23.0,-37.25,99,44.55,35.46,99.0,0.0,1.798,2.298
24-12-2018 05:00,7472,12.33,0.102,-0.688,-0.034,0.694,24.94,25.92,22.97,-37.57,99.1,44.3,35.29,99.0,0.0,1.509,2.515
24-12-2018 05:30,7473,12.33,0.103,-0.687,-0.036,0.755,24.91,25.9,22.96,-37.7,99.1,44.45,35.42,99.0,0.0,1.627,2.547
24-12-2018 06:00,7474,12.31,2.853,-0.221,0.24,0.837,24.81,25.83,22.91,-37.71,99.1,44.5,35.43,99.0,0.0,3.814,4.457
24-12-2018 06:30,7475,12.34,26.71,4.16,2.948,1.262,24.72,25.85,22.88,-37.55,99,44.35,35.3,99.0,0.0,20.27,21.85
24-12-2018 07:00,7476,12.5,60.36,12.36,8.62,2.353,24.99,26.11,23.0,-37.53,99,44.48,35.35,99.0,0.0,46.86,49.14
24-12-2018 07:30,7477,12.88,170.1,22.71,14.32,3.441,25.51,26.58,23.39,-37.67,98.1,46.13,36.51,99.0,0.0,98.2,126.9
24-12-2018 08:00,7478,13.42,505.2,34.03,22.99,4.087,27.19,27.4,24.19,-36.98,92.8,52.36,41.62,99.0,0.0,112.0,390.1
24-12-2018 08:30,7479,13.6,593.5,30.48,14.79,3.548,28.06,28.21,24.99,-35.95,86.5,60.3,48.51,99.0,0.0,102.7,424.4
24-12-2018 09:00,7480,13.94,645.8,336.7,21.32,4.62,28.23,29.09,25.52,-26.14,84.5,64.66,52.27,99.0,0.0,152.2,513.8
24-12-2018 09:30,7481,14.01,834.0,387.9,43.32,9.65,28.92,30.24,26.67,-9.14,81,68.49,55.32,99.0,0.0,267.4,629.9
24-12-2018 10:00,7482,14.01,450.0,201.5,64.28,7.175,29,30.19,26.83,-17.91,79.37,68.12,54.84,98.6,0.0,234.5,366.0
24-12-2018 10:30,7483,13.39,956.0,443.2,64.28,12.6,29.77,30.67,27.21,7.727,74.85,68.86,55.04,98.9,0.0,301.0,726.2
24-12-2018 11:00,7484,13.39,707.8,216.8,41.89,8.71,32.47,31.05,28.36,-17.96,72.89,69.77,55.92,96.4,0.0,243.2,880.0
24-12-2018 11:30,7485,13.39,351.9,67.53,78.13,16.74,35.19,31.05,28.81,16.21,76.61,70.0,56.18,92.0,0.0,287.2,719.5
24-12-2018 12:00,7486,13.32,354.7,64.88,71.01,11.38,35.38,30.98,28.58,26.5,78.83,69.71,55.83,94.3,0.0,281.0,481.0
24-12-2018 12:30,7487,13.35,231.5,44.37,36.68,6.536,27.11,27.32,25.84,25.14,91.4,61.55,50.32,94.8,5.588,173.2,182.5
24-12-2018 13:00,7488,13.35,756.5,153.4,168.2,19.47,26.49,26.65,24.97,24.54,93.8,57.29,45.96,98.7,1.016,471.0,655.8
24-12-2018 13:30,7489,13.38,385.2,68.01,64.65,10.9,27.01,27.14,25.34,24.87,90.8,60.47,48.25,99.0,0.0,301.8,318.8
24-12-2018 14:00,7490,13.38,373.8,67.92,78.56,11.2,27.72,27.76,25.63,25.06,88.4,63.05,50.26,99.0,0.0,303.2,324.8
24-12-2018 14:30,7491,13.39,271.3,38.21,42.37,7.668,27.82,27.59,25.64,25.07,87.3,62.4,49.72,98.9,0.0,202.6,213.8
24-12-2018 15:00,7492,13.37,748.7,464.0,64.55,10.23,28.56,28.85,26.25,25.39,83.9,67.42,53.45,99.0,0.0,325.0,544.0
24-12-2018 15:30,7493,13.24,222.9,40.02,32.55,5.078,28.1,28.86,26.56,25.67,82,66.93,53.35,98.9,0.0,183.4,189.9
24-12-2018 16:00,7494,13.28,102.6,16.91,13.37,2.1,27.26,27.91,26.05,25.5,86.8,62.04,49.59,98.2,0.0,86.5,89.9
24-12-2018 16:30,7495,13.44,186.6,33.38,26.87,4.711,27.2,27.67,25.89,25.42,89.6,61.14,48.81,98.8,0.0,147.7,152.8
24-12-2018 17:00,7496,13.44,146.3,25.69,14.33,2.061,27.33,27.85,26.0,25.48,85.4,62.83,49.94,98.9,0.0,100.3,110.2
24-12-2018 17:30,7497,13.46,68.88,11.96,6.052,0.915,27.03,27.4,25.67,25.29,86.4,60.06,47.81,98.2,0.0,53.62,55.44
24-12-2018 18:00,7498,12.93,32.4,6.321,3.878,0.627,26.73,27.11,25.42,25.03,90.9,56.51,45.03,98.4,0.0,28.78,30.52
24-12-2018 18:30,7499,12.78,1.392,0.052,0.111,0.214,26.37,26.76,25.23,24.93,92,53.28,42.39,98.7,0.0,3.867,4.609
24-12-2018 19:00,7500,12.75,-0.065,-0.196,-0.092,0.183,25.91,26.17,24.79,24.54,93.5,50.98,40.7,98.0,0.0,2.445,3.466
24-12-2018 19:30,7501,12.72,-0.068,-0.224,-0.092,0.147,25.31,25.68,24.33,24.13,93.3,49.48,39.47,97.9,0.0,1.779,2.754
24-12-2018 20:00,7502,12.72,-0.062,-0.245,-0.08,0.196,25.14,25.49,24.08,23.94,93.7,47.98,38.21,98.0,0.0,1.552,2.255
24-12-2018 20:30,7503,12.72,-0.068,-0.298,-0.07,0.301,24.99,25.4,23.96,23.84,96,46.04,36.63,98.8,0.0,1.648,2.419
24-12-2018 21:00,7504,12.68,-0.064,-0.333,-0.066,0.332,25.16,25.27,23.92,23.82,95,46.35,36.89,98.5,0.0,1.281,2.194
24-12-2018 21:30,7505,12.67,-0.067,-0.368,-0.048,0.426,25.36,25.38,23.91,23.83,95.7,45.44,36.05,98.7,0.0,1.327,1.882
24-12-2018 22:00,7506,12.66,-0.064,-0.416,-0.047,0.588,25.34,25.4,23.96,23.86,96.4,44.56,35.32,99.0,0.0,1.814,2.476
24-12-2018 22:30,7507,12.65,-0.06,-0.433,-0.05,0.696,25.27,25.41,23.93,23.82,96.7,44.26,35.14,99.0,0.0,1.961,2.703
24-12-2018 23:00,7508,12.65,-0.058,-0.463,-0.047,0.712,24.63,25.24,23.86,23.74,97,43.66,34.64,98.9,0.0,2.296,2.821
24-12-2018 23:30,7509,12.61,-0.046,-0.491,-0.048,0.813,24.59,25.1,23.73,23.61,97.5,43.46,34.51,98.8,0.0,1.572,2.212
25-12-2018 00:00,7510,12.61,-0.045,-0.498,-0.051,0.939,24.55,24.99,23.6,23.31,97.8,43.12,34.27,98.7,0.0,1.984,2.807
25-12-2018 00:30,7511,12.61,-0.037,-0.513,-0.041,1.001,24.6,24.8,23.46,21.67,98.2,42.75,33.94,98.8,0.0,1.678,2.3
25-12-2018 01:00,7512,12.59,-0.04,-0.536,-0.042,1.009,24.63,24.73,23.43,19.15,98.4,43.1,34.2,99.0,0.0,1.735,2.473
25-12-2018 01:30,7513,12.57,-0.04,-0.552,-0.042,1.026,24.71,24.75,23.45,18.29,98.5,43.39,34.46,99.0,0.0,1.83,2.408
25-12-2018 02:00,7514,12.56,-0.042,-0.552,-0.041,1.131,24.55,24.63,23.4,18.2,98.6,43.14,34.3,99.0,0.0,1.858,2.575
25-12-2018 02:30,7515,12.56,-0.035,-0.563,-0.037,1.182,24.7,24.54,23.27,17.55,98.8,42.91,34.06,98.8,0.0,1.329,2.298
25-12-2018 03:00,7516,12.56,-0.051,-0.578,-0.038,1.268,24.78,24.55,23.22,17.54,98.6,42.91,34.11,98.6,0.0,1.339,2.276
25-12-2018 03:30,7517,12.56,-0.052,-0.593,-0.034,1.418,24.87,24.54,23.21,19.77,98,43.03,34.22,98.7,0.0,1.65,2.369
25-12-2018 04:00,7518,12.55,-0.06,-0.619,-0.029,1.384,24.96,24.6,23.24,19.68,97.3,42.93,34.08,98.8,0.0,1.602,2.476
25-12-2018 04:30,7519,12.53,-0.05,-0.622,-0.041,1.337,24.88,24.45,23.13,20.36,97.6,42.62,33.91,98.6,0.0,1.939,2.781
25-12-2018 05:00,7520,12.53,-0.04,-0.598,-0.053,1.223,25.57,24.71,22.94,22.85,98.8,42.83,34.05,98.7,0.0,1.415,1.985
25-12-2018 05:30,7521,12.52,-0.039,-0.612,-0.043,1.263,26.03,25.14,22.87,22.72,99.4,43.05,34.29,98.6,0.0,1.836,2.488
25-12-2018 06:00,7522,12.49,1.372,-0.356,0.184,1.274,26.12,25.4,22.92,22.68,99.1,43.21,34.37,98.8,0.0,2.657,3.6
25-12-2018 06:30,7523,12.53,11.01,1.513,1.673,1.248,26.09,25.47,23.03,22.75,98.9,43.0,34.18,99.0,0.0,8.59,9.59
25-12-2018 07:00,7524,12.49,6.669,0.793,1.067,1.245,26.16,25.44,23.05,22.77,97.6,43.63,34.7,99.0,6.096,5.438,5.827
25-12-2018 07:30,7525,12.53,26.44,4.73,4.023,1.854,25.8,25.36,23.04,22.73,98.6,43.93,35.0,99.0,1.016,18.96,20.52
25-12-2018 08:00,7526,12.77,64.16,11.18,9.66,2.917,25.81,25.47,23.14,22.82,98.3,44.1,35.05,99.0,0.254,49.22,50.84
25-12-2018 08:30,7527,13.2,213.1,36.8,35.39,8.24,26.05,25.6,23.24,22.93,96.9,45.5,36.13,99.0,0.0,165.4,173.0
25-12-2018 09:00,7528,14.01,327.8,62.28,45.86,9.2,26.43,26.09,23.61,23.18,95.2,49.16,38.84,99.0,0.0,252.2,267.4
25-12-2018 09:30,7529,14.04,396.8,95.3,56.2,11.57,26.55,26.62,24.08,23.5,92.2,53.18,41.98,99.0,0.0,290.0,313.9
25-12-2018 10:00,7530,14.04,399.5,84.6,57.48,11.98,26.44,27.14,24.45,23.39,88.4,57.83,45.87,99.0,0.254,313.5,325.0
25-12-2018 10:30,7531,14.05,950.0,429.1,84.7,18.32,26.98,28.08,25.15,16.7,83.5,64.17,51.13,99.0,0.0,447.6,741.7
25-12-2018 11:00,7532,13.42,720.9,128.0,74.97,17.07,27.82,28.84,25.81,21.47,78.99,65.46,52.63,98.7,0.0,463.2,647.9
25-12-2018 11:30,7533,13.43,644.5,137.9,112.7,22.9,28.82,29.84,26.78,3.651,73.83,67.66,54.59,96.9,0.0,553.9,876.0
25-12-2018 12:00,7534,13.43,596.1,102.5,110.7,20.56,28.58,29.88,27.06,-21.49,75.31,68.16,55.11,95.0,0.0,488.5,585.8
25-12-2018 12:30,7535,13.42,532.7,85.0,83.2,15.45,28.88,30.04,27.05,-25.34,76.41,68.65,55.19,96.5,0.0,406.9,499.4
25-12-2018 13:00,7536,13.43,392.8,57.32,61.39,11.57,28.25,29.15,26.65,-19.71,82.1,66.04,53.4,96.7,0.0,302.1,333.5
25-12-2018 13:30,7537,13.42,386.8,67.32,64.58,12.49,26.53,27.67,25.61,-25.54,88.8,62.55,50.62,97.6,0.0,309.6,322.9
25-12-2018 14:00,7538,13.42,469.8,157.7,224.5,13.75,27.82,28.66,26.14,-25.52,84.3,66.79,53.31,98.7,0.0,387.5,590.6
25-12-2018 14:30,7539,13.41,1018.0,136.8,57.03,5.528,29.45,30.16,27.53,10.11,76.11,71.17,57.01,97.0,0.0,193.7,699.4
25-12-2018 15:00,7540,13.41,899.0,442.5,37.06,6.575,30.72,30.69,28.05,25.47,71.67,72.58,58.49,95.2,0.0,178.6,605.5
25-12-2018 15:30,7541,13.43,852.0,435.4,59.73,8.34,32,31.66,28.48,24.53,71.22,74.18,59.9,95.0,0.254,130.6,581.3
25-12-2018 16:00,7542,13.42,582.2,214.7,87.0,3.391,30.88,33.02,28.45,25.95,69.04,75.13,60.75,96.1,0.0,136.5,428.4
25-12-2018 16:30,7543,13.42,405.0,42.77,17.86,2.655,31.42,33.83,28.41,25.97,69.07,74.89,60.5,95.9,0.0,125.4,287.7
25-12-2018 17:00,7544,13.41,192.5,39.64,10.07,1.241,30.9,33.02,27.89,25.63,71.02,73.07,58.91,94.5,0.0,72.91,131.7
25-12-2018 17:30,7545,13.41,74.86,11.69,8.3,1.06,29.69,32.54,27.37,25.38,73.37,70.96,57.07,95.7,0.0,54.18,61.53
25-12-2018 18:00,7546,12.88,27.59,4.189,3.007,0.198,28.71,31.31,26.77,25.14,80.9,67.22,54.05,95.6,0.0,24.68,25.71
25-12-2018 18:30,7547,12.72,2.51,0.402,0.227,-0.341,27.38,30.11,25.94,24.86,85.3,63.47,50.98,95.6,0.0,4.671,5.57
25-12-2018 19:00,7548,12.69,-0.071,-0.016,-0.06,-0.279,26.67,29.14,25.36,24.53,82.5,62.22,49.92,96.4,0.0,1.531,2.255
25-12-2018 19:30,7549,12.65,-0.076,-0.006,-0.055,-0.21,26.35,28.43,24.94,24.23,82.9,61.32,49.28,94.3,0.0,1.981,2.902
25-12-2018 20:00,7550,12.64,-0.079,-0.012,-0.066,-0.178,26.17,29.54,24.51,24.07,85.5,60.84,48.85,95.4,0.0,2.092,2.788
25-12-2018 20:30,7551,12.62,-0.081,-0.014,-0.06,-0.112,26.07,30.47,24.3,24.05,87.7,60.19,48.32,95.1,0.0,2.121,2.889
25-12-2018 21:00,7552,12.6,-0.078,-0.03,-0.063,-0.054,25.68,28.92,24.05,23.87,88.9,57.94,46.55,96.1,0.0,1.972,2.527
25-12-2018 21:30,7553,12.57,-0.079,-0.043,-0.072,0.018,25.27,27.92,23.76,23.51,91.4,55.31,44.45,97.0,0.0,2.062,2.898
25-12-2018 22:00,7554,12.56,-0.069,-0.061,-0.07,0.148,25.04,26.9,23.62,23.5,93.4,52.4,42.02,97.4,0.0,2.118,3.041
25-12-2018 22:30,7555,12.54,-0.064,-0.081,-0.074,0.235,24.69,26.83,23.53,23.44,94.8,50.74,40.67,97.4,0.0,1.762,2.459
25-12-2018 23:00,7556,12.53,-0.062,-0.096,-0.07,0.31,24.51,26.72,23.44,23.36,95,49.04,39.32,97.7,0.0,1.663,2.405
25-12-2018 23:30,7557,12.5,-0.063,-0.09,-0.072,0.383,24.41,26.3,23.32,23.25,95.9,48.02,38.49,97.8,0.0,1.371,2.009
26-12-2018 00:00,7558,12.5,-0.061,-0.115,-0.071,0.431,24.21,25.83,23.25,23.18,96.1,46.7,37.43,98.2,0.0,1.847,2.757
26-12-2018 00:30,7559,12.49,-0.058,-0.124,-0.074,0.485,24.11,25.7,23.22,23.18,96.3,45.37,36.32,98.2,0.0,2.283,2.85
26-12-2018 01:00,7560,12.48,-0.059,-0.143,-0.078,0.52,24.11,25.45,23.08,22.99,96.9,44.95,36.02,97.7,0.0,1.47,2.278
26-12-2018 01:30,7561,12.49,-0.047,-0.152,-0.074,0.538,24.03,25.38,22.95,-15.06,97,44.28,35.52,97.9,0.0,1.839,2.777
26-12-2018 02:00,7562,12.45,-0.052,-0.161,-0.07,0.536,24,25.78,22.86,-27.94,96.9,43.99,35.22,98.2,0.0,1.613,2.415
26-12-2018 02:30,7563,12.45,-0.043,-0.165,-0.059,0.583,24.13,25.79,22.86,-11.67,97.5,43.88,35.1,98.2,0.0,1.782,2.339
26-12-2018 03:00,7564,12.45,-0.038,-0.187,-0.06,0.637,24.19,25.81,22.93,-10.34,97.6,43.69,34.93,98.3,0.0,1.543,2.321
26-12-2018 03:30,7565,12.41,-0.034,-0.194,-0.057,0.64,24.31,25.96,23.03,-8.59,97.2,43.62,34.85,98.5,0.0,1.908,2.624
26-12-2018 04:00,7566,12.42,-0.041,-0.215,-0.057,0.74,24.08,25.97,23.09,-9.22,97.3,43.27,34.59,98.5,0.0,1.721,2.769
26-12-2018 04:30,7567,12.4,-0.047,-0.232,-0.064,0.806,23.98,26.02,23.12,-10.06,97.5,42.95,34.39,98.6,0.0,1.849,2.737
26-12-2018 05:00,7568,12.39,-0.037,-0.236,-0.062,0.803,24,25.9,23.03,-12.06,97.6,42.84,34.24,98.3,0.0,1.55,2.377
26-12-2018 05:30,7569,12.39,-0.042,-0.248,-0.053,0.859,24.04,25.94,23.05,-10.57,97.5,42.55,33.97,98.4,0.0,1.685,2.473
26-12-2018 06:00,7570,12.38,1.274,-0.021,0.161,0.974,23.93,25.97,23.1,-7.292,97.5,42.37,33.87,98.6,0.0,2.643,3.409
26-12-2018 06:30,7571,12.4,14.15,2.14,2.125,1.332,23.99,26.08,23.12,-6.837,97.6,42.72,34.13,98.7,0.0,11.9,12.91
26-12-2018 07:00,7572,12.45,40.36,6.584,5.873,2.055,24.14,26.2,23.27,-7.132,97.4,43.38,34.72,98.9,0.0,32.87,35.01
26-12-2018 07:30,7573,12.97,160.2,23.45,16.85,3.905,24.8,26.7,23.63,-8.15,96.4,46.98,37.49,98.8,0.0,114.2,128.8
26-12-2018 08:00,7574,13.32,315.5,34.52,22.02,4.461,26.17,27.5,24.23,-10.66,89.7,57.61,46.17,98.7,0.0,148.7,239.0
26-12-2018 08:30,7575,13.93,356.0,47.03,34.45,7.305,26.42,28.3,25.08,-9.05,89.4,61.26,49.45,98.9,0.254,208.4,286.2
26-12-2018 09:00,7576,13.94,401.3,105.6,50.08,11.14,26.48,28.26,25.1,-11.28,89.8,61.88,49.9,99.0,0.0,283.1,328.3
26-12-2018 09:30,7577,13.97,796.2,473.6,34.2,8.52,27.88,29.27,25.83,-2.923,83.1,67.99,54.7,98.9,0.0,218.9,577.6
26-12-2018 10:00,7578,13.35,839.0,345.6,78.73,10.39,28.61,30.26,26.82,24.75,78.78,68.74,55.7,98.0,0.254,308.2,643.8
26-12-2018 10:30,7579,13.35,462.9,150.8,53.55,11.02,28.28,30.12,26.89,23.02,79.27,67.11,54.23,96.7,0.0,311.3,379.4
26-12-2018 11:00,7580,13.34,852.0,247.3,58.13,11.41,28.87,30.78,27.51,24.15,76.65,69.57,56.07,95.5,0.0,346.9,951.0
26-12-2018 11:30,7581,13.36,345.0,140.6,54.33,13.91,28.79,31.9,27.52,24.05,79.9,68.86,56.28,93.1,2.794,305.3,645.2
26-12-2018 12:00,7582,13.34,480.0,197.1,121.3,16.59,26.84,29.91,25.55,23.23,89.3,63.57,51.55,98.7,0.0,374.3,668.0
26-12-2018 12:30,7583,13.38,534.7,84.9,77.03,13.9,27.64,30.75,25.92,23.46,83.8,67.85,54.72,98.4,0.0,390.7,486.9
26-12-2018 13:00,7584,13.39,759.7,126.7,198.2,14.32,28.47,31.51,26.52,23.81,81.2,70.38,56.82,98.3,0.0,408.2,701.8
26-12-2018 13:30,7585,13.38,539.9,136.9,232.1,15.05,29.84,31.88,27.42,25.11,77.9,70.9,57.36,96.2,0.0,439.1,728.2
26-12-2018 14:00,7586,13.37,280.0,129.5,450.5,4.931,30.06,32.07,27.61,25.76,75.54,71.78,58.23,93.1,0.0,206.3,706.9
26-12-2018 14:30,7587,13.34,672.1,98.5,62.42,7.144,30.68,32.75,28.0,26.02,74.15,73.38,59.57,93.9,0.0,281.4,518.7
26-12-2018 15:00,7588,13.34,968.0,563.0,44.51,4.44,31.89,34.21,28.36,26.28,70.46,75.17,60.99,95.3,0.0,230.6,670.6
26-12-2018 15:30,7589,13.35,406.8,180.9,40.39,5.83,30.57,33.23,28.32,26.56,72.97,72.43,59.27,91.6,0.0,223.1,322.3
26-12-2018 16:00,7590,13.34,330.2,113.1,56.42,3.283,29.96,31.8,27.09,25.96,76.8,71.77,58.25,94.5,0.0,170.3,256.0
26-12-2018 16:30,7591,13.35,336.5,60.27,18.76,1.963,29.71,32.08,27.13,25.94,79.97,72.19,58.38,96.1,0.0,102.8,226.7
26-12-2018 17:00,7592,13.34,106.9,19.3,10.31,0.758,29.36,31.4,27.1,25.98,81.1,69.43,56.04,95.2,0.0,79.93,89.7
26-12-2018 17:30,7593,13.35,80.1,15.05,11.08,1.116,28.51,30.69,26.48,25.81,85.9,66.44,53.65,96.8,0.0,69.73,73.6
26-12-2018 18:00,7594,12.81,36.45,6.919,4.743,0.026,27.18,30.17,25.98,25.56,88.9,63.79,51.41,97.5,0.0,33.08,34.94
26-12-2018 18:30,7595,12.64,1.075,0.153,0.095,-0.576,25.91,29.05,25.41,25.14,93.7,57.01,45.84,98.4,2.54,3.89,4.556
26-12-2018 19:00,7596,12.68,-0.039,-0.072,-0.08,-0.48,25.64,27.85,25.03,24.84,95.5,51.82,41.63,98.5,0.0,2.363,2.994
26-12-2018 19:30,7597,12.69,-0.037,-0.069,-0.085,-0.319,25.81,27.57,24.74,24.53,95.8,50.63,40.63,98.5,0.0,1.707,2.433
26-12-2018 20:00,7598,12.65,-0.035,-0.091,-0.079,-0.182,25.91,27.7,24.63,24.42,97.3,49.01,39.27,98.8,0.0,1.486,2.332
26-12-2018 20:30,7599,12.64,-0.033,-0.125,-0.075,-0.101,25.71,27.71,24.54,24.37,97,47.95,38.39,98.7,0.0,2.073,2.415
26-12-2018 21:00,7600,12.62,-0.032,-0.146,-0.073,-0.071,25.54,27.62,24.41,24.25,96.5,47.61,38.14,98.8,0.0,1.472,2.09
26-12-2018 21:30,7601,12.6,-0.028,-0.158,-0.077,0.005,25.3,28.57,24.27,23.59,96.9,47.83,38.3,98.9,0.0,1.605,2.391
26-12-2018 22:00,7602,12.6,-0.023,-0.18,-0.079,0.056,25.23,29.44,24.15,22.93,96.3,47.95,38.37,98.9,0.0,1.598,2.396
26-12-2018 22:30,7603,12.58,-0.023,-0.192,-0.073,0.105,25.07,29.99,24.15,22.27,97.3,47.64,38.09,99.0,0.0,1.504,2.2
26-12-2018 23:00,7604,12.55,-0.017,-0.212,-0.064,0.116,25.1,29.67,24.19,22.25,97.6,46.93,37.52,99.0,0.0,1.665,2.035
26-12-2018 23:30,7605,12.55,-0.018,-0.236,-0.06,0.241,25.1,29.44,24.25,22.24,97.8,46.18,36.93,99.0,0.762,1.64,2.251
27-12-2018 00:00,7606,12.54,-0.019,-0.312,-0.063,0.254,25.11,29.35,24.31,22.23,97.9,46.0,36.7,99.0,10.41,1.955,2.554
27-12-2018 00:30,7607,12.53,-0.036,-0.542,-0.037,0.38,24.87,29.17,24.15,22.91,97.7,45.28,36.2,99.0,18.8,1.917,2.761
27-12-2018 01:00,7608,12.5,-0.025,-0.642,-0.039,0.406,24.73,28.89,23.96,23.77,97.5,44.64,35.58,99.0,0.254,1.642,2.352
27-12-2018 01:30,7609,12.44,-0.019,-0.683,-0.04,0.431,24.61,28.6,23.89,23.74,97.5,44.11,35.16,99.0,0.762,1.723,2.527
27-12-2018 02:00,7610,12.45,-0.02,-0.697,-0.047,0.497,24.41,28.37,23.87,23.74,97.5,43.98,35.07,99.0,1.016,1.589,2.217
27-12-2018 02:30,7611,12.45,-0.016,-0.681,-0.047,0.449,24.39,28.17,23.79,23.66,97.6,45.49,36.36,99.0,0.508,1.502,2.111
27-12-2018 03:00,7612,12.45,-0.021,-0.721,-0.054,0.412,24.36,27.98,23.84,23.71,97.7,45.66,36.47,99.0,0.0,1.458,2.357
27-12-2018 03:30,7613,12.41,-0.014,-0.717,-0.067,0.41,24.35,28.05,23.82,23.7,97.8,45.08,35.93,99.0,0.0,1.944,2.651
27-12-2018 04:00,7614,12.41,-0.016,-0.715,-0.079,0.404,24.28,27.99,23.74,23.62,97.8,45.86,36.52,99.0,0.0,1.786,2.511
27-12-2018 04:30,7615,12.38,-0.014,-0.731,-0.077,0.384,24.2,27.96,23.69,23.57,97.8,45.31,36.12,99.0,0.0,1.537,2.109
27-12-2018 05:00,7616,12.37,-0.013,-0.744,-0.081,0.382,24.21,27.95,23.64,23.51,97.9,44.73,35.63,99.0,0.0,1.971,2.505
27-12-2018 05:30,7617,12.26,-0.007,-0.748,-0.091,0.436,24.16,28.13,23.59,23.47,97.9,45.26,36.1,99.0,0.0,1.907,2.66
27-12-2018 06:00,7618,12.3,2.077,-0.383,0.137,0.454,24.14,28.29,23.55,23.32,97.9,45.59,36.3,99.0,0.0,2.842,3.59
27-12-2018 06:30,7619,12.33,13.58,1.786,1.669,0.696,24.06,29.05,23.49,23.25,97.9,45.39,36.18,99.0,0.0,8.75,9.87
27-12-2018 07:00,7620,12.41,51.64,8.32,6.365,1.523,24.14,29.21,23.55,23.29,97.8,46.44,36.96,99.0,0.0,36.35,38.48
27-12-2018 07:30,7621,12.89,126.1,25.91,17.61,3.572,24.41,29.45,23.83,23.49,97.8,47.37,37.64,99.0,1.016,97.5,102.7
27-12-2018 08:00,7622,13.13,169.0,35.04,23.98,4.836,24.52,29.63,24.08,23.68,97.7,48.46,38.58,99.0,2.032,131.3,136.6
27-12-2018 08:30,7623,13.4,355.3,51.67,27.73,5.139,24.95,29.79,24.21,23.84,96.2,51.3,40.87,99.0,0.0,183.4,263.1
27-12-2018 09:00,7624,13.9,351.6,60.78,42.26,8.43,25.78,30.49,24.67,24.18,93.1,55.4,44.33,99.0,0.0,244.0,286.6
27-12-2018 09:30,7625,13.89,320.8,62.06,47.38,9.73,26.12,30.68,24.93,24.42,92.6,56.6,45.28,99.0,0.254,252.6,264.7
27-12-2018 10:00,7626,13.3,188.4,40.77,31.64,6.466,24.46,30.06,23.82,21.99,93.9,50.43,40.69,98.4,12.19,137.5,145.4
27-12-2018 10:30,7627,13.93,111.3,24.65,17.46,3.247,23.56,26.02,22.22,-19.36,97.1,44.88,35.97,98.8,10.92,71.59,74.44
27-12-2018 11:00,7628,13.97,115.6,19.48,14.24,2.529,23.85,26.06,22.44,-15.3,98,45.91,36.67,99.0,0.254,84.2,86.8
27-12-2018 11:30,7629,13.35,235.5,40.03,34.29,6.358,24.39,26.51,22.79,-10.01,98,46.48,36.87,99.0,0.0,171.8,179.7
27-12-2018 12:00,7630,13.37,303.2,55.33,46.9,8.86,25.11,27.2,23.31,-12.46,96.4,47.12,37.1,99.0,0.0,230.4,241.4
27-12-2018 12:30,7631,13.39,523.6,106.1,79.63,16.29,25.48,27.62,23.88,-14.9,93.8,48.91,38.46,99.0,0.0,346.6,463.5
27-12-2018 13:00,7632,13.37,1149.0,121.2,208.6,21.16,28.13,29.86,25.57,-20.1,82.7,59.96,47.46,99.0,0.0,478.4,1061.0
27-12-2018 13:30,7633,13.34,475.9,658.3,336.3,13.71,28.85,30.52,26.61,7.664,78.86,67.58,54.4,98.9,0.0,400.7,873.0
27-12-2018 14:00,7634,13.34,215.2,524.8,395.2,5.591,30.25,30.89,27.28,25.64,76.78,69.04,55.49,97.4,0.0,191.5,802.0
27-12-2018 14:30,7635,13.33,494.8,344.5,84.9,8.73,29.9,30.39,27.6,25.96,75.49,68.59,55.13,96.1,0.0,267.9,404.8
27-12-2018 15:00,7636,13.3,590.7,564.3,29.3,4.182,28.37,28.95,26.48,25.48,85.1,64.5,52.32,97.2,0.508,140.5,437.6
27-12-2018 15:30,7637,13.33,830.0,527.9,44.91,6.037,29.92,30.58,26.79,25.63,77.28,70.92,57.12,98.9,0.0,93.7,559.7
27-12-2018 16:00,7638,13.34,636.4,405.4,130.5,2.338,34.45,33.05,27.51,25.93,77.69,73.62,59.11,98.0,0.0,99.1,469.2
27-12-2018 16:30,7639,13.31,538.9,81.3,19.75,2.328,33.96,34.95,27.62,26.02,73.79,74.92,60.21,97.5,0.0,109.7,372.7
27-12-2018 17:00,7640,13.34,384.3,69.97,18.03,2.239,31.91,34.23,27.76,25.98,70.8,74.61,59.78,96.3,0.0,103.2,254.6
27-12-2018 17:30,7641,13.19,220.0,19.17,12.05,1.172,30.35,33.9,27.79,25.96,70.49,73.39,58.67,96.5,0.0,72.28,127.5
27-12-2018 18:00,7642,13.0,59.74,7.136,5.279,0.067,29.55,33.14,27.53,25.86,74.05,69.65,55.66,96.4,0.0,39.13,43.32
27-12-2018 18:30,7643,12.65,4.477,0.646,0.436,-0.673,29.56,31.69,27.0,25.71,82,64.84,51.72,97.0,0.0,7.864,9.13
27-12-2018 19:00,7644,12.61,-0.066,-0.04,-0.072,-0.722,29.54,30.78,26.41,25.6,84.1,62.19,49.62,97.7,0.0,2.756,3.409
27-12-2018 19:30,7645,12.57,-0.077,-0.045,-0.079,-0.707,27.91,29.94,25.9,25.44,89.9,59.07,47.11,98.4,0.0,2.271,2.844
27-12-2018 20:00,7646,12.54,-0.073,-0.054,-0.085,-0.621,27.83,29.18,25.63,25.29,87.3,56.97,45.39,98.3,0.0,2.335,2.799
27-12-2018 20:30,7647,12.54,-0.084,-0.066,-0.083,-0.561,27.5,29.22,25.36,25.05,87.1,55.63,44.3,97.6,0.0,1.69,2.517
27-12-2018 21:00,7648,12.47,-0.082,-0.07,-0.074,-0.508,27.25,30.64,25.1,24.87,88.4,55.59,44.23,98.0,0.0,1.351,1.707
27-12-2018 21:30,7649,12.46,-0.072,-0.105,-0.078,-0.448,26.34,30.92,24.97,24.72,91.3,52.56,41.78,98.9,0.0,2.448,3.098
27-12-2018 22:00,7650,12.42,-0.071,-0.111,-0.081,-0.388,26.25,30.68,24.84,24.63,91.5,51.45,40.91,98.6,0.0,1.963,2.632
27-12-2018 22:30,7651,12.48,-0.069,-0.119,-0.07,-0.321,26.87,31.6,24.71,24.52,85.5,51.74,41.05,98.4,0.0,0.961,1.295
27-12-2018 23:00,7652,12.46,-0.079,-0.129,-0.071,-0.29,26.94,30.15,24.56,24.35,83.8,51.24,40.59,98.4,0.0,1.532,1.908
27-12-2018 23:30,7653,12.41,-0.083,-0.149,-0.075,-0.279,26.71,30.08,24.5,24.33,86.3,49.38,39.11,98.7,0.0,2.166,2.694
28-12-2018 00:00,7654,12.41,-0.077,-0.156,-0.076,-0.287,26.46,30.7,24.27,24.1,87.7,49.19,39.02,98.1,0.0,2.071,2.818
28-12-2018 00:30,7655,12.27,-0.071,-0.179,-0.076,-0.267,25.58,27.64,24.09,23.88,93.9,46.43,36.81,98.5,0.0,2.377,2.853
28-12-2018 01:00,7656,12.26,-0.056,-0.212,-0.082,-0.259,24.89,27.28,23.93,23.74,96.3,45.46,36.14,98.4,0.0,2.1,2.733
28-12-2018 01:30,7657,12.34,-0.061,-0.232,-0.074,-0.241,24.84,26.93,23.83,23.71,95.2,44.33,35.24,98.6,0.0,1.911,2.523
28-12-2018 02:00,7658,12.41,-0.05,-0.261,-0.075,-0.223,24.4,26.36,23.76,23.69,97.1,43.02,34.22,99.0,0.0,1.885,2.6
28-12-2018 02:30,7659,12.41,-0.044,-0.271,-0.062,-0.178,24.36,26.1,23.72,23.66,97.6,42.35,33.69,98.9,0.0,1.835,2.543
28-12-2018 03:00,7660,12.41,-0.043,-0.295,-0.061,-0.145,24.23,25.95,23.66,23.62,97.8,42.38,33.65,98.8,0.0,1.495,2.58
28-12-2018 03:30,7661,12.4,-0.042,-0.292,-0.06,-0.103,24.06,25.86,23.54,23.49,97.9,42.74,34.01,98.8,0.0,1.689,2.256
28-12-2018 04:00,7662,12.41,-0.04,-0.311,-0.073,-0.023,23.92,25.9,23.5,23.47,97.9,43.45,34.57,98.7,0.0,1.6,2.324
28-12-2018 04:30,7663,12.4,-0.039,-0.317,-0.07,-0.087,24.02,26.11,23.41,23.4,98,43.62,34.68,98.7,0.0,1.349,1.761
28-12-2018 05:00,7664,12.37,-0.036,-0.33,-0.066,-0.077,23.99,27.45,23.38,23.38,98,44.26,35.25,98.8,0.0,1.669,2.382
28-12-2018 05:30,7665,12.33,-0.025,-0.342,-0.065,-0.042,23.95,29.0,23.43,23.4,98.1,44.73,35.59,99.0,0.0,1.474,2.11
28-12-2018 06:00,7666,12.34,2.605,0.028,0.177,0.007,23.95,29.82,23.37,23.32,98.1,44.3,35.18,99.0,0.0,3.136,3.995
28-12-2018 06:30,7667,12.38,44.95,4.572,2.943,0.436,23.96,29.13,23.28,23.27,98,44.1,35.03,99.0,0.0,22.81,32.23
28-12-2018 07:00,7668,12.76,174.2,12.06,7.522,1.248,24.58,29.53,23.47,23.36,97.9,46.39,36.82,99.0,0.0,54.16,126.6
28-12-2018 07:30,7669,13.1,211.5,24.17,13.24,2.194,25.3,30.23,23.97,23.6,97.4,49.76,39.89,99.0,0.0,100.6,156.2
28-12-2018 08:00,7670,13.46,333.2,31.38,15.53,2.573,26.03,30.78,24.69,23.95,94.3,56.6,45.3,99.0,0.0,119.7,260.9
28-12-2018 08:30,7671,13.9,459.2,37.83,23.01,4.167,27.12,31.66,25.13,24.48,89.6,64.35,51.86,99.0,0.0,168.2,394.3
28-12-2018 09:00,7672,13.92,410.4,75.46,50.37,8.74,27.17,31.85,25.64,24.87,88.7,65.27,52.48,98.8,0.0,309.5,347.4
28-12-2018 09:30,7673,13.94,608.2,139.0,64.33,10.8,27.84,32.73,26.24,25.27,85.2,68.46,54.69,98.2,0.0,396.6,507.1
28-12-2018 10:00,7674,13.42,183.9,35.38,26.73,4.423,27.13,32.17,26.1,25.39,87.3,65.38,52.34,97.8,0.0,152.2,160.9
28-12-2018 10:30,7675,13.46,371.3,79.81,61.19,11.65,26.56,31.7,25.69,25.19,92.1,62.01,49.71,98.3,1.27,286.8,304.6
28-12-2018 11:00,7676,13.43,284.9,57.81,41.65,7.836,26.61,31.63,25.75,25.28,93.2,61.2,48.93,99.0,1.524,229.6,241.5
28-12-2018 11:30,7677,13.44,132.5,27.91,21.33,3.722,24.67,29.85,24.26,24.15,96,53.71,43.22,98.3,13.97,89.6,93.2
28-12-2018 12:00,7678,13.45,203.1,44.88,34.37,6.046,23.72,29.16,23.46,23.38,96.4,45.64,36.35,98.9,8.13,137.0,143.1
28-12-2018 12:30,7679,13.45,198.1,43.37,32.94,5.773,23.44,29.62,23.0,22.84,96.7,44.82,35.57,98.9,1.016,136.0,143.0
28-12-2018 13:00,7680,13.46,231.5,46.49,37.97,6.852,23.82,30.61,23.24,23.09,97,44.55,35.37,99.0,2.286,165.0,172.7
28-12-2018 13:30,7681,13.45,238.2,45.04,37.37,6.695,24.09,30.85,23.42,23.22,96.2,45.67,36.23,99.0,0.508,180.3,187.1
28-12-2018 14:00,7682,13.38,209.4,37.62,34.12,6.22,24.4,31.24,23.67,23.48,96,45.3,35.62,99.0,0.0,165.2,173.5
28-12-2018 14:30,7683,13.5,211.9,38.48,34.68,6.486,24.48,31.22,23.73,23.54,95.5,47.23,37.17,99.0,0.0,168.1,175.7
28-12-2018 15:00,7684,13.46,249.2,41.47,40.18,7.636,24.72,31.23,23.83,23.66,93.8,49.78,39.08,99.0,0.0,194.8,203.6
28-12-2018 15:30,7685,13.46,217.1,38.53,34.01,6.289,25.07,31.62,24.06,23.83,93.9,50.25,39.39,99.0,0.0,174.2,180.1
28-12-2018 16:00,7686,13.45,212.8,37.0,35.0,6.388,25.16,31.83,24.22,23.97,93,52.21,41.22,99.0,0.0,175.2,182.7
28-12-2018 16:30,7687,13.42,174.1,30.21,27.06,4.913,25.18,31.69,24.21,23.99,92.7,52.99,41.86,99.0,0.0,145.8,151.9
28-12-2018 17:00,7688,13.41,135.1,25.01,20.86,3.684,25.13,31.81,24.17,23.97,92.9,52.57,41.58,99.0,0.0,118.3,122.7
28-12-2018 17:30,7689,13.42,79.16,14.89,11.69,2.066,25.15,31.66,24.12,23.93,93.5,51.73,40.95,99.0,0.0,72.21,74.54
28-12-2018 18:00,7690,12.93,32.41,6.017,4.598,0.867,24.91,31.6,24.16,23.97,95,48.89,38.67,99.0,0.0,32.1,33.44
28-12-2018 18:30,7691,12.73,2.507,-0.136,0.245,0.108,24.59,31.35,23.94,23.79,96.1,46.81,37.11,99.0,0.0,4.288,4.96
28-12-2018 19:00,7692,12.7,-0.047,-0.627,-0.101,0.114,24.36,31.09,23.69,23.56,97,46.38,36.73,99.0,0.0,1.436,2.55
28-12-2018 19:30,7693,12.7,-0.04,-0.609,-0.09,0.139,24.27,30.74,23.55,23.46,97.4,46.37,36.69,99.0,0.0,1.786,2.234
28-12-2018 20:00,7694,12.68,-0.041,-0.606,-0.093,0.138,24.11,30.8,23.51,23.41,97.7,46.22,36.66,99.0,0.0,2.112,2.671
28-12-2018 20:30,7695,12.66,-0.04,-0.607,-0.1,0.069,24.08,30.81,23.42,23.31,97.9,46.02,36.5,99.0,0.0,1.635,2.348
28-12-2018 21:00,7696,12.64,-0.04,-0.593,-0.092,0.078,24.09,30.74,23.38,23.29,97.8,45.54,35.89,99.0,0.0,1.615,2.218
28-12-2018 21:30,7697,12.64,-0.032,-0.588,-0.083,0.063,24.09,30.76,23.29,23.22,97.7,45.01,35.51,99.0,0.0,1.568,2.212
28-12-2018 22:00,7698,12.64,-0.032,-0.589,-0.079,0.121,24.21,30.73,23.27,23.19,97.3,44.8,35.34,98.9,0.0,1.337,2.215
28-12-2018 22:30,7699,12.61,-0.036,-0.582,-0.073,0.035,24.15,30.73,23.29,23.19,97.2,44.4,35.02,99.0,0.0,1.681,2.343
28-12-2018 23:00,7700,12.59,-0.037,-0.608,-0.068,0.063,24.06,30.74,23.32,23.24,97.4,44.2,34.87,99.0,0.0,1.583,2.463
28-12-2018 23:30,7701,12.57,-0.029,-0.618,-0.076,0.077,23.94,30.84,23.31,23.23,97.8,44.55,35.19,99.0,0.0,1.68,2.589
29-12-2018 00:00,7702,12.57,-0.023,-0.615,-0.071,0.086,23.95,30.65,23.2,23.14,97.9,43.99,34.73,99.0,0.0,1.707,2.394
29-12-2018 00:30,7703,12.57,-0.033,-0.623,-0.071,0.087,23.89,30.61,23.16,23.09,98,44.3,34.98,99.0,0.0,1.52,2.39
29-12-2018 01:00,7704,12.56,-0.029,-0.62,-0.066,0.102,24,30.87,23.18,23.13,98,44.81,35.36,99.0,0.0,1.698,2.625
29-12-2018 01:30,7705,12.53,-0.026,-0.64,-0.062,0.1,23.93,30.71,23.23,23.19,98,45.74,36.18,99.0,0.0,1.975,2.782
29-12-2018 02:00,7706,12.54,-0.022,-0.638,-0.07,0.09,23.84,30.59,23.26,23.19,98.1,45.6,36.0,99.0,0.0,1.729,2.442
29-12-2018 02:30,7707,12.52,-0.02,-0.636,-0.069,0.112,23.81,30.63,23.22,23.14,98.1,45.82,36.16,99.0,0.0,1.465,2.299
29-12-2018 03:00,7708,12.49,-0.017,-0.649,-0.071,0.097,23.93,30.84,23.2,23.11,98.2,45.48,35.94,99.0,0.0,1.822,2.408
29-12-2018 03:30,7709,12.48,-0.019,-0.65,-0.07,0.179,23.85,30.81,23.22,23.15,98.2,45.04,35.61,99.0,0.0,1.823,2.438
29-12-2018 04:00,7710,12.49,-0.018,-0.661,-0.078,0.126,23.78,30.77,23.23,23.15,98.3,45.33,35.85,99.0,0.0,1.66,2.49
29-12-2018 04:30,7711,12.48,-0.012,-0.649,-0.071,0.106,23.8,30.78,23.2,23.13,98.3,45.47,35.9,99.0,0.0,1.938,2.628
29-12-2018 05:00,7712,12.45,-0.027,-0.653,-0.083,0.132,23.74,30.64,23.11,23.12,97.4,45.18,35.73,99.0,0.0,2.0,2.943
29-12-2018 05:30,7713,12.46,-0.047,-0.635,-0.076,0.109,23.71,30.36,22.71,22.75,93.9,46.06,36.48,99.0,0.0,2.264,3.258
29-12-2018 06:00,7714,12.45,1.255,-0.337,0.13,0.057,24.03,30.07,22.45,22.41,93.8,45.87,36.29,99.0,0.0,2.678,3.36
29-12-2018 06:30,7715,12.49,19.41,3.43,2.607,0.488,24.12,30.63,22.3,22.21,93.6,46.07,36.46,99.0,0.0,15.61,17.54
29-12-2018 07:00,7716,12.69,81.5,14.58,10.09,1.737,24.12,26.51,22.3,22.15,93.6,44.35,35.05,99.0,0.0,67.1,70.96
29-12-2018 07:30,7717,13.28,121.2,22.47,17.04,3.138,24.56,27.36,22.54,22.34,89.7,47.38,37.34,99.0,0.0,100.2,105.8
29-12-2018 08:00,7718,13.43,259.4,40.79,28.99,5.25,25.34,27.9,22.87,22.48,85.6,51.14,40.16,99.0,0.0,186.9,217.3
29-12-2018 08:30,7719,14.01,497.3,58.65,29.57,4.752,26.85,29.33,23.71,22.96,79.84,61.92,48.81,99.0,0.0,235.3,389.5
29-12-2018 09:00,7720,14.01,545.3,125.5,58.8,10.03,28.07,30.46,24.67,23.43,77.64,65.43,52.2,98.9,0.0,395.0,465.6
29-12-2018 09:30,7721,14.02,619.1,182.2,68.4,11.48,28.26,31.45,25.86,24.09,73.4,67.68,54.04,96.3,0.0,452.7,528.3
29-12-2018 10:00,7722,13.43,782.6,297.2,103.8,12.94,28.64,31.96,26.42,24.66,71.37,69.03,55.11,96.2,0.0,498.7,657.8
29-12-2018 10:30,7723,13.39,983.0,472.1,74.75,10.54,30.94,31.4,27.5,25.27,69.3,69.14,55.55,93.5,0.0,436.1,796.0
29-12-2018 11:00,7724,13.39,645.8,115.0,60.74,10.22,30.08,30.29,27.55,25.47,69.56,68.07,54.64,91.3,0.0,333.2,648.4
29-12-2018 11:30,7725,13.39,333.9,114.3,69.36,9.47,32.33,30.63,28.06,25.79,70.33,69.62,55.83,92.4,0.0,284.2,821.0
29-12-2018 12:00,7726,13.35,370.1,112.4,100.0,10.75,31.39,30.84,28.41,26.25,67.16,69.69,56.05,90.5,0.0,312.8,663.9
29-12-2018 12:30,7727,13.35,476.3,81.3,76.57,12.26,31.49,30.92,28.22,26.37,68.33,70.49,56.56,90.1,0.0,374.4,551.8
29-12-2018 13:00,7728,13.36,407.5,67.36,74.9,11.86,31.01,30.33,27.96,26.22,70.57,69.16,55.28,91.2,0.0,330.5,361.2
29-12-2018 13:30,7729,13.42,469.4,82.3,81.1,13.23,29.22,29.09,26.79,25.68,76.3,67.83,54.61,92.0,0.0,393.3,412.6
29-12-2018 14:00,7730,13.35,440.5,86.1,101.5,10.83,29.86,30.28,27.48,25.89,72.91,69.86,55.64,93.7,0.0,384.9,423.6
29-12-2018 14:30,7731,13.35,215.7,39.35,36.78,4.428,28.66,28.72,26.44,25.62,78.21,65.91,52.78,94.0,0.0,172.4,188.4
29-12-2018 15:00,7732,13.31,925.0,374.6,50.62,5.261,29.73,30.42,27.4,25.81,71.83,71.39,56.86,93.7,0.0,215.5,671.6
29-12-2018 15:30,7733,13.32,672.3,300.5,46.61,8.23,30.71,31.04,28.01,26.27,69.48,72.76,58.26,91.1,0.0,183.7,490.5
29-12-2018 16:00,7734,13.38,545.5,132.1,96.9,5.366,30.93,31.33,28.21,26.32,67.2,73.5,58.99,86.9,0.0,263.6,438.9
29-12-2018 16:30,7735,13.39,484.9,78.98,18.93,0.987,32.18,31.25,28.09,26.17,70.23,73.81,59.3,88.6,0.0,102.8,336.6
29-12-2018 17:00,7736,13.27,276.7,69.21,11.85,0.128,32.17,30.32,27.74,26.08,73.46,72.34,58.17,90.4,0.0,71.18,184.2
29-12-2018 17:30,7737,13.29,166.5,17.07,10.31,0.009,31.44,29.4,27.23,25.92,75.22,70.22,56.44,91.0,0.0,67.45,104.8
29-12-2018 18:00,7738,12.97,68.31,8.64,6.024,-0.565,30.9,29.25,27.09,25.92,76.32,68.51,54.98,92.6,0.0,51.95,57.17
29-12-2018 18:30,7739,12.54,4.1,0.742,0.428,-1.315,29.22,28.55,26.65,25.68,79.31,63.91,51.21,91.8,0.0,7.814,8.64
29-12-2018 19:00,7740,12.69,-0.069,0.042,-0.066,-1.362,27.75,27.83,26.04,25.39,81,61.7,49.36,93.4,0.0,3.28,3.719
29-12-2018 19:30,7741,12.63,-0.071,0.039,-0.081,-1.242,26.8,27.19,25.46,25.05,81.8,59.91,47.96,94.2,0.0,2.111,2.909
29-12-2018 20:00,7742,12.51,-0.071,0.045,-0.074,-1.206,26.2,26.67,24.95,24.68,83,58.48,46.8,93.2,0.0,1.937,2.631
29-12-2018 20:30,7743,12.55,-0.08,0.047,-0.067,-1.255,26.13,26.3,24.61,24.38,84.3,57.63,46.12,92.9,0.0,1.871,2.71
29-12-2018 21:00,7744,12.42,-0.076,0.039,-0.063,-1.071,25.93,25.9,24.35,24.18,85.6,56.53,45.27,93.7,0.0,1.828,2.653
29-12-2018 21:30,7745,12.43,-0.076,0.039,-0.069,-1.007,25.66,25.77,24.09,23.94,87.1,55.26,44.21,94.9,0.0,2.052,2.681
29-12-2018 22:00,7746,12.49,-0.074,0.035,-0.06,-0.912,25.32,25.51,23.87,23.66,88.7,54.43,43.54,96.1,0.0,1.49,2.225
29-12-2018 22:30,7747,12.57,-0.064,0.047,-0.043,-0.782,25.49,25.64,23.9,23.66,87.3,55.16,44.07,97.2,0.0,1.393,2.022
29-12-2018 23:00,7748,12.56,-0.073,0.024,-0.052,-0.592,25.36,25.51,23.88,23.67,86.9,53.95,43.17,96.1,0.0,1.935,2.801
29-12-2018 23:30,7749,12.52,-0.074,0.011,-0.059,-0.505,24.8,25.3,23.68,23.54,90.7,51.53,41.19,96.6,0.0,1.961,2.785
30-12-2018 00:00,7750,12.52,-0.073,0.001,-0.054,-0.374,24.95,24.97,23.47,23.39,89.5,50.67,40.5,96.6,0.0,1.617,2.441
30-12-2018 00:30,7751,12.52,-0.069,0.011,-0.039,-0.26,25.15,24.88,23.42,23.34,87.9,50.41,40.17,97.0,0.0,1.104,1.689
30-12-2018 01:00,7752,12.49,-0.067,0.009,-0.04,-0.183,24.89,24.81,23.47,23.4,89.6,50.5,40.3,96.8,0.0,2.031,2.635
30-12-2018 01:30,7753,12.49,-0.063,-0.01,-0.046,0.204,24.64,24.81,23.5,23.43,91.5,49.78,39.76,97.0,0.0,1.635,2.509
30-12-2018 02:00,7754,12.35,-0.059,-0.016,-0.05,0.207,24.51,24.9,23.52,23.45,93.6,48.98,39.09,97.3,0.0,1.667,2.514
30-12-2018 02:30,7755,12.49,-0.059,-0.025,-0.053,0.274,24.35,24.91,23.53,23.45,95.2,47.8,38.19,97.4,0.0,2.256,2.892
30-12-2018 03:00,7756,12.45,-0.056,-0.025,-0.053,0.379,24.34,24.85,23.46,23.37,94.5,47.73,38.11,97.7,0.0,1.83,2.476
30-12-2018 03:30,7757,12.44,-0.056,-0.032,-0.046,0.447,24.38,24.86,23.44,23.39,93.6,47.81,38.17,97.3,0.0,1.637,2.181
30-12-2018 04:00,7758,12.41,-0.061,-0.038,-0.052,0.643,24.28,24.83,23.47,23.41,94.1,46.88,37.41,97.5,0.0,1.691,2.538
30-12-2018 04:30,7759,12.4,-0.063,-0.041,-0.051,0.997,24.33,24.85,23.45,23.4,93.1,46.66,37.21,97.5,0.0,1.729,2.418
30-12-2018 05:00,7760,12.41,-0.055,-0.045,-0.041,1.06,24.34,24.79,23.43,23.38,93,46.24,36.9,97.6,0.0,1.771,2.434
30-12-2018 05:30,7761,12.38,-0.055,-0.056,-0.045,1.019,24.38,24.83,23.43,23.38,92.7,45.97,36.64,97.6,0.0,1.552,2.297
30-12-2018 06:00,7762,12.4,0.321,-0.005,0.007,0.594,24.28,24.83,23.39,23.35,94.1,45.76,36.5,97.6,0.0,2.043,2.455
30-12-2018 06:30,7763,12.41,6.923,0.957,1.111,0.885,24.26,24.82,23.42,23.35,94,47.02,37.62,97.8,0.0,6.595,7.77
30-12-2018 07:00,7764,12.44,20.98,3.177,3.526,1.549,24.25,24.97,23.49,23.42,94.7,46.89,37.4,97.8,0.0,17.37,18.61
30-12-2018 07:30,7765,12.54,41.01,5.871,6.736,2.179,24.34,25.09,23.61,23.55,94.6,47.18,37.62,98.0,0.0,32.25,33.99
30-12-2018 08:00,7766,12.8,77.0,12.09,12.1,3.128,24.67,25.31,23.75,23.62,93.7,49.22,39.28,98.4,0.0,61.24,63.4
30-12-2018 08:30,7767,13.24,152.9,23.51,26.1,5.748,25.35,25.96,24.04,23.81,91.7,55.84,44.56,98.5,0.0,122.0,127.5
30-12-2018 09:00,7768,13.46,207.2,31.24,33.8,7.189,25.76,26.39,24.45,24.02,89.4,61.01,48.6,98.1,0.0,168.4,174.9
30-12-2018 09:30,7769,13.98,323.9,51.42,50.55,10.03,27.24,26.99,24.91,24.32,86.3,65.48,52.19,97.9,0.0,269.2,280.5
30-12-2018 10:00,7770,13.98,534.0,95.7,81.1,14.77,28.36,27.98,25.87,24.74,80.8,68.74,54.67,95.9,0.0,445.2,465.1
30-12-2018 10:30,7771,13.97,687.3,148.4,89.9,17.04,29.57,28.85,26.83,25.38,76.32,70.69,56.33,93.0,0.0,548.1,597.8
30-12-2018 11:00,7772,13.38,756.6,213.6,59.63,11.48,31.32,29.9,27.78,26.1,69.46,70.59,56.74,88.5,0.0,338.8,846.0
30-12-2018 11:30,7773,13.34,464.0,78.08,80.8,15.25,34.75,30.82,28.59,26.7,70.21,71.09,57.26,85.9,0.0,407.3,710.8
30-12-2018 12:00,7774,13.36,398.7,80.2,87.7,14.69,33.2,30.75,28.41,26.71,69.27,71.45,57.36,89.4,0.0,315.8,732.2
30-12-2018 12:30,7775,13.35,500.5,90.6,67.41,11.44,32.78,31.1,28.74,26.86,64.34,72.07,57.94,85.0,0.0,322.6,726.7
30-12-2018 13:00,7776,13.34,634.7,71.33,72.78,11.82,31.86,31.53,29.03,27.06,61.91,72.47,58.23,86.6,0.0,346.1,546.4
30-12-2018 13:30,7777,13.35,371.3,219.7,170.2,11.4,31.03,30.92,28.23,26.63,65.05,72.16,57.83,87.6,0.0,297.2,549.5
30-12-2018 14:00,7778,13.39,293.8,131.7,348.1,7.644,31.6,32.11,29.16,27.13,61.42,73.73,59.31,84.9,0.0,248.6,597.1
30-12-2018 14:30,7779,13.35,739.0,128.4,41.35,4.802,30.77,31.53,28.42,26.67,62.95,73.09,58.61,88.7,0.0,178.2,530.1
30-12-2018 15:00,7780,13.35,726.0,469.8,66.67,8.39,30.73,32.9,29.55,27.23,58.38,74.78,60.0,83.2,0.0,307.5,557.2
30-12-2018 15:30,7781,13.33,769.9,334.2,53.22,7.751,30.71,33.07,29.3,27.2,57.69,75.06,60.33,88.0,0.0,200.5,554.0
30-12-2018 16:00,7782,13.26,337.3,79.78,54.5,5.4,30.25,32.42,29.33,27.21,59.04,73.7,59.34,83.4,0.0,260.2,289.0
30-12-2018 16:30,7783,13.2,149.3,23.22,21.77,1.865,29.18,30.6,28.04,26.73,67.05,70.67,56.87,87.0,0.0,126.8,132.6
30-12-2018 17:00,7784,13.35,174.3,30.68,18.75,1.448,29.29,30.21,27.7,26.49,69.13,70.93,56.79,89.9,0.0,115.9,132.2
30-12-2018 17:30,7785,13.37,189.7,21.16,12.82,1.135,29.75,30.36,27.8,26.35,68.57,72.47,58.04,89.1,0.0,83.9,124.1
30-12-2018 18:00,7786,13.04,43.77,6.364,5.436,0.328,29.08,29.93,27.59,26.37,71.99,69.29,55.53,88.8,0.0,36.95,38.24
30-12-2018 18:30,7787,12.72,6.158,0.974,0.726,-0.997,28.57,29.06,27.04,26.13,72.68,66.06,52.78,90.0,0.0,8.4,9.29
30-12-2018 19:00,7788,12.68,-0.064,0.054,-0.055,-0.595,28.04,28.85,26.53,25.7,74.42,64.88,51.87,92.0,0.0,1.814,2.608
30-12-2018 19:30,7789,12.67,-0.079,0.058,-0.037,-0.49,27.69,28.45,26.19,25.49,76.31,63.81,51.0,91.8,0.0,1.434,2.189
30-12-2018 20:00,7790,12.64,-0.071,0.072,-0.025,-0.372,27.7,28.14,25.9,25.41,75.53,63.46,50.75,92.6,0.0,1.409,2.062
30-12-2018 20:30,7791,12.61,-0.074,0.078,-0.016,-0.744,27.68,28.22,25.87,25.42,75.73,63.55,50.78,94.0,0.0,1.587,2.147
30-12-2018 21:00,7792,12.59,-0.08,0.076,-0.014,-0.627,27.64,28.1,25.77,25.27,74.5,63.39,50.68,93.8,0.0,1.459,2.302
30-12-2018 21:30,7793,12.57,-0.079,0.061,-0.018,-0.497,27.55,27.9,25.63,25.23,75.06,62.91,50.32,93.6,0.0,1.873,2.613
30-12-2018 22:00,7794,12.57,-0.072,0.056,-0.018,-0.351,27.2,27.77,25.51,25.07,78.7,62.04,49.65,93.7,0.0,2.37,2.922
30-12-2018 22:30,7795,12.52,-0.076,0.048,-0.032,-0.293,26.28,27.64,25.4,25.04,85.4,60.4,48.4,95.5,0.0,2.361,3.15
30-12-2018 23:00,7796,12.49,-0.069,0.037,-0.036,-0.232,26.37,27.59,25.42,25.07,86.1,59.82,47.92,95.4,0.0,1.739,2.411
30-12-2018 23:30,7797,12.52,-0.072,0.052,-0.028,-0.234,26.52,27.53,25.33,25.01,84.4,59.89,48.04,95.1,0.0,1.408,2.037
31-12-2018 00:00,7798,12.49,-0.076,0.047,-0.029,-0.244,26.35,27.34,25.15,24.81,85.9,59.55,47.68,95.1,0.0,1.775,2.512
31-12-2018 00:30,7799,12.5,-0.084,0.029,-0.034,-0.247,26.35,27.07,24.93,24.66,87.8,58.41,46.86,96.1,0.0,3.005,3.769
31-12-2018 01:00,7800,12.48,-0.066,0.029,-0.028,-0.236,26.61,28.1,24.72,24.51,89.5,57.92,46.45,96.4,0.0,1.326,1.939
31-12-2018 01:30,7801,12.48,-0.069,0.021,-0.03,-0.241,26.07,28.16,24.64,24.43,90.5,57.61,46.27,96.8,0.0,2.255,2.982
31-12-2018 02:00,7802,12.46,-0.067,0.051,-0.053,-0.397,25.17,27.05,24.42,24.27,93.2,55.38,44.5,96.8,0.0,3.238,4.132
31-12-2018 02:30,7803,12.42,-0.057,0.056,-0.053,-0.421,24.77,25.33,23.82,23.68,94.1,52.56,42.35,97.2,0.0,2.084,2.818
31-12-2018 03:00,7804,12.41,-0.061,0.048,-0.051,-0.807,24.75,24.91,23.58,23.47,94.3,50.61,40.65,97.8,0.0,1.842,2.684
31-12-2018 03:30,7805,12.41,-0.062,0.051,-0.06,-0.452,24.67,24.7,23.48,23.44,96.1,47.72,38.24,98.2,0.0,1.841,2.633
31-12-2018 04:00,7806,12.41,-0.053,0.05,-0.048,-0.255,24.71,24.63,23.49,23.44,97,46.14,36.93,98.5,0.0,1.74,2.291
31-12-2018 04:30,7807,12.41,-0.056,0.06,-0.048,-0.189,24.92,24.63,23.5,23.49,96.1,46.33,37.17,98.0,0.0,1.402,2.202
31-12-2018 05:00,7808,12.41,-0.059,0.061,-0.042,-0.191,25.11,24.58,23.47,23.48,93.7,46.59,37.27,97.9,0.0,1.431,2.066
31-12-2018 05:30,7809,12.37,-0.059,0.045,-0.041,-0.209,25.08,24.57,23.43,23.41,93.7,46.38,37.17,98.0,0.0,1.62,2.423
31-12-2018 06:00,7810,12.38,0.808,0.168,0.079,-0.179,24.91,24.5,23.4,23.38,96.4,45.83,36.72,98.1,0.0,2.076,3.07
31-12-2018 06:30,7811,12.41,20.37,3.318,3.166,0.45,24.97,24.56,23.45,23.39,96.4,46.35,37.15,98.3,0.0,18.12,19.84
31-12-2018 07:00,7812,12.55,55.95,8.87,8.43,1.484,25.07,24.71,23.59,23.53,96.3,48.54,38.92,98.3,0.0,46.79,49.03
31-12-2018 07:30,7813,12.91,124.8,19.88,17.33,3.364,25.36,25.12,23.83,23.74,95.9,50.54,40.5,98.4,0.0,98.8,102.8
31-12-2018 08:00,7814,13.35,319.4,40.87,26.53,4.588,26.28,25.71,24.25,24.03,92,59.21,47.44,98.3,0.0,176.3,240.9
31-12-2018 08:30,7815,13.73,519.2,66.48,43.38,7.652,27.51,26.58,25.01,24.38,88,66.05,53.08,98.3,0.0,277.9,399.6
31-12-2018 09:00,7816,14.0,880.0,255.9,62.13,9.95,29.43,28.17,26.53,25.31,80.4,71.03,57.59,95.9,0.0,363.0,697.5
31-12-2018 09:30,7817,14.03,757.3,314.9,60.08,9.53,28.94,29.0,27.36,25.98,77.53,71.4,57.68,94.6,0.254,386.6,592.4
31-12-2018 10:00,7818,14.01,1153.0,621.0,184.9,8.04,30.6,29.88,28.02,26.42,72.33,73.32,59.06,93.2,0.0,296.9,872.0
31-12-2018 10:30,7819,13.39,560.8,318.9,35.23,4.305,31.62,29.85,28.21,26.69,72.06,70.71,57.03,90.0,0.0,249.8,448.1
31-12-2018 11:00,7820,13.38,416.5,66.34,50.42,7.372,31.52,29.81,28.07,26.48,69.68,70.19,56.25,90.9,0.0,280.8,413.5
31-12-2018 11:30,7821,13.4,452.0,96.2,73.05,12.56,32.15,30.16,28.25,26.58,66.36,71.56,57.27,89.1,0.0,361.2,463.0
31-12-2018 12:00,7822,13.4,610.3,109.7,125.2,17.69,32.32,30.47,28.53,26.56,68.07,72.69,58.05,88.5,0.0,488.7,721.8
31-12-2018 12:30,7823,13.4,734.0,120.3,118.1,19.21,32.68,31.63,29.26,27.22,65.24,73.83,59.17,91.0,0.0,576.8,679.5
31-12-2018 13:00,7824,13.35,708.3,97.2,96.4,12.93,31.97,31.58,29.2,27.34,66.44,73.1,58.89,85.8,0.0,444.8,598.4
31-12-2018 13:30,7825,13.36,537.4,209.5,367.8,9.62,32.15,32.73,29.42,27.47,64.46,74.18,59.85,84.9,0.0,369.1,808.0
31-12-2018 14:00,7826,13.38,395.9,110.0,193.2,6.927,31.62,34.63,29.08,27.45,64.89,74.71,60.61,84.8,0.0,296.2,513.2
31-12-2018 14:30,7827,13.37,582.1,103.8,75.25,8.25,32.01,34.82,29.19,27.37,64.87,75.74,61.24,86.7,0.0,295.5,467.0
31-12-2018 15:00,7828,13.39,836.0,382.9,47.75,5.648,31.39,35.8,29.24,27.42,64.43,76.06,61.59,84.8,0.0,200.1,570.7
31-12-2018 15:30,7829,13.36,548.7,174.4,58.18,7.325,31.78,33.97,29.6,27.63,64.05,75.4,61.12,83.7,0.0,261.4,415.4
31-12-2018 16:00,7830,13.35,249.2,51.15,32.07,2.995,31.07,32.58,28.98,27.31,61.84,73.72,59.66,86.9,0.0,167.5,191.5
31-12-2018 16:30,7831,13.39,204.6,33.49,24.85,3.086,31.62,31.95,28.44,26.81,63.96,73.42,59.35,88.5,0.0,136.8,159.1
31-12-2018 17:00,7832,13.41,256.6,41.68,15.5,0.011,36.8,31.41,27.96,26.42,72.5,73.44,59.34,87.7,0.0,95.1,168.8
31-12-2018 17:30,7833,13.42,221.8,23.1,10.55,-1.441,37.97,31.86,28.29,26.5,72.04,74.59,60.41,87.3,0.0,68.29,126.7
31-12-2018 18:00,7834,13.19,68.11,6.101,4.133,-2.54,36.99,31.12,28.12,26.54,74.37,72.75,58.94,85.9,0.0,34.49,40.55
31-12-2018 18:30,7835,12.76,6.078,0.884,0.587,-3.128,30.79,30.3,27.59,26.4,71.96,69.0,55.77,86.0,0.0,8.67,9.39
31-12-2018 19:00,7836,12.72,-0.07,0.025,-0.066,-2.679,29.47,29.43,26.85,25.99,73.64,67.39,54.5,88.2,0.0,2.662,3.294
31-12-2018 19:30,7837,12.7,-0.084,0.039,-0.061,-2.247,28.64,28.61,26.26,25.66,73.85,66.31,53.52,90.5,0.0,2.089,2.798
31-12-2018 20:00,7838,12.69,-0.078,0.054,-0.053,-1.384,28.72,28.12,25.89,25.46,75.97,65.42,52.81,90.2,0.0,1.699,2.263
31-12-2018 20:30,7839,12.68,-0.079,0.055,-0.044,-1.092,27.65,27.44,25.55,25.2,80.1,63.69,51.39,91.1,0.0,2.017,2.617
31-12-2018 21:00,7840,12.64,-0.078,0.058,-0.039,-0.88,30.38,27.37,25.43,25.04,85.2,63.02,50.95,92.6,0.0,1.827,2.535
31-12-2018 21:30,7841,12.64,-0.078,0.055,-0.036,-1.081,30.48,27.42,25.51,25.14,87.2,62.55,50.52,94.0,0.0,2.355,2.854
31-12-2018 22:00,7842,12.62,-0.082,0.038,-0.035,-0.929,27.64,27.2,25.35,25.05,85.6,61.6,49.8,94.4,0.0,1.875,2.608
31-12-2018 22:30,7843,12.61,-0.082,0.035,-0.046,-0.893,26.98,26.96,25.06,24.82,85.5,60.85,49.09,93.3,0.0,1.686,2.592
31-12-2018 23:00,7844,12.61,-0.078,0.038,-0.04,-0.824,26.97,26.58,24.97,24.76,83.9,60.65,49.05,93.7,0.0,1.438,2.033
31-12-2018 23:30,7845,12.59,-0.079,0.031,-0.034,-0.798,26.82,26.16,24.9,24.68,84.3,60.36,48.81,94.3,0.0,2.087,2.425
01-01-2019 00:00,7846,12.56,-0.08,0.018,-0.049,-0.772,26.51,25.65,24.7,24.53,85.8,59.25,47.98,94.4,0.0,2.047,2.526
01-01-2019 00:30,7847,12.56,-0.077,0.018,-0.048,-0.741,26.4,25.43,24.56,24.4,86.5,58.92,47.61,92.5,0.0,2.051,2.651
01-01-2019 01:00,7848,12.53,-0.077,0.006,-0.044,-0.726,25.86,25.32,24.34,24.21,89.6,58.0,46.95,93.8,0.0,2.219,3.129
01-01-2019 01:30,7849,12.53,-0.066,-0.01,-0.053,-0.688,25.52,25.03,24.15,24.07,92,55.75,45.05,94.8,0.0,1.891,2.565
01-01-2019 02:00,7850,12.52,-0.073,-0.022,-0.043,-0.684,25.33,25.34,24.0,23.93,93.3,54.89,44.37,95.6,0.0,1.539,2.337
01-01-2019 02:30,7851,12.5,-0.071,-0.033,-0.053,-0.642,25.34,25.98,23.9,23.86,93.1,53.49,43.25,96.3,0.0,1.534,2.418
01-01-2019 03:00,7852,12.49,-0.076,-0.031,-0.045,-0.625,25.54,27.85,23.83,23.78,90.4,54.83,44.31,96.5,0.0,1.415,1.893
01-01-2019 03:30,7853,12.48,-0.076,-0.001,-0.043,-0.597,25.49,28.08,23.91,23.81,90.3,55.54,44.9,95.9,0.0,1.796,2.525
01-01-2019 04:00,7854,12.49,-0.07,0.006,-0.043,-0.592,25.45,28.06,23.89,23.83,90.8,56.52,45.75,95.3,0.0,1.741,2.512
01-01-2019 04:30,7855,12.45,-0.066,-0.008,-0.043,-0.568,25.28,28.03,23.9,23.82,92.8,54.65,44.21,96.1,0.0,2.097,2.646
01-01-2019 05:00,7856,12.46,-0.064,-0.022,-0.048,-0.555,25.82,28.09,23.79,23.68,94.4,53.36,43.12,96.7,0.0,1.765,2.582
01-01-2019 05:30,7857,12.44,-0.063,-0.028,-0.052,-0.552,26.38,27.77,23.66,23.61,96.3,52.22,42.35,96.8,0.0,2.119,2.687
01-01-2019 06:00,7858,12.43,1.672,0.199,0.164,-0.498,27.61,27.82,23.63,23.56,98,51.71,41.85,97.1,0.0,2.651,3.773
01-01-2019 06:30,7859,12.45,30.29,3.888,3.345,0.06,27.65,27.89,23.71,23.65,97.2,52.14,42.15,97.2,0.0,23.78,25.31
01-01-2019 07:00,7860,12.66,92.4,12.47,10.55,1.305,27.69,28.09,23.87,23.79,96.7,54.37,44.0,97.2,0.0,65.31,71.31
01-01-2019 07:30,7861,13.1,135.9,18.92,16.38,2.322,28.1,28.64,24.21,24.0,94.9,59.19,47.93,97.2,0.0,101.6,106.3
01-01-2019 08:00,7862,13.34,186.5,26.77,24.56,3.67,28.37,28.93,24.55,24.25,94.9,61.3,49.65,97.3,0.0,140.6,146.6
01-01-2019 08:30,7863,13.63,258.8,37.9,32.86,5.075,28.07,29.58,25.1,24.55,92.3,64.54,52.24,96.8,0.0,193.8,203.5
01-01-2019 09:00,7864,13.93,463.6,215.9,45.92,7.098,27.99,29.91,25.46,24.82,89.8,67.45,54.57,97.1,0.0,245.2,376.4
01-01-2019 09:30,7865,14.01,957.0,612.4,34.77,5.193,29.67,31.54,26.89,25.62,80.9,73.06,59.67,95.6,0.0,223.4,666.3
01-01-2019 10:00,7866,14.04,1015.0,443.2,127.8,3.377,30.45,32.44,27.87,26.4,76.09,73.64,60.28,93.9,0.0,204.9,725.3
01-01-2019 10:30,7867,14.01,860.0,309.8,74.53,11.1,30.4,32.8,28.46,26.96,72.53,74.19,60.54,90.2,0.0,398.5,638.4
01-01-2019 11:00,7868,13.41,751.3,157.4,86.4,14.06,35.2,33.05,29.26,27.6,71.16,74.14,60.37,84.6,0.0,459.9,674.4
01-01-2019 11:30,7869,13.25,454.7,71.5,77.41,13.67,31.87,32.36,28.78,27.42,76.27,72.32,58.78,88.2,0.0,342.2,459.0
01-01-2019 12:00,7870,13.39,523.3,101.0,88.3,12.95,32.57,32.09,28.54,27.22,77.72,72.09,58.75,90.6,0.0,393.5,704.6
01-01-2019 12:30,7871,13.42,566.2,92.1,94.8,17.47,33.21,31.1,27.54,26.73,82.6,71.73,58.49,94.2,0.0,396.6,448.2
01-01-2019 13:00,7872,13.43,1121.0,143.0,191.5,10.42,33.05,32.29,28.44,27.15,76.23,74.09,60.12,91.0,0.0,302.6,901.0
01-01-2019 13:30,7873,13.43,601.8,111.1,107.0,13.0,32.63,32.55,28.87,27.57,76.09,73.85,60.08,91.7,0.0,458.2,504.8
01-01-2019 14:00,7874,13.37,452.4,102.0,97.1,10.53,31.1,30.39,27.1,26.27,86.4,67.7,55.66,93.7,3.556,354.5,398.2
01-01-2019 14:30,7875,13.42,801.0,484.8,68.23,7.624,32.6,30.52,26.48,25.75,86.7,68.06,55.21,98.9,0.0,287.7,539.2
01-01-2019 15:00,7876,13.43,1036.0,924.0,42.17,5.441,33.93,32.49,27.83,26.5,77.46,74.09,60.05,98.1,0.0,161.9,668.6
01-01-2019 15:30,7877,13.43,919.0,614.8,37.01,3.505,34.14,34.53,28.4,26.92,72.41,76.2,61.96,96.2,0.0,116.1,584.9
01-01-2019 16:00,7878,13.41,545.2,219.1,96.9,3.943,36.33,33.89,28.73,26.84,74.41,75.85,61.78,94.9,0.0,180.3,385.1
01-01-2019 16:30,7879,13.42,568.6,121.9,16.48,1.428,35.95,33.59,28.69,26.78,71.79,76.29,61.98,95.8,0.0,94.0,361.1
01-01-2019 17:00,7880,13.42,391.5,82.1,12.49,0.905,34.27,33.14,28.84,26.86,66.42,76.04,61.9,95.4,0.0,70.85,228.9
01-01-2019 17:30,7881,13.2,189.2,14.09,7.8,0.236,33.66,32.19,28.54,26.76,67.44,74.57,60.59,92.7,0.0,48.23,92.7
01-01-2019 18:00,7882,12.88,55.18,5.549,3.269,-0.979,33.53,31.56,28.16,26.51,70.64,71.95,58.32,90.2,0.0,27.89,33.83
01-01-2019 18:30,7883,12.72,4.728,0.684,0.34,-1.287,33.87,30.7,27.58,26.15,76.87,68.33,55.23,90.3,0.0,6.326,7.122
01-01-2019 19:00,7884,12.68,-0.071,0.044,-0.072,-0.817,32.35,30.13,27.01,25.83,77.79,67.0,54.1,92.2,0.0,2.108,2.793
01-01-2019 19:30,7885,12.65,-0.078,0.059,-0.058,-1.014,31.65,29.74,26.67,25.63,78.28,66.06,53.19,92.4,0.0,1.46,1.999
01-01-2019 20:00,7886,12.65,-0.083,0.065,-0.036,-1.284,29.83,29.41,26.27,25.4,79.66,65.36,52.64,94.7,0.0,1.924,2.534
01-01-2019 20:30,7887,12.61,-0.082,0.053,-0.029,-1.303,28.19,29.11,26.03,25.4,84.3,63.68,51.36,96.2,0.0,3.116,3.842
01-01-2019 21:00,7888,12.58,-0.074,0.045,-0.036,-1.264,27.29,28.68,25.74,25.28,84,62.43,50.38,95.1,0.0,2.062,2.459
01-01-2019 21:30,7889,12.45,-0.08,0.054,-0.042,-1.138,27.39,28.58,25.37,25.03,82.5,62.04,50.06,93.0,0.0,1.278,1.824
01-01-2019 22:00,7890,12.56,-0.08,0.042,-0.038,-0.717,26.77,28.45,25.17,24.88,89.9,60.62,48.96,95.8,0.0,3.013,3.625
01-01-2019 22:30,7891,12.57,-0.067,0.019,-0.047,-0.631,26.39,27.72,25.07,24.89,92.3,58.06,46.85,96.4,0.0,2.137,2.957
01-01-2019 23:00,7892,12.57,-0.072,-0.006,-0.046,-0.558,26.13,26.46,24.87,24.72,93.4,56.36,45.47,96.2,0.0,2.151,2.667
01-01-2019 23:30,7893,12.56,-0.059,0.07,-0.054,-0.638,26.4,25.55,24.67,24.53,94.6,55.48,44.85,96.7,0.508,2.191,2.93
02-01-2019 00:00,7894,12.56,-0.053,0.163,-0.084,-1.542,27.02,25.21,24.41,24.28,97.3,51.3,41.35,98.6,0.0,1.658,2.393
02-01-2019 00:30,7895,12.55,-0.048,0.141,-0.075,-1.851,27.83,25.14,24.34,24.22,98.9,48.93,39.47,98.8,0.0,2.139,2.741
02-01-2019 01:00,7896,12.54,-0.058,0.12,-0.075,-2.552,29.09,25.04,24.08,23.96,100,48.48,39.09,98.5,0.0,2.282,2.988
02-01-2019 01:30,7897,12.53,-0.038,0.11,-0.076,-2.043,26.75,25.4,23.85,23.78,98.2,49.7,40.04,98.8,3.556,1.668,2.266
02-01-2019 02:00,7898,12.5,-0.025,0.078,-0.089,-1.475,27.45,25.97,23.75,23.64,98.9,50.66,40.75,99.0,0.254,2.184,2.941
02-01-2019 02:30,7899,12.49,-0.024,0.044,-0.087,-2.412,26.17,25.64,23.47,23.31,96.7,49.58,39.9,98.7,0.0,1.897,2.789
02-01-2019 03:00,7900,12.49,-0.026,0.046,-0.082,-1.882,26.43,26.65,23.24,23.12,97,49.98,40.25,98.6,0.0,1.799,2.253
02-01-2019 03:30,7901,12.48,-0.024,0.028,-0.081,-1.556,26.99,27.71,23.14,23.07,98.1,50.03,40.34,98.7,0.0,1.641,2.478
02-01-2019 04:00,7902,12.48,-0.014,0.011,-0.081,-1.358,27.97,28.13,23.11,23.04,99.3,50.3,40.52,98.8,0.0,1.666,2.539
02-01-2019 04:30,7903,12.47,-0.013,-0.001,-0.08,-0.813,27.7,28.36,23.07,22.98,99.8,50.81,40.86,98.8,0.0,1.653,2.276
02-01-2019 05:00,7904,12.45,-0.008,-0.033,-0.074,-0.685,27.85,28.41,23.1,23.03,100.1,50.54,40.7,98.9,0.0,1.521,2.284
02-01-2019 05:30,7905,12.45,-0.003,-0.048,-0.072,-1.115,28.08,28.59,23.09,22.99,100.1,50.63,40.68,99.0,0.0,1.322,2.033
02-01-2019 06:00,7906,12.45,0.268,0.013,-0.043,-1.361,28.09,28.93,23.21,23.14,100.6,51.03,41.08,99.1,2.54,1.748,2.682
02-01-2019 06:30,7907,12.46,10.31,1.812,1.451,-0.668,28.19,29.08,23.32,23.24,101,50.06,40.24,99.1,0.508,7.672,8.68
02-01-2019 07:00,7908,12.53,36.45,6.828,5.543,-0.432,28.25,29.17,23.47,23.38,101.2,49.91,40.07,99.1,0.0,26.28,27.86
02-01-2019 07:30,7909,12.76,41.94,7.922,6.321,-0.278,28.37,29.47,23.64,23.52,101.1,50.02,40.15,99.1,1.778,28.86,30.56
02-01-2019 08:00,7910,12.78,80.8,14.76,11.97,1.233,28.45,29.7,23.85,23.67,101,49.43,39.57,99.1,0.508,55.35,57.36
02-01-2019 08:30,7911,13.18,186.5,34.4,27.19,3.799,27.82,30.07,24.2,23.89,99.5,50.28,40.27,99.1,0.0,135.1,140.1
02-01-2019 09:00,7912,13.73,227.9,39.58,30.85,4.892,28.19,30.4,24.52,24.19,97.9,51.03,40.69,99.1,0.0,160.1,165.5
02-01-2019 09:30,7913,13.49,232.8,42.92,34.43,5.878,32.11,30.68,24.72,24.44,100.7,51.36,40.98,99.1,0.0,162.6,168.9
02-01-2019 10:00,7914,13.55,190.9,32.84,26.45,4.461,32.79,30.84,24.84,24.61,101.1,50.72,40.51,99.1,0.508,134.7,139.7
02-01-2019 10:30,7915,14.01,322.6,58.85,45.89,8.1,33.79,31.02,25.11,24.78,NAN,52.8,42.31,99.1,2.794,227.9,238.2
02-01-2019 11:00,7916,14.02,609.9,139.0,87.7,15.97,29.86,31.68,25.43,24.97,97,55.28,44.16,99.1,0.254,443.2,486.0
02-01-2019 11:30,7917,13.41,483.3,91.5,76.45,13.54,27.46,32.28,25.88,25.41,92.2,58.74,47.17,99.0,0.508,348.9,364.9
02-01-2019 12:00,7918,13.42,790.6,201.9,151.8,26.07,28.41,32.97,26.31,25.64,88,65.06,51.98,99.1,0.0,588.5,777.7
02-01-2019 12:30,7919,13.41,729.8,113.8,105.6,17.96,29.43,33.55,27.17,26.19,82.4,68.6,55.32,98.9,0.0,477.2,794.6
02-01-2019 13:00,7920,13.42,772.5,211.2,144.9,16.05,31.2,33.27,27.5,26.39,79.87,69.56,56.34,96.2,0.0,501.7,674.0
02-01-2019 13:30,7921,13.4,631.6,249.6,219.9,14.36,40.39,32.87,28.05,26.49,82.5,71.36,57.65,96.2,0.0,458.7,656.3
02-01-2019 14:00,7922,13.4,511.2,163.0,206.8,11.52,32.97,32.02,28.18,26.61,76.13,70.96,57.34,96.6,0.0,388.4,541.0
02-01-2019 14:30,7923,13.35,869.0,453.2,72.68,6.215,36.58,33.08,28.94,27.09,74.83,73.14,58.95,95.0,0.0,277.5,629.6
02-01-2019 15:00,7924,13.35,935.0,611.7,52.59,5.656,36.9,35.73,29.17,27.15,72.82,75.85,61.12,95.0,0.0,274.7,631.5
02-01-2019 15:30,7925,13.31,320.4,48.09,37.53,3.993,35.86,34.02,28.95,27.04,75.12,73.0,58.87,93.7,0.0,207.6,254.1
02-01-2019 16:00,7926,13.34,267.4,55.5,35.44,2.527,35.94,31.98,27.5,26.59,85.2,69.0,55.99,95.3,0.0,174.4,201.4
02-01-2019 16:30,7927,13.07,94.6,13.6,10.4,-0.526,34.78,31.38,26.96,26.17,91,66.19,53.07,97.2,0.508,60.98,73.64
02-01-2019 17:00,7928,13.32,69.64,10.99,9.25,-0.157,32.21,31.53,26.21,25.87,96.2,60.6,48.54,97.9,0.0,48.1,51.64
02-01-2019 17:30,7929,13.35,44.96,7.896,5.16,-0.636,30.22,31.25,25.92,25.69,96.6,56.61,45.29,98.8,0.0,32.39,33.67
02-01-2019 18:00,7930,12.72,32.71,5.437,2.916,-0.917,28.88,30.83,25.86,25.65,95.2,55.24,44.23,99.0,0.0,22.63,24.23
02-01-2019 18:30,7931,12.6,4.826,0.821,0.436,-1.15,28,30.34,25.67,25.49,96.4,51.38,41.03,99.0,0.0,4.85,6.026
02-01-2019 19:00,7932,12.38,-0.061,0.023,-0.068,-1.034,27.88,29.69,25.55,25.38,97.3,48.94,39.1,99.1,0.0,1.597,2.273
02-01-2019 19:30,7933,12.41,-0.029,0.015,-0.067,-0.862,28.13,29.59,25.41,25.26,96.6,50.0,39.89,99.1,0.508,2.321,2.837
02-01-2019 20:00,7934,12.51,-0.024,0.003,-0.067,-0.799,28.03,29.29,25.31,25.13,97.2,49.7,39.72,99.0,0.0,1.894,2.6
02-01-2019 20:30,7935,12.5,-0.01,-0.008,-0.07,-0.753,26.67,28.53,25.12,24.99,97,49.84,39.82,98.9,0.0,1.49,2.494
02-01-2019 21:00,7936,12.47,-0.001,-0.011,-0.07,-0.701,26.37,28.27,25.08,24.96,96.3,49.74,39.75,99.0,0.0,1.864,2.503
02-01-2019 21:30,7937,12.42,-0.006,-0.028,-0.07,-0.987,26.31,28.06,24.97,24.83,95.7,49.38,39.51,98.8,0.0,1.616,2.433
02-01-2019 22:00,7938,12.26,-0.01,-0.035,-0.085,-1.03,26.13,27.93,24.75,24.65,96.2,49.21,39.33,98.9,0.254,1.746,2.765
02-01-2019 22:30,7939,12.22,-0.059,-0.046,-0.086,-0.786,26.23,27.89,24.61,24.54,95.8,48.92,39.17,98.9,0.0,1.945,2.484
02-01-2019 23:00,7940,12.19,-0.065,-0.05,-0.083,-0.651,26.53,28.09,24.46,24.36,95.9,48.68,38.79,98.8,0.0,1.52,2.522
02-01-2019 23:30,7941,12.17,-0.068,-0.051,-0.079,-0.993,26.8,28.45,24.32,24.23,95.9,48.8,38.96,98.8,0.0,1.516,2.305
03-01-2019 00:00,7942,12.19,-0.064,-0.059,-0.084,-0.985,27.15,28.92,24.2,24.06,96.1,48.68,38.84,99.1,0.0,1.901,2.242
03-01-2019 00:30,7943,12.22,-0.066,-0.08,-0.083,-0.706,27.7,28.59,24.17,24.05,97.2,48.04,38.42,99.1,0.0,1.673,2.222
03-01-2019 01:00,7944,12.18,-0.062,-0.084,-0.081,-0.507,28.17,28.42,24.14,24.02,97.1,47.94,38.2,99.1,0.0,1.434,1.942
03-01-2019 01:30,7945,12.21,-0.061,-0.096,-0.089,-0.442,28.59,28.45,24.08,23.98,98.2,47.72,38.13,99.0,0.0,1.934,2.642
03-01-2019 02:00,7946,12.19,-0.062,-0.109,-0.083,-0.486,33.07,28.26,24.01,23.92,103.3,47.38,37.84,99.0,0.0,1.573,2.626
03-01-2019 02:30,7947,12.15,-0.063,-0.12,-0.091,-0.384,32.35,28.07,23.86,23.78,103.2,46.82,37.45,98.6,0.0,1.899,2.411
03-01-2019 03:00,7948,12.14,-0.057,-0.126,-0.09,-0.356,32.62,28.62,23.71,23.67,103.8,46.85,37.47,98.7,0.0,1.688,2.325
03-01-2019 03:30,7949,12.14,-0.047,-0.142,-0.086,-0.35,33.72,31.35,23.61,23.6,NAN,47.98,38.28,98.6,0.0,1.648,2.268
03-01-2019 04:00,7950,12.11,-0.038,-0.147,-0.096,-0.241,33.53,30.23,23.53,23.53,NAN,47.01,37.6,98.6,0.0,1.608,2.299
03-01-2019 04:30,7951,12.09,-0.044,-0.146,-0.099,-0.174,34.44,32.24,23.48,23.44,NAN,48.0,38.37,98.8,0.0,1.685,2.587
03-01-2019 05:00,7952,12.1,-0.029,-0.154,-0.1,-0.158,28.71,33.37,23.4,23.39,101.8,47.98,38.27,98.7,0.0,1.459,2.168
03-01-2019 05:30,7953,12.07,-0.027,-0.163,-0.088,-0.141,27.96,29.95,23.45,23.39,101.2,46.37,36.94,99.1,0.0,1.9,2.792
03-01-2019 06:00,7954,12.07,2.545,0.196,0.173,-0.11,27.84,28.77,23.58,23.51,100.9,45.84,36.52,99.1,0.0,4.413,5.347
03-01-2019 06:30,7955,12.23,54.36,6.206,4.456,0.607,27.65,28.68,23.63,23.58,100.3,46.03,36.71,99.1,0.0,34.73,45.46
03-01-2019 07:00,7956,12.8,128.6,15.75,11.91,1.588,27.88,28.73,23.73,23.66,98.6,47.47,37.96,99.1,0.0,64.12,96.0
03-01-2019 07:30,7957,13.03,215.7,30.22,22.61,2.859,27.93,28.87,23.94,23.82,98,49.12,39.27,99.1,0.0,120.6,163.3
03-01-2019 08:00,7958,12.88,112.8,20.49,15.49,2.352,27.77,29.0,24.0,23.93,96.5,50.82,40.8,99.2,0.508,84.7,88.8
03-01-2019 08:30,7959,13.03,107.1,22.24,16.35,2.809,27.14,28.64,23.73,23.61,97.4,49.01,39.3,99.0,1.524,72.89,75.99
03-01-2019 09:00,7960,13.26,130.1,23.87,17.12,3.004,27.05,28.7,23.69,23.54,98.3,47.17,37.73,99.1,0.254,93.6,97.2
03-01-2019 09:30,7961,13.74,299.1,53.42,39.39,7.136,27.35,28.91,23.91,23.73,97.6,48.38,38.59,99.1,0.0,221.4,228.3
03-01-2019 10:00,7962,13.82,682.2,206.4,98.5,13.66,32.01,30.05,24.62,24.17,97,57.08,45.43,99.1,0.0,448.4,521.2
03-01-2019 10:30,7963,13.83,727.6,270.5,58.15,9.04,29,30.8,25.51,24.7,89,63.82,51.37,99.1,0.0,351.0,545.8
03-01-2019 11:00,7964,13.89,748.9,157.1,77.18,14.26,29.97,32.04,26.55,25.36,84.3,67.79,54.81,98.2,0.0,429.7,585.6
03-01-2019 11:30,7965,13.27,393.1,73.03,59.34,9.63,29.07,31.65,26.36,25.53,89.7,63.77,51.44,98.5,0.0,305.5,325.5
03-01-2019 12:00,7966,13.27,418.0,75.33,71.88,12.09,29.16,31.54,26.31,25.59,86.4,64.28,51.75,98.8,0.0,310.5,354.1
03-01-2019 12:30,7967,13.19,620.7,78.77,67.93,11.7,29.33,31.84,26.54,25.68,86.4,65.03,52.29,98.1,0.0,294.3,605.5
03-01-2019 13:00,7968,13.26,614.9,104.6,66.72,9.22,32.67,32.89,27.41,26.16,83.2,68.14,54.98,97.3,2.794,303.8,510.5
03-01-2019 13:30,7969,13.24,211.1,501.7,57.69,5.887,28.93,30.7,25.89,25.35,93.3,59.26,48.04,97.9,3.048,146.7,511.2
03-01-2019 14:00,7970,13.35,201.1,541.1,603.7,5.544,32.37,32.6,27.11,26.04,86.1,66.93,53.74,99.1,0.0,156.2,780.4
03-01-2019 14:30,7971,13.35,758.9,431.6,63.76,7.645,35.37,33.23,27.88,26.29,79.87,71.06,57.41,96.7,0.0,242.8,581.7
03-01-2019 15:00,7972,13.25,687.8,571.7,42.0,5.255,36.63,33.14,28.15,26.32,79.14,71.96,58.14,97.1,0.0,209.5,480.3
03-01-2019 15:30,7973,13.25,675.7,190.4,38.1,3.92,35.24,32.02,27.86,26.24,79.6,71.24,57.6,96.7,0.0,118.8,442.8
03-01-2019 16:00,7974,13.42,617.9,292.8,91.2,2.918,38.06,32.87,28.2,26.29,78.64,74.25,59.98,97.2,0.0,115.6,419.1
03-01-2019 16:30,7975,13.41,274.6,42.71,30.53,4.47,37.51,31.12,27.6,26.04,85.8,69.03,56.27,95.8,1.524,166.8,237.7
03-01-2019 17:00,7976,13.42,157.1,30.21,24.27,3.706,31.41,28.38,25.49,25.01,94.4,59.19,47.76,98.6,0.508,119.4,125.2
03-01-2019 17:30,7977,13.42,121.1,23.07,16.27,2.356,28.59,28.37,25.54,25.14,92.3,55.84,44.78,99.1,0.0,95.5,98.0
03-01-2019 18:00,7978,13.39,61.7,11.0,7.66,1.034,27.84,28.18,25.41,24.98,90.9,53.68,43.02,99.1,0.0,50.01,51.81
03-01-2019 18:30,7979,12.69,7.772,1.29,0.864,-0.088,27.59,27.79,25.08,24.77,92.7,50.56,40.39,99.1,0.0,9.01,9.78
03-01-2019 19:00,7980,12.66,-0.024,-0.09,-0.096,-0.227,27.89,27.46,24.94,24.67,93.2,48.88,39.07,98.9,0.0,1.553,2.182
03-01-2019 19:30,7981,12.64,-0.042,-0.097,-0.085,-0.552,27.96,27.32,24.86,24.59,93.3,48.3,38.56,99.0,0.0,1.622,2.166
03-01-2019 20:00,7982,12.61,-0.039,-0.11,-0.082,-1.472,28.11,27.29,24.8,24.54,93.3,48.15,38.41,99.1,0.0,1.301,2.095
03-01-2019 20:30,7983,12.6,-0.041,-0.127,-0.083,-1.574,27.98,27.22,24.85,24.61,93.7,47.52,37.93,99.1,0.0,1.928,2.504
03-01-2019 21:00,7984,12.58,-0.054,-0.143,-0.085,-1.192,28.94,27.0,24.71,24.44,94.6,47.39,37.8,99.1,0.0,2.106,2.667
03-01-2019 21:30,7985,12.56,-0.051,-0.17,-0.089,-0.689,31.38,26.88,24.54,24.29,98.1,47.22,37.74,99.0,0.0,1.676,2.246
03-01-2019 22:00,7986,12.56,-0.05,-0.183,-0.082,-0.35,31.48,26.85,24.44,24.3,97.2,46.76,37.33,98.9,0.0,1.884,2.329
03-01-2019 22:30,7987,12.53,-0.049,-0.203,-0.087,-0.215,31.22,26.85,24.34,24.26,97.3,46.38,36.98,99.0,0.0,1.857,2.663
03-01-2019 23:00,7988,12.52,-0.05,-0.223,-0.084,-0.362,31.25,27.05,24.28,24.23,97.1,46.14,36.77,98.9,0.0,1.8,2.55
03-01-2019 23:30,7989,12.49,-0.05,-0.235,-0.078,-0.897,29.67,27.08,24.21,24.11,97.2,45.51,36.35,99.0,0.0,1.877,2.396
04-01-2019 00:00,7990,12.48,-0.046,-0.25,-0.083,-0.421,27.33,27.14,24.09,24.03,95.3,45.02,35.89,98.9,0.0,2.115,2.524
04-01-2019 00:30,7991,12.48,-0.044,-0.248,-0.081,-0.226,26.88,27.14,24.01,23.94,95.1,44.9,35.78,98.9,0.0,1.713,2.53
04-01-2019 01:00,7992,12.42,-0.041,-0.274,-0.076,-0.172,26.71,27.38,23.94,23.92,94.7,45.24,36.07,98.8,0.0,1.448,2.094
04-01-2019 01:30,7993,12.41,-0.044,-0.289,-0.074,-0.137,26.21,27.51,23.91,23.75,96,44.47,35.43,98.8,0.0,1.792,2.742
04-01-2019 02:00,7994,12.46,-0.035,-0.294,-0.083,-0.2,26.36,27.56,23.81,23.32,98.3,44.41,35.52,99.1,0.0,2.038,2.826
04-01-2019 02:30,7995,12.44,-0.022,-0.301,-0.078,-0.239,27.85,27.53,23.69,22.21,100.8,44.05,35.11,99.1,0.0,1.937,2.807
04-01-2019 03:00,7996,12.44,-0.02,-0.291,-0.071,-0.253,29.72,27.46,23.62,22.11,102.9,44.01,35.01,99.1,0.0,1.26,1.787
04-01-2019 03:30,7997,12.44,-0.017,-0.301,-0.069,-0.242,30.19,27.23,23.62,22.06,103.3,44.12,35.21,99.1,0.0,1.74,2.681
04-01-2019 04:00,7998,12.41,-0.017,-0.312,-0.071,-0.214,30.11,27.01,23.57,22.03,103.3,43.75,34.81,98.9,0.0,1.726,2.495
04-01-2019 04:30,7999,12.43,-0.015,-0.319,-0.074,-0.199,30.15,26.71,23.44,22.19,103.3,43.62,34.83,98.9,0.0,1.848,2.542
04-01-2019 05:00,8000,12.41,-0.022,-0.309,-0.076,-0.216,30.41,25.99,23.27,22.83,NAN,42.97,34.27,98.9,0.0,1.506,2.225
04-01-2019 05:30,8001,12.37,-0.007,-0.31,-0.068,-0.294,29.08,26.37,23.24,22.94,102.5,42.64,33.87,99.1,0.0,1.861,2.526
04-01-2019 06:00,8002,12.36,0.354,-0.251,-0.007,-0.21,28.56,26.5,23.33,23.04,102.1,42.55,33.83,99.1,0.254,1.862,2.63
04-01-2019 06:30,8003,12.36,8.67,1.531,1.294,0.061,28.39,26.68,23.44,23.06,101.7,42.92,34.19,99.1,0.508,7.773,8.63
04-01-2019 07:00,8004,12.4,44.86,9.55,6.946,1.144,28.59,26.84,23.69,23.24,99.2,43.3,34.37,99.1,0.0,35.47,37.67
04-01-2019 07:30,8005,12.75,70.62,15.45,11.42,2.013,28.57,26.81,23.91,23.54,99.8,43.89,34.85,99.1,0.762,54.65,57.45
04-01-2019 08:00,8006,13.11,150.8,33.78,22.54,3.923,28.81,27.1,24.13,23.73,99.8,46.35,36.89,99.1,0.254,122.0,126.4
04-01-2019 08:30,8007,13.08,101.9,21.45,15.87,2.759,28.76,27.22,24.34,23.92,99.4,46.67,37.15,99.1,0.0,78.1,81.9
04-01-2019 09:00,8008,13.34,299.8,67.8,44.82,8.19,29.68,27.49,24.55,24.08,99.9,48.56,38.66,99.1,0.0,238.5,246.9
04-01-2019 09:30,8009,13.92,707.8,401.5,40.24,7.14,30.72,28.3,25.03,24.33,95.1,57.48,45.83,99.1,0.0,265.5,541.5
04-01-2019 10:00,8010,13.97,723.4,328.8,90.5,9.42,30.85,29.19,25.88,18.13,89.1,64.1,51.82,99.1,0.0,354.7,556.0
04-01-2019 10:30,8011,13.98,702.6,297.8,67.42,10.58,30.08,29.8,26.58,22.34,84.1,66.91,53.95,99.1,0.0,373.4,553.9
04-01-2019 11:00,8012,13.38,754.5,159.6,43.78,6.691,30.88,30.68,27.56,25.03,80,68.2,55.06,97.3,0.0,259.6,734.9
04-01-2019 11:30,8013,13.38,295.5,59.1,52.72,9.17,35.24,31.29,28.21,24.6,80.5,68.74,55.7,95.9,0.0,245.5,715.2
04-01-2019 12:00,8014,13.38,221.8,51.32,73.82,5.783,37.47,31.6,28.67,18.63,80.1,69.46,56.17,96.6,0.0,170.6,776.7
04-01-2019 12:30,8015,13.39,729.5,67.33,64.04,10.42,39.53,34.09,29.77,27.77,75.54,73.41,59.45,94.0,0.0,276.5,1037.0
04-01-2019 13:00,8016,13.42,735.3,216.2,116.1,9.56,35.63,35.36,29.65,27.74,72.89,73.78,59.69,87.2,0.0,287.2,675.8
04-01-2019 13:30,8017,13.42,256.6,256.9,120.8,6.877,35.2,35.15,29.37,27.58,71.97,73.99,59.73,90.4,0.0,194.1,628.4
04-01-2019 14:00,8018,13.43,395.0,103.8,190.3,10.73,35.25,33.26,30.1,27.81,69.2,74.37,59.97,91.4,0.0,338.5,519.8
04-01-2019 14:30,8019,13.41,780.6,141.6,66.39,6.753,34.62,32.22,29.85,27.84,68.39,74.05,59.86,90.8,0.0,232.6,627.4
04-01-2019 15:00,8020,13.43,866.0,608.4,46.49,5.177,35.02,32.61,29.99,27.88,66.94,75.06,60.88,90.1,0.0,185.4,600.4
04-01-2019 15:30,8021,13.42,809.0,401.1,39.17,5.274,34.77,32.87,29.88,27.68,66.96,75.58,61.42,90.4,0.0,159.6,561.3
04-01-2019 16:00,8022,13.43,695.1,351.9,123.5,3.326,34.11,32.47,30.11,27.97,68.18,75.96,61.87,87.7,0.0,145.6,485.0
04-01-2019 16:30,8023,13.42,458.9,116.8,18.1,1.695,33.29,31.8,29.83,27.78,67.48,75.62,61.47,91.5,0.0,95.3,336.6
04-01-2019 17:00,8024,13.28,93.1,17.15,6.608,0.377,33.2,30.25,29.21,27.37,66.07,72.65,58.89,89.1,0.0,56.39,72.94
04-01-2019 17:30,8025,12.92,33.67,5.604,3.072,-0.051,34.32,28.87,28.14,26.74,74.47,69.47,56.03,90.8,0.0,23.43,24.5
04-01-2019 18:00,8026,12.8,22.26,3.139,1.737,-0.156,35.64,27.85,27.43,26.48,81,66.71,53.7,90.6,0.0,14.24,15.12
04-01-2019 18:30,8027,12.6,3.956,0.74,0.337,-0.297,37.47,26.93,26.52,25.99,81.6,64.77,52.14,89.8,0.0,4.746,5.469
04-01-2019 19:00,8028,12.66,-0.078,0.093,-0.053,-0.287,31.39,26.54,25.96,25.58,76.12,63.76,51.24,90.7,0.0,1.861,2.368
04-01-2019 19:30,8029,12.68,-0.086,0.085,-0.046,-0.236,31.44,26.2,25.54,25.17,85,62.04,49.92,92.7,0.0,2.322,2.905
04-01-2019 20:00,8030,12.64,-0.085,0.062,-0.056,-0.2,29.93,25.87,25.24,24.95,87.4,59.8,48.07,95.1,0.0,2.569,2.988
04-01-2019 20:30,8031,12.56,-0.08,0.082,-0.044,-0.169,29.21,25.89,25.09,24.88,78.87,59.46,47.73,95.8,0.0,1.052,1.36
04-01-2019 21:00,8032,12.61,-0.083,0.071,-0.045,-0.147,28.92,25.87,24.93,24.77,80.6,59.02,47.44,95.8,0.0,1.855,2.27
04-01-2019 21:30,8033,12.58,-0.081,0.056,-0.043,-0.133,28.39,25.95,24.95,24.82,85.1,55.35,44.45,96.8,0.0,1.669,2.082
04-01-2019 22:00,8034,12.54,-0.082,0.035,-0.047,-0.127,27.95,25.81,24.87,24.76,84.2,53.32,42.81,96.9,0.0,1.306,1.909
04-01-2019 22:30,8035,12.53,-0.075,0.028,-0.051,-0.103,27.76,25.65,24.73,24.62,87.1,52.27,41.93,97.0,0.0,2.243,2.734
04-01-2019 23:00,8036,12.29,-0.075,0.02,-0.045,-0.084,27.18,25.56,24.62,24.53,90.7,51.91,41.68,97.4,0.0,1.956,2.775
04-01-2019 23:30,8037,12.45,-0.072,0.009,-0.044,-0.108,28.03,25.61,24.68,24.56,92.7,51.35,41.22,97.9,0.0,2.09,2.629
05-01-2019 00:00,8038,12.45,-0.077,0.022,-0.045,-0.107,29.5,25.76,24.73,24.61,90.9,53.01,42.61,97.9,0.0,1.586,2.124
05-01-2019 00:30,8039,12.44,-0.071,0.01,-0.041,-0.104,29.11,25.71,24.74,24.62,95.8,51.68,41.45,97.9,0.0,2.158,2.723
05-01-2019 01:00,8040,12.44,-0.064,0.07,-0.069,-0.158,29.59,25.67,24.71,24.63,97.5,49.23,39.56,98.1,0.0,1.801,2.352
05-01-2019 01:30,8041,12.45,-0.068,0.033,-0.069,-0.112,28.58,25.58,24.65,24.56,97.7,48.32,38.89,98.6,0.254,2.873,3.508
05-01-2019 02:00,8042,12.41,-0.069,0.004,-0.076,-0.172,26.84,25.52,24.54,24.48,96.7,46.38,37.14,98.5,0.0,2.144,2.898
05-01-2019 02:30,8043,12.4,-0.071,-0.011,-0.078,-0.117,26.75,25.29,24.37,24.3,94.9,45.61,36.52,98.6,0.0,1.487,2.108
05-01-2019 03:00,8044,12.38,-0.064,-0.035,-0.066,-0.062,26.62,25.27,24.32,24.29,96.1,44.77,35.91,98.6,0.0,1.74,2.416
05-01-2019 03:30,8045,12.38,-0.066,-0.054,-0.071,-0.038,26.72,25.27,24.29,24.28,95.7,44.14,35.38,98.6,0.0,1.638,2.482
05-01-2019 04:00,8046,12.37,-0.06,-0.082,-0.061,-0.014,26.59,25.27,24.29,24.27,96.5,43.71,34.93,98.4,0.0,1.857,2.414
05-01-2019 04:30,8047,12.04,-0.058,-0.082,-0.078,-0.014,26.47,25.24,24.27,24.25,98,43.05,34.52,98.5,0.0,2.133,2.742
05-01-2019 05:00,8048,12.0,-0.055,-0.085,-0.073,-0.022,26.15,25.08,24.08,24.08,97.8,43.36,34.71,98.5,0.0,1.682,2.453
05-01-2019 05:30,8049,11.99,-0.048,-0.085,-0.078,-0.067,26.24,25.01,23.99,24.0,97.9,43.06,34.45,98.6,0.0,1.549,2.123
05-01-2019 06:00,8050,11.95,0.663,0.059,0.035,-0.082,26.31,24.96,24.02,23.99,97.8,42.92,34.3,98.7,0.0,1.768,2.652
05-01-2019 06:30,8051,11.98,14.33,3.01,2.241,0.337,26.65,25.16,24.13,24.09,95.8,43.01,34.44,98.8,0.0,12.44,13.61
05-01-2019 07:00,8052,12.11,26.59,5.678,4.027,0.682,26.68,25.4,24.31,24.17,95.8,44.2,35.31,99.1,3.048,20.63,21.9
05-01-2019 07:30,8053,12.1,49.2,10.82,7.539,1.333,26.46,25.48,24.43,24.2,97.8,45.07,36.1,99.1,0.0,36.16,38.14
05-01-2019 08:00,8054,12.73,144.9,30.07,21.55,3.903,26.64,25.64,24.62,24.36,97.7,45.76,36.65,99.1,0.0,108.2,113.2
05-01-2019 08:30,8055,13.2,266.3,57.73,40.61,7.535,27,26.23,24.98,24.64,97.2,48.61,38.73,99.1,0.0,203.9,211.1
05-01-2019 09:00,8056,13.43,397.3,87.0,52.94,9.58,27.52,26.59,25.33,25.01,94.1,53.85,42.96,99.1,0.254,281.2,305.3
05-01-2019 09:30,8057,13.98,690.5,200.8,70.79,12.67,29.73,27.3,25.78,25.33,89.9,63.68,51.04,99.1,0.0,406.5,526.4
05-01-2019 10:00,8058,13.95,911.0,367.6,135.5,13.93,32.84,28.46,26.82,25.79,85.3,69.32,55.98,99.0,0.0,485.7,708.1
05-01-2019 10:30,8059,13.93,715.5,222.5,80.0,13.24,35.07,29.12,27.41,26.24,83.5,69.85,56.55,98.9,0.0,461.6,567.7
05-01-2019 11:00,8060,13.08,616.0,134.2,78.26,12.65,34.83,29.75,27.7,26.36,80.9,68.55,55.41,96.9,0.0,413.5,549.0
05-01-2019 11:30,8061,13.08,464.4,81.5,67.57,11.43,34.83,29.51,27.78,26.24,81.6,68.15,54.92,95.6,0.0,359.2,420.9
05-01-2019 12:00,8062,13.08,537.2,90.6,91.0,15.63,38.55,29.95,28.21,26.54,84.2,69.34,55.72,97.1,0.0,422.7,484.3
05-01-2019 12:30,8063,12.93,387.3,69.24,63.77,11.13,35.87,28.85,27.44,26.49,89.4,65.27,52.82,96.9,6.604,289.0,339.1
05-01-2019 13:00,8064,13.11,241.9,44.7,39.85,7.268,28.35,25.9,24.94,24.79,97,51.46,41.56,98.2,2.286,169.1,176.4
05-01-2019 13:30,8065,13.23,194.2,34.53,30.32,5.685,28.93,26.07,25.1,24.88,97.4,48.88,39.03,99.2,0.0,143.8,150.4
05-01-2019 14:00,8066,13.15,292.7,72.96,51.72,8.67,28.92,26.1,25.2,24.98,97.7,49.26,39.29,99.1,0.0,219.0,227.9
05-01-2019 14:30,8067,13.12,432.0,108.5,74.98,12.42,29.43,26.65,25.52,25.17,94.4,57.32,45.56,98.9,0.0,337.2,346.1
05-01-2019 15:00,8068,13.14,459.0,138.1,66.14,11.19,29.91,27.24,25.88,25.4,91,61.79,49.17,98.9,0.0,340.0,360.8
05-01-2019 15:30,8069,13.09,420.2,129.2,58.3,9.93,31.02,28.06,26.51,25.82,88.7,65.47,52.29,99.1,0.0,293.4,327.3
05-01-2019 16:00,8070,13.12,237.5,51.14,38.16,6.746,29.63,26.64,25.69,25.34,95.8,56.58,45.66,98.3,1.524,185.5,193.8
05-01-2019 16:30,8071,12.99,373.9,97.1,38.2,5.806,34.97,26.82,25.28,24.98,99.6,55.95,45.01,99.0,0.0,188.4,299.1
05-01-2019 17:00,8072,12.89,184.9,36.68,21.55,3.328,34.7,26.63,25.29,25.01,99.3,56.24,45.17,99.0,0.0,127.3,141.0
05-01-2019 17:30,8073,12.98,122.4,19.68,9.76,1.165,34.65,26.35,25.36,25.12,101,52.47,42.03,99.1,0.0,71.97,82.0
05-01-2019 18:00,8074,12.59,48.07,8.72,4.358,0.633,34.1,26.19,25.23,25.03,101.1,48.93,39.14,99.1,0.0,34.73,38.75
05-01-2019 18:30,8075,12.27,4.119,0.672,0.451,0.054,30.97,25.89,25.02,24.89,100.4,44.68,35.68,99.1,0.0,6.236,6.945
05-01-2019 19:00,8076,12.54,-0.054,-0.245,-0.11,-0.026,30.01,25.64,24.86,24.76,100.7,42.32,33.8,99.1,0.0,2.507,3.342
05-01-2019 19:30,8077,12.23,-0.057,-0.236,-0.111,-0.005,26.63,25.4,24.64,24.56,98,42.19,33.57,98.8,0.0,1.931,2.62
05-01-2019 20:00,8078,12.48,-0.057,-0.229,-0.1,0.002,26.5,25.22,24.48,24.4,96.9,42.73,34.06,98.9,0.0,1.357,2.1
05-01-2019 20:30,8079,12.17,-0.062,-0.253,-0.093,0.035,26.42,25.13,24.36,24.28,97,43.21,34.41,99.0,0.0,1.701,2.367
05-01-2019 21:00,8080,12.48,-0.054,-0.285,-0.094,0.042,26.08,25.05,24.31,24.23,98,43.36,34.6,99.1,0.0,1.689,2.348
05-01-2019 21:30,8081,12.46,-0.056,-0.307,-0.087,0.056,25.64,25.09,24.34,24.27,98,43.83,34.94,99.1,0.0,1.697,2.195
05-01-2019 22:00,8082,12.11,-0.06,-0.319,-0.086,0.06,25.58,25.1,24.35,24.26,98,43.85,34.87,99.1,0.0,1.514,2.087
05-01-2019 22:30,8083,12.11,-0.07,-0.35,-0.075,0.065,25.71,24.98,24.29,24.21,94.8,43.41,34.55,99.1,0.0,1.911,2.705
05-01-2019 23:00,8084,12.09,-0.065,-0.329,-0.088,0.005,27.03,24.52,23.71,23.58,95.2,42.81,34.12,98.6,0.0,1.836,2.719
05-01-2019 23:30,8085,12.12,-0.062,-0.351,-0.075,0.028,31.36,24.43,23.57,23.28,101.6,41.81,33.3,99.1,0.0,1.931,2.646
06-01-2019 00:00,8086,12.07,-0.04,-0.37,-0.075,0.027,26.67,24.45,23.49,22.98,98.8,41.81,33.4,99.1,1.27,1.946,2.684
06-01-2019 00:30,8087,12.03,-0.017,-0.392,-0.078,0.04,26.09,24.58,23.5,22.91,99.2,42.24,33.66,99.1,2.032,1.821,2.4
06-01-2019 01:00,8088,12.0,-0.015,-0.431,-0.074,0.07,26.01,24.65,23.53,22.95,99.1,42.27,33.73,99.1,0.254,1.935,2.53
06-01-2019 01:30,8089,12.27,-0.017,-0.443,-0.084,0.066,25.79,24.59,23.5,22.92,99.1,42.08,33.53,99.1,0.0,1.808,2.47
06-01-2019 02:00,8090,12.18,-0.011,-0.457,-0.074,0.071,25.52,24.55,23.44,22.88,99.1,41.91,33.48,99.1,0.0,1.624,2.4
06-01-2019 02:30,8091,12.02,-0.018,-0.464,-0.075,0.077,25.41,24.44,23.33,22.74,99.1,42.41,33.77,99.1,0.0,1.754,2.477
06-01-2019 03:00,8092,11.99,-0.011,-0.451,-0.084,0.061,25.17,24.35,23.2,20.31,99.1,42.24,33.75,99.1,0.0,1.626,2.503
06-01-2019 03:30,8093,11.97,-0.01,-0.453,-0.073,0.064,24.98,24.53,23.13,22.33,99,42.47,33.96,99.1,0.0,1.483,2.268
06-01-2019 04:00,8094,11.96,-0.006,-0.466,-0.074,0.071,24.98,24.91,23.23,22.49,99.1,42.84,34.18,99.1,1.27,1.63,2.337
06-01-2019 04:30,8095,11.97,-0.004,-0.479,-0.082,0.078,24.98,25.03,23.29,22.54,99.1,42.8,34.08,99.1,0.762,1.464,2.354
06-01-2019 05:00,8096,11.9,0.002,-0.503,-0.077,0.057,25,25.1,23.27,22.51,99.2,42.6,33.92,99.2,0.0,1.811,2.604
06-01-2019 05:30,8097,11.86,-0.001,-0.502,-0.081,0.063,25.02,25.14,23.27,22.53,99.2,42.96,34.28,99.1,0.0,1.607,2.448
06-01-2019 06:00,8098,12.14,0.443,-0.412,-0.006,0.086,24.99,25.15,23.27,22.52,99.2,42.67,33.94,99.1,0.0,2.001,2.701
06-01-2019 06:30,8099,12.1,11.21,1.905,1.644,0.404,24.99,25.2,23.29,22.54,99.2,41.88,33.4,99.1,0.0,10.36,11.56
06-01-2019 07:00,8100,12.15,41.56,7.903,6.382,1.26,25.06,25.3,23.37,22.59,99.1,42.06,33.51,99.1,0.0,34.21,35.85
06-01-2019 07:30,8101,12.35,36.3,7.795,5.768,1.129,25.18,25.43,23.48,22.7,99,42.77,33.97,99.1,1.27,26.9,28.61
06-01-2019 08:00,8102,12.2,32.05,7.381,5.141,1.055,25.28,25.51,23.58,22.8,98.8,42.97,34.32,99.1,6.096,21.18,22.56
06-01-2019 08:30,8103,12.11,18.94,4.083,2.996,0.637,25.26,25.48,23.59,22.79,98.9,39.8,31.59,99.1,24.64,10.96,11.95
06-01-2019 09:00,8104,12.07,20.23,4.162,2.957,0.617,25.06,25.27,23.43,22.66,98.9,38.45,30.44,99.1,8.13,12.01,13.22
06-01-2019 09:30,8105,12.02,30.98,6.646,4.632,0.923,25.01,25.24,23.36,22.62,98.9,38.2,30.18,99.1,3.556,17.49,18.53
06-01-2019 10:00,8106,12.11,55.89,12.28,9.16,1.848,24.98,25.26,23.32,22.53,98.8,38.14,30.13,99.2,5.588,32.87,34.68
06-01-2019 10:30,8107,12.77,110.1,24.69,16.36,3.173,25.03,25.34,23.38,22.54,98.9,37.51,29.61,99.2,4.826,72.94,75.33
06-01-2019 11:00,8108,13.16,192.7,43.06,29.2,5.557,25.06,25.39,23.4,22.61,98.6,37.67,29.72,99.1,0.0,140.6,144.9
06-01-2019 11:30,8109,13.46,288.5,61.51,44.55,8.31,25.38,25.64,23.6,22.7,97.5,38.49,30.27,99.1,0.0,211.7,218.5
06-01-2019 12:00,8110,13.74,292.4,54.92,43.95,8.35,25.57,25.69,23.62,22.75,95.7,39.18,30.78,99.1,0.254,210.3,219.5
06-01-2019 12:30,8111,13.57,208.7,40.42,32.48,6.053,25.74,26.01,23.84,22.96,94.7,39.13,30.72,99.1,0.0,151.9,158.8
06-01-2019 13:00,8112,13.7,252.5,50.78,39.22,6.971,26.28,26.28,24.01,23.11,94.3,39.93,31.55,99.1,0.0,181.6,188.9
06-01-2019 13:30,8113,13.78,316.2,63.04,48.96,8.94,27.05,26.54,24.17,23.2,93.6,39.71,31.3,99.1,0.0,230.0,238.3
06-01-2019 14:00,8114,13.15,278.9,55.19,43.49,7.935,30.68,26.86,24.49,22.78,96.7,41.89,33.13,99.1,0.0,206.7,214.5
06-01-2019 14:30,8115,13.16,339.7,65.48,48.72,8.84,30.25,27.21,24.7,19.54,95.4,45.16,35.76,99.1,0.0,252.8,264.2
06-01-2019 15:00,8116,13.12,446.4,126.8,64.93,11.03,27.28,27.9,25.22,19.13,88.9,54.82,43.56,99.1,0.0,340.9,356.3
06-01-2019 15:30,8117,13.12,429.1,137.4,61.62,10.11,29.07,28.34,25.6,24.49,88.3,61.1,48.69,99.1,0.0,320.0,348.1
06-01-2019 16:00,8118,13.07,239.9,44.56,36.14,5.97,30.67,28.13,25.56,24.58,89.9,59.61,47.49,99.0,0.0,195.8,203.5
06-01-2019 16:30,8119,13.1,168.0,32.24,24.06,3.691,30.51,27.97,25.48,24.62,91.3,57.49,45.82,99.1,0.0,138.5,144.4
06-01-2019 17:00,8120,13.11,125.2,23.75,18.81,3.128,30.27,27.83,25.49,24.79,92.1,55.08,43.75,99.1,0.0,103.8,107.5
06-01-2019 17:30,8121,13.12,79.38,17.34,10.81,1.678,29.96,27.55,25.31,24.73,93.5,52.79,41.98,99.1,0.0,68.4,69.89
06-01-2019 18:00,8122,12.65,31.75,6.806,4.968,0.852,29.28,27.19,25.14,24.67,94,48.6,38.69,99.1,0.0,30.09,31.48
06-01-2019 18:30,8123,12.54,3.314,0.562,0.446,0.08,28.18,26.78,24.76,24.36,94.6,45.37,36.06,98.9,0.0,5.308,6.088
06-01-2019 19:00,8124,12.41,-0.052,-0.205,-0.082,0.01,27.24,26.54,24.51,24.16,94.6,43.84,34.78,98.5,0.0,2.16,2.868
06-01-2019 19:30,8125,12.38,-0.066,-0.246,-0.084,0.042,26.92,26.3,24.35,24.02,94.7,42.71,33.86,98.5,0.0,1.846,2.385
06-01-2019 20:00,8126,12.37,-0.064,-0.291,-0.074,0.08,26.59,26.06,24.21,23.9,95,42.1,33.33,98.6,0.0,1.879,2.526
06-01-2019 20:30,8127,12.34,-0.068,-0.328,-0.072,0.075,26.36,26.03,24.05,23.77,95,42.06,33.31,98.7,0.0,1.645,2.517
06-01-2019 21:00,8128,12.33,-0.067,-0.355,-0.08,0.099,26.29,25.89,23.97,23.69,95,41.92,33.17,99.0,0.0,1.721,2.389
06-01-2019 21:30,8129,12.24,-0.067,-0.383,-0.077,0.119,26.14,25.81,23.88,23.6,94.1,41.85,33.05,99.0,0.0,1.672,2.379
06-01-2019 22:00,8130,12.19,-0.052,-0.423,-0.081,0.135,25.73,25.74,23.82,23.54,97.3,41.94,33.16,99.1,0.0,1.791,2.711
06-01-2019 22:30,8131,12.27,-0.049,-0.453,-0.09,0.141,26.03,25.76,23.78,23.47,98.6,41.78,32.99,99.1,0.0,1.77,2.513
06-01-2019 23:00,8132,12.18,-0.044,-0.478,-0.095,0.147,25.95,25.84,23.84,23.56,98.8,41.7,32.99,99.1,0.0,1.924,2.479
06-01-2019 23:30,8133,12.11,-0.043,-0.506,-0.111,0.178,25.82,25.88,23.88,23.61,98.9,41.69,32.96,99.0,0.0,1.498,2.273
07-01-2019 00:00,8134,12.28,-0.044,-0.524,-0.128,0.186,25.68,25.8,23.84,23.55,99,41.2,32.58,99.0,0.0,1.743,2.47
07-01-2019 00:30,8135,12.15,-0.037,-0.516,-0.133,0.183,26.57,25.73,23.77,23.48,100,40.48,32.05,99.1,0.0,2.038,2.733
07-01-2019 01:00,8136,12.23,-0.038,-0.526,-0.127,0.187,26.3,25.67,23.74,23.44,99.9,40.52,32.08,99.1,0.0,1.843,2.617
07-01-2019 01:30,8137,12.19,-0.031,-0.538,-0.12,0.185,26.56,25.68,23.74,23.41,100.4,41.35,32.75,99.1,0.0,1.686,2.392
07-01-2019 02:00,8138,12.12,-0.031,-0.548,-0.111,0.169,27.97,25.6,23.63,23.3,101.9,41.25,32.63,99.1,0.0,1.85,2.673
07-01-2019 02:30,8139,12.15,-0.027,-0.541,-0.112,0.165,26.73,25.52,23.55,23.24,100.8,41.61,32.93,99.1,0.0,1.959,2.653
07-01-2019 03:00,8140,12.15,-0.026,-0.567,-0.102,0.156,25.55,25.48,23.48,23.16,99.8,42.13,33.34,99.1,0.0,1.743,2.707
07-01-2019 03:30,8141,12.15,-0.023,-0.577,-0.096,0.162,25.32,25.45,23.46,23.15,99.6,41.64,32.97,99.1,0.0,1.729,2.525
07-01-2019 04:00,8142,12.19,-0.02,-0.587,-0.087,0.172,25.22,25.42,23.46,23.15,99.5,41.85,33.18,99.1,0.0,1.779,2.443
07-01-2019 04:30,8143,12.15,-0.024,-0.593,-0.091,0.172,25.11,25.42,23.42,23.14,99.5,41.63,33.01,99.1,0.0,1.851,2.442
07-01-2019 05:00,8144,12.18,-0.013,-0.59,-0.09,0.166,25.04,25.38,23.4,23.11,99.5,41.59,32.95,99.1,0.0,1.974,2.731
07-01-2019 05:30,8145,12.18,-0.014,-0.592,-0.089,0.173,24.99,25.35,23.35,23.08,99.5,41.62,32.86,99.1,0.0,1.658,2.591
07-01-2019 06:00,8146,12.11,0.38,-0.512,-0.023,0.186,24.92,25.3,23.34,23.05,99.4,41.45,32.75,99.1,0.0,1.889,2.663
07-01-2019 06:30,8147,12.11,8.52,1.217,1.307,0.434,24.93,25.31,23.36,23.04,99.4,41.52,32.86,99.1,0.0,8.08,8.71
07-01-2019 07:00,8148,12.24,36.05,7.294,5.85,1.187,24.97,25.38,23.4,23.09,99.4,41.45,32.83,99.1,0.0,32.02,33.39
07-01-2019 07:30,8149,12.6,77.35,15.38,13.35,2.61,25.07,25.49,23.54,23.24,99.4,41.71,32.94,99.1,0.0,65.72,68.73
07-01-2019 08:00,8150,12.85,94.7,19.42,15.32,2.955,25.3,25.71,23.7,23.36,99.4,42.67,33.63,99.2,0.0,79.29,82.2
07-01-2019 08:30,8151,13.01,163.4,34.37,26.64,4.938,25.42,25.89,23.86,23.5,99.3,45.0,35.5,99.1,0.0,131.7,135.8
07-01-2019 09:00,8152,13.7,233.7,44.71,40.02,7.796,25.73,26.31,24.11,23.71,99,49.34,38.93,99.1,0.0,177.1,187.2
07-01-2019 09:30,8153,13.69,292.9,60.52,44.71,8.02,27.17,26.89,24.48,23.95,98.6,54.17,42.89,99.1,0.0,232.8,244.3
07-01-2019 10:00,8154,13.7,403.1,86.0,59.29,10.61,27.16,27.66,25.17,24.36,94.4,59.52,47.18,99.1,0.0,324.8,336.5
07-01-2019 10:30,8155,13.7,314.0,64.64,51.03,8.92,29.44,28.1,25.66,24.74,92,61.05,48.47,98.7,0.0,253.6,263.4
07-01-2019 11:00,8156,13.04,283.6,56.3,45.34,7.9,30.17,28.54,25.94,24.98,91.1,61.38,48.76,98.5,0.0,223.8,234.1
07-01-2019 11:30,8157,12.99,285.2,59.03,49.64,8.88,30.2,28.68,26.1,25.04,90.9,60.7,48.07,98.7,3.81,212.8,224.3
07-01-2019 12:00,8158,12.96,161.0,37.01,26.97,4.917,27.46,26.08,24.3,23.89,96.3,49.49,39.79,97.7,8.13,110.1,114.9
07-01-2019 12:30,8159,13.04,83.4,16.59,13.13,2.418,25.76,25.66,23.71,23.52,97.4,43.23,34.35,99.1,4.826,53.23,55.33
07-01-2019 13:00,8160,12.92,79.79,12.53,11.05,2.124,25.71,25.77,23.81,23.63,97.7,42.81,34.03,99.1,0.508,54.34,56.72
07-01-2019 13:30,8161,13.04,138.5,24.67,22.1,4.359,26.11,26.1,24.05,23.83,97.4,43.41,34.35,99.1,0.0,89.9,93.7
07-01-2019 14:00,8162,12.96,119.0,20.92,18.52,3.609,26.29,26.34,24.27,24.01,96.8,43.45,34.27,99.1,0.0,82.7,86.2
07-01-2019 14:30,8163,12.95,157.8,29.73,26.46,5.084,26.32,26.63,24.49,24.17,97.5,44.08,34.61,99.1,0.508,115.0,119.9
07-01-2019 15:00,8164,13.01,119.8,23.41,20.51,4.089,26.32,26.88,24.72,24.32,97.4,44.33,34.91,99.1,0.0,94.4,98.9
07-01-2019 15:30,8165,13.12,134.1,26.95,23.31,4.553,26.26,26.88,24.8,24.47,97.6,44.91,35.41,99.1,0.0,106.3,111.1
07-01-2019 16:00,8166,13.22,95.1,18.08,16.69,3.292,26.33,26.95,24.89,24.6,97.8,44.64,35.1,99.1,0.0,77.15,81.3
07-01-2019 16:30,8167,13.24,111.4,22.05,19.77,3.925,26.37,27.12,24.99,24.7,96.3,45.55,35.82,99.1,0.0,90.2,94.4
07-01-2019 17:00,8168,13.23,97.3,20.54,17.24,3.373,26.31,27.21,25.02,24.75,96.2,45.25,35.55,99.1,0.0,80.9,84.3
07-01-2019 17:30,8169,13.2,69.88,13.41,11.91,2.473,26.35,27.18,25.06,24.81,95,45.07,35.5,99.1,0.0,60.23,62.7
07-01-2019 18:00,8170,12.66,23.12,4.385,3.495,0.868,26.16,27.09,25.0,24.82,96.6,42.85,33.8,99.1,0.0,22.43,24.13
07-01-2019 18:30,8171,12.54,3.015,-0.019,0.262,0.283,25.97,26.92,24.9,24.72,97.5,41.73,32.86,99.1,0.0,4.587,5.264
07-01-2019 19:00,8172,12.49,0.007,-0.696,-0.271,0.171,25.75,26.72,24.75,24.59,98,41.57,32.83,99.1,0.0,1.695,2.474
07-01-2019 19:30,8173,12.45,-0.01,-0.686,-0.269,0.202,25.68,26.67,24.65,24.49,98.2,41.78,32.97,99.1,0.0,1.707,2.358
07-01-2019 20:00,8174,12.46,-0.004,-0.681,-0.257,0.223,25.64,26.66,24.61,24.46,98.3,41.99,33.11,99.1,0.0,1.892,2.532
07-01-2019 20:30,8175,12.37,-0.005,-0.69,-0.239,0.224,25.53,26.62,24.55,24.42,98.3,42.2,33.26,99.1,0.254,1.7,2.566
07-01-2019 21:00,8176,12.31,0.004,-0.684,-0.225,0.224,25.52,26.53,24.51,24.37,98.3,42.29,33.35,99.1,0.0,1.6,2.285
07-01-2019 21:30,8177,12.33,0.003,-0.688,-0.206,0.226,25.47,26.49,24.46,24.32,98.4,42.26,33.26,99.1,0.0,1.671,2.545
07-01-2019 22:00,8178,12.32,0.009,-0.688,-0.168,0.25,25.41,26.48,24.46,24.31,98.4,41.28,32.43,99.1,0.254,1.484,2.313
07-01-2019 22:30,8179,12.27,0.005,-0.693,-0.141,0.076,25.35,26.35,24.37,24.24,98,39.88,31.37,99.1,0.0,1.752,2.591
07-01-2019 23:00,8180,12.26,-0.025,-0.685,-0.12,0.008,25.28,26.25,24.3,24.17,96.6,39.68,31.19,99.1,0.0,1.746,2.622
07-01-2019 23:30,8181,12.28,-0.03,-0.68,-0.105,-0.046,25.3,26.17,24.19,24.05,95.9,40.58,31.87,99.1,0.0,1.986,2.454
08-01-2019 00:00,8182,12.34,-0.029,-0.686,-0.1,-0.058,25.13,26.06,24.06,23.97,97,41.59,32.71,99.1,0.0,1.742,2.517
08-01-2019 00:30,8183,12.33,-0.026,-0.684,-0.094,-0.02,25.01,26.02,23.99,23.9,97.4,41.9,33.03,99.1,0.0,1.425,2.54
08-01-2019 01:00,8184,12.33,-0.028,-0.679,-0.092,0.009,24.98,25.93,23.96,23.84,96.5,41.43,32.66,99.1,0.0,2.015,2.582
08-01-2019 01:30,8185,12.28,-0.027,-0.688,-0.082,0.032,24.9,25.88,23.89,23.73,96.8,41.21,32.49,99.1,0.0,1.502,2.328
08-01-2019 02:00,8186,12.27,-0.025,-0.683,-0.086,0.094,24.78,25.84,23.84,23.72,97.3,41.35,32.49,99.1,0.0,1.746,2.629
08-01-2019 02:30,8187,12.26,-0.023,-0.696,-0.079,0.12,24.7,25.72,23.73,23.64,97.5,40.56,31.91,99.1,0.0,1.823,2.728
08-01-2019 03:00,8188,12.26,-0.013,-0.693,-0.072,0.124,24.59,25.64,23.6,23.56,97.8,40.19,31.65,99.1,0.0,1.691,2.541
08-01-2019 03:30,8189,12.15,-0.014,-0.699,-0.082,0.144,24.53,25.6,23.63,23.54,97.9,40.71,32.04,99.1,0.0,1.658,2.337
08-01-2019 04:00,8190,12.09,-0.018,-0.699,-0.073,0.162,24.5,25.65,23.64,23.55,98,40.62,32.06,99.1,0.0,1.681,2.527
08-01-2019 04:30,8191,12.1,-0.018,-0.711,-0.062,0.203,24.51,25.59,23.65,23.55,98,40.59,31.9,99.1,0.0,1.566,2.282
08-01-2019 05:00,8192,12.11,-0.022,-0.725,-0.066,0.214,24.49,25.64,23.68,23.6,98.1,40.79,32.23,99.1,0.0,1.957,2.607
08-01-2019 05:30,8193,12.06,-0.031,-0.726,-0.061,0.184,24.48,25.6,23.67,23.58,98,40.96,32.22,99.1,0.0,1.728,2.558
08-01-2019 06:00,8194,12.07,0.284,-0.667,-0.007,0.214,24.48,25.58,23.67,23.59,97.9,40.59,31.93,99.1,0.0,1.881,2.591
08-01-2019 06:30,8195,12.04,7.559,0.955,1.3,0.461,24.55,25.61,23.71,23.61,97.3,40.12,31.7,99.1,0.0,7.67,8.58
08-01-2019 07:00,8196,12.19,46.65,9.23,7.97,1.72,24.64,25.71,23.74,23.66,97.6,40.49,31.87,99.1,0.0,39.47,41.7
08-01-2019 07:30,8197,12.62,66.36,14.2,11.47,2.397,24.79,25.89,23.9,23.76,97.5,41.74,32.86,99.1,0.0,56.2,59.38
08-01-2019 08:00,8198,12.65,82.4,17.22,14.24,2.853,24.89,25.99,24.0,23.88,97.5,41.96,32.98,99.1,0.0,65.63,68.16
08-01-2019 08:30,8199,12.91,98.6,20.35,16.33,3.291,25.02,26.12,24.12,23.97,96.6,42.1,33.04,99.1,0.0,75.47,78.48
08-01-2019 09:00,8200,13.04,124.5,27.44,19.9,3.931,25.28,26.33,24.28,24.1,96.1,42.78,33.48,99.1,0.254,96.7,100.0
08-01-2019 09:30,8201,13.31,141.0,30.11,24.33,4.725,25.47,26.52,24.41,24.22,94.5,45.15,35.4,99.1,0.0,105.2,109.8
08-01-2019 10:00,8202,13.62,252.5,53.56,44.18,8.45,25.22,26.27,24.2,24.09,93.8,47.96,37.93,99.1,0.0,193.1,201.1
08-01-2019 10:30,8203,13.69,363.2,75.04,60.66,12.09,25.46,26.6,24.44,24.2,93.3,51.72,40.75,99.1,0.0,286.8,298.5
08-01-2019 11:00,8204,13.7,416.9,86.8,70.24,13.46,25.78,26.85,24.59,24.18,91.6,54.86,43.39,99.1,0.0,332.4,346.3
08-01-2019 11:30,8205,13.08,417.8,86.3,67.5,12.1,26.07,26.87,24.54,24.05,88.6,57.4,45.5,98.7,0.0,327.5,342.7
08-01-2019 12:00,8206,13.04,397.0,74.36,62.75,11.35,26,26.55,24.35,23.92,87.3,57.3,45.47,98.5,0.0,289.3,306.2
08-01-2019 12:30,8207,13.0,398.8,70.12,61.78,11.1,26.15,26.82,24.46,23.91,87.2,58.42,46.32,98.7,0.0,295.5,310.6
08-01-2019 13:00,8208,13.05,288.3,53.62,46.43,8.06,25.82,26.69,24.35,23.81,88.5,57.85,45.96,98.2,0.0,217.1,225.2
08-01-2019 13:30,8209,13.19,243.7,40.59,36.12,6.175,25.72,26.46,24.24,23.7,88.6,57.41,45.62,98.2,0.0,182.4,188.1
08-01-2019 14:00,8210,13.24,250.2,40.18,39.41,7.137,25.93,26.68,24.36,23.82,88.7,57.6,45.78,98.9,0.0,183.6,192.6
08-01-2019 14:30,8211,13.2,227.2,36.79,35.7,6.769,25.9,26.73,24.47,23.9,88.4,57.36,45.5,98.9,0.0,167.7,175.9
08-01-2019 15:00,8212,13.11,182.0,30.76,27.78,4.907,25.87,26.8,24.43,23.96,89.6,57.34,45.56,98.8,0.0,137.3,142.2
08-01-2019 15:30,8213,13.01,122.3,22.18,20.43,3.67,25.45,26.55,24.3,23.89,91.4,55.75,44.34,98.4,0.0,96.7,100.6
08-01-2019 16:00,8214,13.13,130.5,23.07,19.96,3.356,25.25,26.23,24.09,23.78,93.1,54.03,43.14,98.4,0.0,107.7,112.5
08-01-2019 16:30,8215,13.12,184.7,33.85,29.48,4.718,25.53,26.5,24.22,23.84,92.1,55.65,44.15,98.8,0.0,152.8,160.8
08-01-2019 17:00,8216,13.29,116.2,22.65,18.78,3.1,25.56,26.62,24.37,23.98,92.1,55.72,44.31,98.9,0.0,102.1,105.6
08-01-2019 17:30,8217,13.24,47.11,8.58,8.0,1.371,25.4,26.32,24.25,23.92,92.2,53.49,42.55,98.4,0.0,41.88,43.67
08-01-2019 18:00,8218,12.89,26.82,4.729,4.026,0.613,25.4,26.28,24.12,23.9,92.9,50.89,40.48,98.7,0.0,25.78,27.37
08-01-2019 18:30,8219,12.58,5.069,0.532,0.696,0.073,25.15,26.09,24.05,23.83,94.6,45.07,35.71,98.9,0.0,6.974,7.925
08-01-2019 19:00,8220,12.59,-0.032,-0.44,-0.051,-0.075,24.92,25.77,23.82,23.64,94.7,42.14,33.4,98.4,0.0,1.899,2.767
08-01-2019 19:30,8221,12.56,-0.055,-0.479,-0.043,-0.063,24.77,25.52,23.58,23.42,95.4,40.51,32.13,98.3,0.0,2.163,2.784
08-01-2019 20:00,8222,12.27,-0.057,-0.503,-0.039,-0.038,24.61,25.27,23.39,23.28,95.5,39.43,31.06,98.6,0.0,1.39,2.029
08-01-2019 20:30,8223,12.25,-0.061,-0.525,-0.051,-0.021,24.38,25.25,23.3,23.18,95.9,39.7,31.37,98.8,0.0,1.64,2.528
08-01-2019 21:00,8224,12.19,-0.057,-0.543,-0.042,-0.009,24.19,25.14,23.18,23.07,96,39.6,31.23,98.8,0.0,1.503,2.392
08-01-2019 21:30,8225,12.23,-0.051,-0.567,-0.036,0.0,24.04,25.01,23.08,22.96,96.4,39.84,31.52,98.5,0.0,2.131,2.548
08-01-2019 22:00,8226,12.54,-0.047,-0.571,-0.034,0.014,23.99,24.97,22.99,22.93,96.5,39.79,31.4,98.5,0.0,1.428,2.242
08-01-2019 22:30,8227,12.5,-0.046,-0.577,-0.036,0.066,24.06,25.03,23.06,22.98,96.4,40.48,32.0,98.9,0.0,1.44,2.11
08-01-2019 23:00,8228,12.49,-0.049,-0.599,-0.034,0.107,24.2,25.09,23.1,23.0,95.8,40.95,32.23,99.1,0.0,1.564,2.233
08-01-2019 23:30,8229,12.5,-0.047,-0.621,-0.032,0.14,24.04,25.16,23.18,23.11,96.9,41.07,32.44,99.1,0.0,1.898,2.735
09-01-2019 00:00,8230,12.48,-0.032,-0.632,-0.036,0.123,23.99,25.19,23.18,23.09,97.3,41.35,32.61,99.1,0.508,1.588,2.364
09-01-2019 00:30,8231,12.49,-0.013,-0.646,-0.036,0.15,23.98,25.21,23.21,23.11,97.7,41.37,32.67,99.2,0.0,1.458,2.391
09-01-2019 01:00,8232,12.48,-0.011,-0.653,-0.03,0.09,24,25.24,23.23,23.14,97.7,40.53,32.03,99.2,0.0,1.829,2.718
09-01-2019 01:30,8233,12.45,-0.008,-0.663,-0.035,0.147,23.95,25.19,23.2,23.13,97.9,40.91,32.34,99.1,0.0,1.504,2.101
09-01-2019 02:00,8234,12.42,-0.01,-0.665,-0.032,0.173,23.91,25.18,23.18,23.09,97.9,41.37,32.66,99.1,0.0,1.655,2.318
09-01-2019 02:30,8235,12.41,-0.002,-0.665,-0.033,0.156,23.86,25.15,23.15,23.06,98,41.2,32.52,99.1,0.0,1.42,2.248
09-01-2019 03:00,8236,12.41,0.003,-0.663,-0.032,0.147,23.76,25.01,23.04,22.97,98.1,40.44,32.0,99.1,0.254,1.75,2.646
09-01-2019 03:30,8237,12.41,0.006,-0.656,-0.027,0.132,23.72,24.88,23.01,22.94,98.2,40.03,31.69,99.1,0.0,1.713,2.379
09-01-2019 04:00,8238,12.41,0.01,-0.661,-0.027,0.111,23.81,24.85,22.98,22.9,98.4,41.16,32.55,99.1,0.0,2.044,2.626
09-01-2019 04:30,8239,12.4,0.01,-0.652,-0.03,0.109,23.92,24.85,22.9,22.83,98.6,41.08,32.48,99.1,0.0,1.48,2.169
09-01-2019 05:00,8240,12.39,0.014,-0.649,-0.033,0.139,23.96,24.89,22.84,22.78,98.7,41.02,32.42,99.1,0.0,2.013,2.591
09-01-2019 05:30,8241,12.37,0.016,-0.641,-0.023,0.154,23.94,24.89,22.81,22.72,98.7,40.94,32.36,99.1,0.0,1.512,2.243
09-01-2019 06:00,8242,12.35,0.318,-0.58,0.03,0.191,23.95,24.91,22.85,22.77,98.7,40.96,32.25,99.1,0.0,1.929,2.647
09-01-2019 06:30,8243,12.36,7.652,0.922,1.281,0.422,23.91,24.9,22.84,22.78,98.7,41.25,32.66,99.1,0.0,7.653,8.84
09-01-2019 07:00,8244,12.41,26.56,4.776,4.526,1.035,23.97,24.96,22.88,22.8,98.8,41.41,32.74,99.1,0.0,23.97,25.38
09-01-2019 07:30,8245,12.64,63.2,12.33,10.77,2.17,24.02,25.11,22.97,22.86,98.7,41.44,32.78,99.1,0.0,55.44,57.36
09-01-2019 08:00,8246,13.08,85.8,16.92,14.66,2.869,24.15,25.2,23.06,22.93,98.7,42.07,33.28,99.1,0.0,73.48,76.74
09-01-2019 08:30,8247,13.24,134.0,25.95,22.48,4.288,24.4,25.44,23.27,23.14,98.7,42.54,33.52,99.1,0.0,110.5,114.9
09-01-2019 09:00,8248,13.51,164.6,31.19,27.12,5.137,24.69,25.75,23.56,23.35,98.7,44.59,35.14,99.1,0.0,134.3,139.6
09-01-2019 09:30,8249,14.01,243.2,46.1,41.31,7.721,25.11,26.21,23.89,23.6,96.9,49.95,39.28,99.1,0.0,197.3,205.5
09-01-2019 10:00,8250,14.01,350.4,68.0,56.3,10.02,29.09,27.07,24.28,23.93,NAN,57.42,45.3,99.1,0.0,290.8,299.7
09-01-2019 10:30,8251,14.02,522.2,100.1,83.7,14.94,32.19,27.66,25.04,24.31,94.6,62.07,48.9,99.1,0.0,441.6,455.0
09-01-2019 11:00,8252,13.98,618.7,120.3,99.6,17.91,31.64,28.44,25.68,24.22,89.9,65.23,51.56,99.1,0.0,530.7,556.1
09-01-2019 11:30,8253,13.35,657.8,135.8,108.2,19.41,34.61,29.45,26.46,13.15,86.6,66.05,52.36,97.5,0.0,573.9,629.3
09-01-2019 12:00,8254,13.33,628.5,120.5,111.7,19.83,32.14,29.99,27.17,25.52,81.3,66.53,52.85,96.4,0.0,532.2,576.5
09-01-2019 12:30,8255,13.35,636.7,123.9,114.4,19.35,35.06,30.45,27.49,25.9,81,67.63,53.63,95.2,0.0,529.2,576.5
09-01-2019 13:00,8256,13.35,740.0,145.8,138.8,21.46,36.56,31.08,27.94,26.18,78.29,69.53,55.07,92.6,0.0,602.6,683.5
09-01-2019 13:30,8257,13.34,697.9,156.9,200.9,16.69,35.61,31.56,28.43,26.51,74.72,69.7,55.41,90.8,0.0,598.6,700.8
09-01-2019 14:00,8258,13.31,468.8,130.9,547.0,9.63,34.59,31.96,28.79,26.78,72.33,70.78,56.28,88.5,0.0,396.7,656.5
09-01-2019 14:30,8259,13.3,532.8,106.2,138.5,10.95,39.19,32.6,28.84,26.88,76.38,71.83,57.23,92.0,0.0,352.8,519.6
09-01-2019 15:00,8260,13.3,757.8,186.2,47.63,5.319,38.96,34.28,28.83,26.95,75.53,73.55,58.53,90.5,0.0,233.0,572.9
09-01-2019 15:30,8261,13.3,596.6,220.0,52.49,6.706,31.6,35.42,28.81,26.97,67.42,74.05,58.88,88.3,0.0,225.5,457.9
28-01-2019 16:00,9174,13.35,266.0,45.51,30.31,1.478,32.18,30.4,29.56,27.61,70.26,74.29,62.01,89.7,0.0,126.5,181.4
28-01-2019 16:30,9175,13.38,625.2,51.66,25.5,2.438,33.66,30.79,28.92,27.18,68.51,75.78,63.48,91.4,0.0,73.03,377.2
28-01-2019 17:00,9176,13.38,481.9,63.56,28.13,3.631,33.17,31.43,29.93,27.48,65.71,76.16,63.72,89.6,0.0,149.3,323.6
28-01-2019 17:30,9177,13.37,93.2,17.48,8.51,0.605,31.92,29.23,28.81,27.32,70.97,72.77,60.75,87.3,0.0,60.51,65.05
28-01-2019 18:00,9178,12.9,46.55,9.26,3.871,0.087,33.45,28.23,27.65,26.51,74.63,70.94,59.0,88.4,0.0,25.93,27.37
28-01-2019 18:30,9179,12.68,11.68,2.287,0.874,-0.212,33.94,27.66,27.14,26.13,78,68.98,57.29,88.8,0.0,8.26,9.23
28-01-2019 19:00,9180,12.6,0.023,0.146,-0.065,-0.314,29.54,27.21,26.79,25.91,74.74,67.84,56.22,88.5,0.0,1.853,2.599
28-01-2019 19:30,9181,12.61,-0.068,0.149,-0.065,-0.313,29.71,27.3,26.59,25.74,72.87,68.14,56.43,89.7,0.0,1.332,1.813
28-01-2019 20:00,9182,12.59,-0.07,0.14,-0.061,-0.29,29.58,27.24,26.62,25.66,74.08,67.79,56.16,92.3,0.0,1.703,2.234
28-01-2019 20:30,9183,12.57,-0.072,0.145,-0.059,-0.276,29.64,26.9,26.4,25.5,73.43,67.38,55.84,90.6,0.0,1.705,2.134
28-01-2019 21:00,9184,12.57,-0.074,0.133,-0.049,-0.272,29.29,26.68,26.19,25.44,74.53,66.57,55.1,90.9,0.0,2.151,2.462
28-01-2019 21:30,9185,12.56,-0.07,0.135,-0.054,-0.264,28.73,26.29,25.9,25.34,74.76,65.54,54.2,90.4,0.0,1.495,2.117
28-01-2019 22:00,9186,12.52,-0.076,0.136,-0.048,-0.261,28.5,26.12,25.72,25.23,74.77,65.11,53.82,91.1,0.0,1.449,1.951
28-01-2019 22:30,9187,12.49,-0.072,0.135,-0.041,-0.259,28.49,26.08,25.61,25.09,75.51,64.67,53.45,92.8,0.0,1.846,2.28
28-01-2019 23:00,9188,12.48,-0.078,0.127,-0.047,-0.276,28.03,26.0,25.55,25.1,78.05,63.73,52.7,92.9,0.0,2.671,3.047
28-01-2019 23:30,9189,12.46,-0.072,0.118,-0.057,-0.269,27.91,25.81,25.42,24.92,77.16,63.4,52.33,92.2,0.0,1.831,2.557
29-01-2019 00:00,9190,12.42,-0.075,0.112,-0.06,-0.275,27.46,25.62,25.22,24.32,79.5,62.31,51.41,92.6,0.0,2.25,2.829
29-01-2019 00:30,9191,12.43,-0.077,0.109,-0.065,-0.401,26.62,25.65,24.9,24.31,84.3,60.07,49.52,94.1,0.0,2.528,3.252
29-01-2019 01:00,9192,12.41,-0.077,0.103,-0.068,-0.325,26.32,26.49,24.72,24.05,86.6,59.02,48.72,94.9,0.0,2.14,2.763
29-01-2019 01:30,9193,12.46,-0.072,0.104,-0.069,-0.292,26.04,28.09,24.56,19.68,88.5,58.65,48.31,95.7,0.0,1.619,2.569
29-01-2019 02:00,9194,12.41,-0.075,0.097,-0.065,-0.277,26.04,28.2,24.47,7.413,87.3,58.82,48.45,95.8,0.0,1.493,2.279
29-01-2019 02:30,9195,12.41,-0.069,0.095,-0.062,-0.268,25.94,28.25,24.42,10.5,87.1,58.65,48.36,95.8,0.0,1.546,2.212
29-01-2019 03:00,9196,12.4,-0.079,0.102,-0.062,-0.252,25.88,28.45,24.44,9.21,86.5,58.97,48.64,95.0,0.0,1.65,2.377
29-01-2019 03:30,9197,12.4,-0.074,0.101,-0.063,-0.248,25.87,28.17,24.42,9.95,86.2,58.99,48.63,95.1,0.0,1.789,2.418
29-01-2019 04:00,9198,12.38,-0.074,0.099,-0.062,-0.234,25.75,27.71,24.27,18.91,86.1,58.49,48.25,95.2,0.0,1.664,2.464
29-01-2019 04:30,9199,12.36,-0.078,0.1,-0.071,-0.233,25.67,27.62,24.15,16.97,86.2,57.71,47.58,95.7,0.0,1.579,2.352
29-01-2019 05:00,9200,12.37,-0.072,0.092,-0.069,-0.228,25.54,31.77,24.01,21.4,87.5,58.41,48.11,96.0,0.0,1.84,2.559
29-01-2019 05:30,9201,12.37,-0.073,0.08,-0.071,-0.25,25.45,38.69,23.82,7.852,88.6,60.8,50.06,96.3,0.0,2.342,3.039
29-01-2019 06:00,9202,12.33,0.22,0.144,-0.053,-0.26,25.19,35.99,23.68,-2.92,91.8,58.17,47.9,96.7,0.0,2.645,3.393
29-01-2019 06:30,9203,12.38,24.38,5.826,2.276,0.112,25.33,28.57,23.62,-10.26,94.3,53.89,44.39,96.7,0.0,21.34,24.43
29-01-2019 07:00,9204,12.69,118.5,24.71,10.08,1.439,26.24,28.56,23.76,-12.19,90,57.15,47.19,97.4,0.0,75.12,100.9
29-01-2019 07:30,9205,13.19,171.1,33.53,12.53,1.653,27.39,29.25,24.18,-9.9,87.5,62.17,51.46,97.1,0.0,99.4,140.0
29-01-2019 08:00,9206,13.52,287.9,43.76,17.52,2.375,28.15,30.16,24.99,-7.109,84.6,68.27,56.66,97.2,0.0,132.6,241.3
29-01-2019 08:30,9207,13.88,469.6,63.76,24.28,4.212,29.55,31.28,25.91,-8.81,81.1,71.7,59.6,97.1,0.0,159.4,382.8
29-01-2019 09:00,9208,13.9,617.0,357.1,36.08,4.544,30.39,35.19,27.04,-10.54,77.7,75.5,62.72,96.3,0.0,188.6,491.4
29-01-2019 09:30,9209,13.93,708.9,340.4,40.05,5.378,32.71,32.4,27.95,-12.04,73.79,75.17,62.44,95.3,0.0,242.2,575.3
29-01-2019 10:00,9210,13.32,639.4,165.1,119.5,7.787,34.92,32.06,28.49,13.22,76.16,73.91,61.36,93.7,0.0,329.9,553.3
29-01-2019 10:30,9211,13.34,624.7,224.9,75.26,9.95,33.56,31.7,28.28,-1.167,82.5,71.24,59.06,92.0,0.0,331.7,543.4
29-01-2019 11:00,9212,13.35,760.7,501.8,117.1,13.18,32.88,31.76,28.22,6.88,81.7,72.98,60.55,92.4,0.0,408.7,661.7
29-01-2019 11:30,9213,13.34,482.5,217.4,172.9,11.93,31.35,31.63,27.94,24.24,81.7,72.44,59.95,92.1,0.0,363.7,729.5
29-01-2019 12:00,9214,13.32,632.4,176.8,287.4,7.103,31.76,32.24,29.12,27.46,76.42,74.04,61.48,85.4,0.0,354.9,781.9
29-01-2019 12:30,9215,13.31,550.8,167.0,75.77,7.515,32.15,34.01,29.52,27.78,74.12,75.06,62.48,84.3,0.0,290.0,844.0
29-01-2019 13:00,9216,13.31,394.2,102.4,59.6,7.478,31.23,31.57,28.36,27.02,80.8,71.45,59.59,85.2,0.508,291.3,382.9
29-01-2019 13:30,9217,13.31,256.0,50.29,47.19,8.55,27.44,30.42,25.33,24.78,91.2,65.23,54.08,95.3,0.254,215.4,225.1
29-01-2019 14:00,9218,13.28,332.9,77.25,64.5,10.2,27.27,30.23,25.37,24.79,89.7,66.65,55.09,97.8,0.0,283.7,300.4
29-01-2019 14:30,9219,13.27,831.0,205.9,202.0,8.82,28.95,31.61,26.52,25.28,82.2,71.37,59.1,97.0,0.0,296.9,686.0
29-01-2019 15:00,9220,13.35,929.0,54.16,123.8,3.986,32.47,33.79,28.13,26.18,75.35,75.43,62.61,94.0,0.0,153.2,761.4
29-01-2019 15:30,9221,13.31,793.4,246.0,42.95,2.873,32.52,32.94,28.86,26.71,71.91,75.55,62.76,93.0,0.0,119.8,611.1
29-01-2019 16:00,9222,13.32,717.1,61.1,237.0,3.286,34.78,31.99,29.42,26.91,69.37,75.66,62.87,90.5,0.0,167.8,571.4
29-01-2019 16:30,9223,13.33,574.7,127.1,36.54,4.268,34.88,32.12,29.74,27.07,69.57,76.07,63.19,90.2,0.0,198.5,463.4
29-01-2019 17:00,9224,13.33,175.3,30.19,22.28,3.027,32.74,29.91,28.53,26.7,75.95,72.1,59.96,90.7,2.032,145.8,177.9
29-01-2019 17:30,9225,13.04,39.38,9.55,7.325,0.818,30.86,25.93,24.01,19.35,NAN,57.08,47.16,97.9,13.72,33.37,35.21
29-01-2019 18:00,9226,13.23,38.65,9.66,7.772,1.133,27.38,25.92,23.93,10.92,98.8,50.27,41.04,98.9,2.286,35.44,37.2
29-01-2019 18:30,9227,12.57,8.86,2.151,1.584,-0.011,27.87,25.95,23.87,7.847,98.8,49.83,40.73,98.8,0.0,11.6,12.52
29-01-2019 19:00,9228,12.57,0.014,0.095,-0.091,-0.287,29.37,25.8,23.69,-2.825,100.2,49.54,40.6,98.7,0.0,1.781,2.62
29-01-2019 19:30,9229,12.52,-0.049,0.103,-0.092,-0.189,28.43,25.9,23.7,-9.89,98.2,49.29,40.34,98.9,0.0,1.507,2.252
29-01-2019 20:00,9230,12.49,-0.062,0.082,-0.09,-0.181,28.43,26.04,23.73,-12.95,97.6,50.04,40.94,98.7,0.254,1.694,2.419
29-01-2019 20:30,9231,12.5,-0.054,0.054,-0.084,-0.185,28.11,26.01,23.65,-16.86,99.5,50.03,40.96,98.8,0.0,1.73,2.392
29-01-2019 21:00,9232,12.48,-0.056,0.021,-0.079,-0.208,27.9,26.26,23.54,-30.5,99.6,49.82,40.75,98.9,0.0,2.026,2.533
29-01-2019 21:30,9233,12.48,-0.048,-0.011,-0.071,-0.2,27.86,26.5,23.57,-35.32,99.6,50.03,40.99,98.9,0.0,1.67,2.33
29-01-2019 22:00,9234,12.47,-0.052,-0.04,-0.068,-0.181,27.97,26.66,23.63,-36.68,99.1,49.23,40.29,98.9,0.0,1.768,2.681
29-01-2019 22:30,9235,12.45,-0.056,-0.072,-0.069,-0.172,27.96,26.69,23.65,-36.73,99.5,49.7,40.7,98.8,0.0,1.555,2.402
29-01-2019 23:00,9236,12.41,-0.055,-0.11,-0.065,-0.163,28.01,26.72,23.73,-37.14,99.6,49.38,40.38,98.8,0.0,1.7,2.602
29-01-2019 23:30,9237,12.39,-0.046,-0.125,-0.056,-0.177,28.01,26.8,23.8,-37.7,99.5,48.55,39.69,98.8,0.0,1.561,2.351
30-01-2019 00:00,9238,12.37,-0.049,-0.14,-0.059,-0.246,28.04,26.82,23.78,-37.73,99.5,48.72,39.84,98.8,0.0,1.585,2.28
30-01-2019 00:30,9239,12.38,-0.058,-0.157,-0.059,-0.233,28.12,26.82,23.78,-37.7,99,47.46,38.76,98.8,0.0,1.596,2.342
30-01-2019 01:00,9240,12.36,-0.054,-0.184,-0.062,-0.226,27.84,26.71,23.69,-37.61,99.7,46.95,38.38,98.8,0.0,2.135,2.887
30-01-2019 01:30,9241,12.33,-0.037,-0.196,-0.062,-0.204,27.96,26.66,23.64,-37.36,100.5,46.66,38.1,98.7,0.0,1.693,2.268
30-01-2019 02:00,9242,12.32,-0.053,-0.206,-0.058,-0.177,28.77,26.62,23.62,-37.21,100.9,46.56,37.94,98.8,0.0,1.488,2.39
30-01-2019 02:30,9243,12.29,-0.034,-0.207,-0.046,-0.169,29.87,26.46,23.44,-25.81,99.6,47.66,38.92,98.8,0.254,2.138,3.067
30-01-2019 03:00,9244,12.25,-0.035,-0.209,-0.032,-0.134,29.33,25.18,23.08,21.9,99.5,47.97,39.05,98.7,0.254,1.919,3.23
30-01-2019 03:30,9245,12.29,-0.029,-0.23,-0.028,-0.22,26.94,26.43,22.8,-28.34,97.9,46.45,37.81,98.7,0.0,1.929,2.567
30-01-2019 04:00,9246,12.26,-0.05,-0.244,-0.016,-0.177,25.79,27.8,22.65,-35.08,96.4,45.51,37.07,98.7,0.0,1.874,2.804
30-01-2019 04:30,9247,12.26,-0.042,-0.263,-0.012,-0.134,25.61,30.26,22.55,-28.31,97.1,46.0,37.39,98.7,0.762,1.948,2.706
30-01-2019 05:00,9248,12.25,-0.039,-0.289,-0.015,-0.095,25.29,29.55,22.57,-23.53,98.7,46.79,38.09,98.8,0.254,1.552,2.666
30-01-2019 05:30,9249,12.25,-0.036,-0.311,-0.014,-0.099,25.07,27.83,22.52,-16.34,98.4,45.74,37.24,98.8,0.0,1.728,2.627
30-01-2019 06:00,9250,12.25,0.089,-0.296,0.005,-0.105,24.96,28.13,22.54,-20.25,98.4,46.49,37.86,98.7,0.0,1.67,2.474
30-01-2019 06:30,9251,12.21,13.54,2.352,1.745,0.184,24.91,28.02,22.43,-16.67,97.6,46.03,37.39,98.4,0.0,13.15,14.11
30-01-2019 07:00,9252,12.41,81.1,16.87,11.41,2.028,25.09,28.3,22.56,-33.98,97.4,45.6,37.09,98.7,0.0,70.64,73.31
30-01-2019 07:30,9253,13.12,134.5,26.82,19.94,3.461,25.34,28.67,22.93,-34.41,97.2,46.74,38.01,98.8,0.0,110.1,114.1
30-01-2019 08:00,9254,13.24,248.4,43.45,32.49,5.904,25.71,29.04,23.33,-34.45,95.4,49.54,40.29,98.8,0.0,179.2,208.0
30-01-2019 08:30,9255,13.94,633.3,75.97,49.49,9.01,28.38,30.11,24.06,-33.8,88.5,63.92,52.55,98.7,0.0,253.4,490.6
30-01-2019 09:00,9256,13.99,672.3,203.7,49.74,8.02,33.74,31.19,25.01,-34.11,NAN,68.95,56.88,98.7,0.0,260.5,507.1
30-01-2019 09:30,9257,13.97,631.3,241.8,59.21,10.62,30.57,32.99,25.82,-38.59,86.1,70.23,57.67,98.7,0.0,373.2,510.0
30-01-2019 10:00,9258,13.97,400.7,73.59,59.51,10.78,31.95,30.26,26.23,-38.41,87.2,68.66,56.02,98.6,0.0,328.6,344.5
30-01-2019 10:30,9259,13.35,564.0,137.3,78.01,15.38,32.05,29.5,26.49,-32.56,84.7,68.41,55.72,98.2,0.0,415.4,473.3
30-01-2019 11:00,9260,13.34,409.5,70.09,49.62,10.15,29.81,29.23,26.7,-8.5,84.1,66.09,53.71,98.2,0.0,278.5,354.1
30-01-2019 11:30,9261,13.34,596.1,85.0,183.0,15.8,31.54,32.0,27.39,-3.206,80.5,70.1,57.02,97.3,0.0,319.9,798.8
30-01-2019 12:00,9262,13.35,521.5,86.7,225.2,15.1,34.87,39.93,27.96,24.13,81.4,74.99,61.04,96.7,0.0,368.0,579.0
30-01-2019 12:30,9263,13.37,642.2,84.5,173.2,15.86,33.95,36.35,28.67,18.69,75.88,73.08,59.46,94.4,0.0,345.9,717.3
30-01-2019 13:00,9264,13.37,656.2,62.29,265.3,14.36,39.81,38.43,29.22,13.34,79.58,74.68,60.81,93.9,0.0,302.8,713.3
30-01-2019 13:30,9265,13.37,1028.0,63.71,882.0,14.63,38.66,34.37,29.84,13.45,74.75,73.65,59.8,90.1,0.254,326.8,854.0
30-01-2019 14:00,9266,13.2,335.0,73.1,64.11,8.08,32.68,32.83,26.7,12.21,85.6,69.56,57.27,88.7,0.762,241.3,277.5
30-01-2019 14:30,9267,13.26,229.0,40.33,41.97,6.742,32.48,28.81,25.17,22.01,93.6,64.57,52.77,94.2,0.0,147.1,157.4
30-01-2019 15:00,9268,13.26,160.9,28.13,27.49,4.479,35.03,27.71,24.8,22.03,NAN,61.97,50.52,95.2,0.0,108.2,113.1
30-01-2019 15:30,9269,13.23,155.4,24.82,25.62,4.263,35.09,28.09,24.82,21.76,99.3,62.39,50.8,96.4,0.0,109.9,113.9
30-01-2019 16:00,9270,13.23,192.1,29.95,32.56,5.511,35.87,28.23,24.93,21.7,98.3,62.97,51.28,96.1,0.0,136.5,143.2
30-01-2019 16:30,9271,13.12,103.3,16.45,16.28,2.639,35.48,28.24,24.87,21.59,93.8,62.88,51.19,95.5,0.0,78.19,81.8
30-01-2019 17:00,9272,12.98,71.76,11.59,11.51,1.731,35.26,28.16,24.74,21.28,92.4,61.76,50.31,95.7,0.0,55.75,58.55
30-01-2019 17:30,9273,12.87,68.45,10.64,11.12,1.891,35.59,27.99,24.67,21.17,97,60.8,49.6,96.2,0.0,55.67,57.88
30-01-2019 18:00,9274,12.53,36.14,6.034,5.917,0.834,32.41,27.85,24.6,21.0,NAN,58.45,47.68,96.2,0.0,31.5,32.98
30-01-2019 18:30,9275,12.45,4.831,0.851,0.697,-0.055,30.32,29.38,24.4,16.93,99.6,56.43,46.02,96.9,0.0,6.043,6.626
30-01-2019 19:00,9276,12.44,-0.025,0.321,-0.069,-0.327,28.8,30.48,24.19,-3.184,98,55.02,44.77,96.7,0.0,2.025,2.868
30-01-2019 19:30,9277,12.41,-0.069,0.128,-0.077,-0.313,29.21,29.16,23.96,0.457,97.8,54.31,44.25,97.0,0.0,1.64,2.31
30-01-2019 20:00,9278,12.37,-0.073,0.038,-0.066,-0.274,30.8,28.43,23.87,0.102,99,53.88,43.84,97.1,0.0,1.562,2.45
30-01-2019 20:30,9279,12.31,-0.08,0.021,-0.073,-0.233,30.95,28.17,23.79,15.13,99.8,53.3,43.34,97.0,0.0,1.94,2.654
30-01-2019 21:00,9280,12.33,-0.072,-0.001,-0.07,-0.288,33.16,27.86,23.77,-14.78,NAN,51.26,41.75,97.0,0.0,2.028,2.769
30-01-2019 21:30,9281,12.33,-0.071,-0.027,-0.081,-0.259,33.16,27.54,23.68,-31.56,NAN,50.15,40.87,97.2,0.0,1.825,2.409
30-01-2019 22:00,9282,12.31,-0.064,-0.039,-0.089,-0.242,31.54,26.28,23.53,-31.2,102.9,48.72,39.73,97.0,0.0,1.535,2.299
30-01-2019 22:30,9283,12.33,-0.069,-0.041,-0.092,-0.184,28.31,25.56,23.4,3.39,99.9,47.3,38.5,97.0,0.0,1.571,2.248
30-01-2019 23:00,9284,12.3,-0.062,-0.053,-0.083,-0.252,26.82,25.3,23.29,-9.55,98.6,45.52,37.04,97.5,0.0,1.63,2.535
30-01-2019 23:30,9285,12.28,-0.057,-0.057,-0.089,-0.151,28.09,25.08,23.19,-1.602,100.5,44.52,36.16,97.4,0.0,1.683,2.224
31-01-2019 00:00,9286,12.25,-0.059,-0.063,-0.089,-0.118,28.94,25.08,23.1,22.15,101.7,43.96,35.72,97.6,0.0,1.945,2.704
31-01-2019 00:30,9287,12.24,-0.055,-0.064,-0.086,-0.129,29.46,25.14,23.09,22.17,102.4,43.64,35.42,97.6,0.0,1.56,2.242
31-01-2019 01:00,9288,12.21,-0.05,-0.069,-0.078,-0.14,28.75,25.12,23.05,22.12,102,43.49,35.29,97.7,0.0,1.739,2.393
31-01-2019 01:30,9289,12.22,-0.046,-0.081,-0.08,-0.108,25.96,25.2,23.05,22.12,100,43.26,35.08,97.7,0.0,1.582,2.483
31-01-2019 02:00,9290,12.18,-0.045,-0.09,-0.074,-0.065,25.82,25.28,23.09,22.14,99.7,43.64,35.45,97.6,0.0,1.474,2.033
31-01-2019 02:30,9291,12.17,-0.042,-0.1,-0.074,-0.066,25.74,25.32,23.1,22.13,99.7,43.19,35.05,97.7,0.0,2.285,3.11
31-01-2019 03:00,9292,12.14,-0.044,-0.113,-0.083,-0.067,25.56,25.24,23.03,22.08,99.7,42.97,34.86,97.8,0.0,1.859,2.946
31-01-2019 03:30,9293,12.1,-0.042,-0.109,-0.085,-0.053,25.83,25.19,22.95,22.02,100,42.61,34.58,97.5,0.0,1.481,2.262
31-01-2019 04:00,9294,12.06,-0.037,-0.11,-0.085,-0.073,25.98,25.26,22.91,21.94,99.4,42.9,34.86,97.4,0.0,1.756,2.648
31-01-2019 04:30,9295,12.02,-0.036,-0.115,-0.08,-0.073,26.08,25.39,22.86,21.89,98.9,42.95,34.9,97.5,0.0,1.417,2.173
31-01-2019 05:00,9296,12.01,-0.031,-0.12,-0.079,-0.082,25.92,25.75,22.84,21.85,99.2,43.18,35.1,97.6,0.0,1.743,2.304
31-01-2019 05:30,9297,11.99,-0.036,-0.136,-0.072,-0.078,25.88,26.26,22.91,21.82,99.5,43.02,34.98,97.9,0.0,1.426,2.29
31-01-2019 06:00,9298,12.09,0.083,-0.105,-0.062,-0.058,25.97,26.4,22.97,21.92,99.8,43.38,35.23,97.9,0.0,1.731,2.34
31-01-2019 06:30,9299,12.07,10.79,1.693,1.528,0.248,26.07,26.44,23.07,22.02,100,43.42,35.3,97.9,0.0,10.11,11.07
31-01-2019 07:00,9300,12.18,47.45,8.24,7.175,1.285,26.17,26.7,23.14,22.03,100.1,43.19,35.11,97.7,0.0,39.37,41.57
31-01-2019 07:30,9301,12.5,97.0,17.72,14.46,2.505,26.27,26.9,23.31,22.15,100.1,43.0,34.88,97.7,0.0,80.1,82.7
31-01-2019 08:00,9302,12.95,221.3,38.21,28.59,4.859,26.66,27.33,23.67,22.36,99.9,48.59,39.56,97.6,0.0,169.7,180.9
31-01-2019 08:30,9303,13.46,521.7,79.24,42.18,6.332,28.6,28.51,24.68,22.79,94.7,60.82,49.82,97.6,0.0,277.8,404.2
31-01-2019 09:00,9304,13.8,404.7,86.0,48.82,7.379,27.66,29.39,26.02,23.53,86.6,66.45,54.55,97.3,0.0,317.7,335.7
31-01-2019 09:30,9305,13.89,439.0,82.6,65.49,11.03,28.12,29.3,26.5,21.14,84.6,67.67,55.32,97.0,0.0,360.0,369.7
31-01-2019 10:00,9306,13.87,479.1,88.7,75.21,13.26,28.64,31.03,27.03,9.82,82.5,69.55,56.67,95.7,0.0,378.6,399.3
31-01-2019 10:30,9307,13.24,416.2,91.6,59.81,9.36,28.87,35.39,27.19,24.52,81.4,71.1,57.89,96.2,0.0,320.2,347.1
31-01-2019 11:00,9308,13.27,609.3,114.0,89.2,16.25,29.92,40.24,27.78,24.7,79.38,74.2,60.41,95.6,0.0,474.0,513.3
31-01-2019 11:30,9309,13.26,620.1,119.5,112.2,17.48,32.58,34.04,28.44,7.636,78.37,72.33,59.09,92.0,0.0,487.0,568.9
31-01-2019 12:00,9310,13.23,696.2,95.8,296.8,16.51,35.22,36.23,29.01,17.83,78.03,74.55,60.99,90.4,0.0,405.2,657.7
31-01-2019 12:30,9311,13.27,521.4,74.98,179.2,10.15,37.37,36.1,29.86,8.79,73.95,75.34,61.72,88.9,0.0,312.9,832.0
31-01-2019 13:00,9312,13.26,504.7,93.7,180.4,10.9,35.98,33.49,30.68,-24.8,69.4,74.84,61.6,82.0,0.0,347.9,772.8
31-01-2019 13:30,9313,13.3,877.0,95.4,509.2,9.71,36.66,33.41,30.56,-25.03,65.95,75.36,62.15,86.2,0.0,474.8,781.5
31-01-2019 14:00,9314,13.31,729.4,101.6,199.8,7.303,51.44,33.32,30.6,-25.73,79.66,75.65,62.37,86.7,0.0,440.8,579.4
31-01-2019 14:30,9315,13.3,376.9,66.92,65.85,6.798,36.8,31.03,28.85,-23.24,81.5,72.01,59.36,85.0,0.0,250.5,302.8
31-01-2019 15:00,9316,13.31,442.6,60.77,78.68,8.84,33.8,30.22,27.72,-5.745,86.3,69.78,57.51,88.2,0.0,281.2,345.7
31-01-2019 15:30,9317,13.24,352.5,58.77,46.76,6.592,35.99,31.66,27.15,-23.02,91.6,69.08,56.84,95.4,0.762,244.2,281.0
31-01-2019 16:00,9318,13.26,291.4,55.07,40.77,5.748,35.71,31.52,26.98,-24.78,94.3,66.96,55.1,97.2,0.0,216.4,237.5
31-01-2019 16:30,9319,13.24,293.4,52.97,40.4,5.485,35.74,32.0,27.26,-25.46,93.4,68.85,56.4,97.8,0.0,212.0,232.7
31-01-2019 17:00,9320,13.23,123.4,17.26,17.28,2.599,35.96,31.88,27.33,-26.05,NAN,67.65,55.36,97.9,0.0,99.7,106.2
31-01-2019 17:30,9321,13.26,63.07,8.6,7.639,0.928,35.8,31.63,27.04,-26.44,NAN,64.84,52.89,97.8,0.0,51.15,53.44
31-01-2019 18:00,9322,12.83,29.48,4.382,3.59,0.236,32.3,37.75,26.54,-21.69,89.3,66.73,54.41,97.2,0.0,25.75,27.37
31-01-2019 18:30,9323,12.68,4.161,0.77,0.535,-0.256,29.72,39.88,26.18,-13.97,87.1,64.81,52.75,97.1,0.0,5.184,5.819
31-01-2019 19:00,9324,12.64,-0.035,0.14,-0.059,-0.278,29.54,30.34,25.92,-8.44,83.4,61.48,50.02,94.9,0.0,1.707,2.236
31-01-2019 19:30,9325,12.6,-0.078,0.134,-0.062,-0.166,29.37,28.89,25.75,-2.615,87.1,60.4,49.2,95.8,0.0,2.232,2.77
31-01-2019 20:00,9326,12.49,-0.075,0.124,-0.077,-0.17,30.4,34.2,25.61,5.542,90.8,60.82,49.53,97.2,0.0,2.066,2.682
31-01-2019 20:30,9327,12.48,-0.029,0.079,-0.095,-0.245,32.26,35.11,25.06,-0.11,98.8,58.13,47.34,97.3,7.62,4.809,5.54
31-01-2019 21:00,9328,12.46,0.022,0.011,-0.119,-0.344,33.61,26.75,23.25,1.478,NAN,50.08,40.78,96.7,4.064,3.762,4.517
31-01-2019 21:30,9329,12.46,0.063,-0.026,-0.092,-0.276,28.66,27.93,22.81,-39.93,97.9,48.2,39.23,98.1,0.0,1.442,1.974
31-01-2019 22:00,9330,12.45,0.064,-0.065,-0.089,-0.196,28,28.26,22.99,-40.46,99.1,48.09,39.11,98.2,0.0,1.454,1.99
31-01-2019 22:30,9331,12.42,0.069,-0.092,-0.082,-0.138,27.78,28.18,23.1,-40.53,100.3,47.11,38.24,98.2,0.0,1.609,2.412
31-01-2019 23:00,9332,12.41,0.075,-0.109,-0.085,-0.121,27.77,28.03,23.1,-40.54,100.6,46.57,37.87,98.1,0.254,1.747,2.36
31-01-2019 23:30,9333,12.41,0.079,-0.137,-0.081,0.028,27.41,27.95,23.05,-40.52,100.8,45.57,36.96,98.1,0.0,1.623,2.288
01-02-2019 00:00,9334,12.38,0.081,-0.157,-0.079,0.154,27.15,27.95,23.07,-40.56,100.8,45.66,37.02,98.1,0.0,1.647,2.482
01-02-2019 00:30,9335,12.37,0.088,-0.184,-0.068,0.179,27.04,28.04,23.05,-40.52,100.6,45.82,37.2,98.1,0.0,1.786,2.657
01-02-2019 01:00,9336,12.37,0.09,-0.188,-0.066,0.15,27.15,27.84,23.04,-40.47,99.8,45.28,36.73,98.0,0.0,1.667,2.418
01-02-2019 01:30,9337,12.34,0.09,-0.204,-0.075,0.141,27.08,27.92,23.07,-40.46,100.2,45.44,36.86,98.1,0.0,1.499,2.483
01-02-2019 02:00,9338,12.41,0.091,-0.216,-0.067,0.23,27.13,27.9,23.07,-40.47,100,45.43,36.88,98.0,0.0,2.092,2.669
01-02-2019 02:30,9339,12.37,0.096,-0.232,-0.063,0.21,26.93,27.93,23.04,-40.5,100.2,44.94,36.47,98.0,0.0,1.357,2.294
01-02-2019 03:00,9340,12.38,0.089,-0.242,-0.052,0.235,26.95,27.93,23.05,-40.5,100.3,47.98,38.92,98.0,0.0,1.536,2.295
01-02-2019 03:30,9341,12.37,0.098,-0.273,-0.035,0.27,26.88,27.92,23.04,-40.58,100.1,46.9,38.13,98.0,0.0,1.813,2.58
01-02-2019 04:00,9342,12.41,0.096,-0.267,-0.031,0.167,26.89,27.85,23.03,-40.55,99.5,47.37,38.49,98.0,0.0,1.597,2.301
01-02-2019 04:30,9343,12.4,0.092,-0.281,-0.027,0.154,27.19,27.85,22.97,-40.55,97.5,48.01,39.02,98.0,0.0,1.537,2.014
01-02-2019 05:00,9344,12.4,0.091,-0.304,-0.033,0.2,27.05,27.91,23.0,-40.72,98.3,48.07,39.04,97.9,0.0,2.023,2.703
01-02-2019 05:30,9345,12.4,0.09,-0.316,-0.04,0.125,26.89,27.8,22.96,-40.67,99.2,47.88,38.91,97.9,0.0,1.632,2.497
01-02-2019 06:00,9346,12.4,0.165,-0.301,-0.019,0.187,27.04,27.72,22.89,-40.75,97.4,47.95,38.98,97.8,0.0,1.552,2.238
01-02-2019 06:30,9347,12.4,13.18,2.185,1.904,0.643,27.32,27.78,22.93,-40.72,95.3,47.93,38.9,97.6,0.0,11.78,13.05
01-02-2019 07:00,9348,12.53,54.24,10.19,7.2,1.54,27.19,27.87,23.02,-40.71,96.5,47.64,38.68,97.8,0.0,44.0,46.54
01-02-2019 07:30,9349,12.89,87.6,16.17,13.55,2.752,27.18,28.24,23.3,-40.74,97.6,47.42,38.42,97.7,0.0,71.43,73.88
01-02-2019 08:00,9350,13.16,170.7,37.05,19.21,3.113,28.88,28.73,23.69,-40.61,97.8,48.41,39.28,97.9,0.0,128.7,136.7
01-02-2019 08:30,9351,13.46,241.7,47.53,36.19,6.688,30.46,29.28,24.05,-40.54,96.6,53.11,43.11,97.8,0.0,196.8,205.0
01-02-2019 09:00,9352,13.84,270.6,48.77,41.78,8.0,31.08,29.81,24.6,-40.36,94.2,58.76,47.77,97.7,0.0,215.3,227.9
01-02-2019 09:30,9353,13.9,550.4,241.5,64.99,11.47,29.96,30.5,24.99,-40.61,88.2,65.78,53.47,97.6,0.0,338.4,435.2
01-02-2019 10:00,9354,13.96,1054.0,768.4,115.7,5.886,36.75,32.04,26.14,-39.48,83.6,73.94,60.57,97.6,0.0,200.9,810.0
01-02-2019 10:30,9355,13.32,641.7,261.1,80.4,10.96,37.12,32.01,27.11,-39.33,84.5,72.5,59.27,97.6,0.0,383.4,538.3
01-02-2019 11:00,9356,13.34,831.0,108.2,97.1,15.53,36.01,33.08,27.72,-31.98,82.2,70.64,57.4,96.5,0.0,422.2,688.9
01-02-2019 11:30,9357,13.31,598.5,117.7,117.4,16.38,37.55,37.86,28.47,24.46,82.3,73.5,59.68,94.3,0.0,452.8,538.7
01-02-2019 12:00,9358,13.3,592.9,100.0,149.2,21.05,38.84,37.13,28.21,24.92,83.5,72.96,59.2,93.9,0.0,455.6,531.5
01-02-2019 12:30,9359,13.31,691.0,89.9,185.1,22.11,36.71,37.65,29.02,25.27,76.56,74.7,60.44,91.8,0.0,448.1,864.0
01-02-2019 13:00,9360,13.3,465.7,70.32,91.7,13.85,36.45,34.54,29.27,25.66,76.14,72.5,58.76,88.3,0.0,348.4,443.9
01-02-2019 13:30,9361,13.3,205.5,32.28,40.36,4.25,32.64,32.95,27.39,24.71,84.2,68.49,55.91,90.2,0.0,164.6,178.8
01-02-2019 14:00,9362,13.32,225.1,38.62,37.89,3.769,30.29,34.93,25.24,19.15,NAN,66.17,53.92,92.4,0.0,165.9,173.8
01-02-2019 14:30,9363,13.27,283.4,50.01,52.04,7.047,28.97,32.24,24.87,-37.96,89.8,65.12,52.98,93.0,0.0,213.5,226.3
01-02-2019 15:00,9364,13.27,297.2,51.39,51.29,6.832,29.44,32.56,25.13,-39.19,87.5,66.76,54.23,93.4,0.0,234.9,246.4
01-02-2019 15:30,9365,13.28,292.7,50.62,52.06,6.778,29.03,32.95,25.46,-39.34,85.7,67.7,54.91,94.8,0.0,242.5,247.6
01-02-2019 16:00,9366,13.28,280.0,49.46,49.37,6.415,29.54,33.6,25.92,-39.14,80.9,69.19,56.07,95.5,0.0,236.7,240.7
01-02-2019 16:30,9367,13.28,178.4,30.19,30.46,3.968,29.4,33.62,26.11,-39.04,84.5,68.26,55.35,95.5,0.0,149.8,156.6
01-02-2019 17:00,9368,13.29,125.4,22.0,20.19,2.33,28.77,33.05,26.06,-39.12,83.9,66.32,53.81,95.5,0.0,106.2,109.7
01-02-2019 17:30,9369,13.26,92.3,16.06,14.12,1.326,27.71,32.3,25.53,-39.26,85.4,64.89,52.73,93.4,0.0,80.5,83.5
01-02-2019 18:00,9370,13.12,47.8,8.32,7.608,0.693,28.15,31.78,25.06,-39.46,89.2,63.02,51.21,94.6,0.0,44.09,45.76
01-02-2019 18:30,9371,12.56,7.166,1.368,1.14,-0.154,28.73,32.67,24.75,-39.71,90.9,61.08,49.58,94.1,0.0,8.73,9.8
01-02-2019 19:00,9372,12.49,-0.028,0.109,-0.056,-0.297,28.53,30.79,24.54,-39.76,92.8,58.37,47.4,95.6,0.0,2.137,2.82
01-02-2019 19:30,9373,12.49,-0.068,0.096,-0.058,-0.254,30.6,29.06,24.43,-39.85,96.1,56.84,46.22,95.0,0.0,2.045,2.454
01-02-2019 20:00,9374,12.41,-0.072,0.074,-0.062,-0.214,32.85,28.3,24.3,-40.15,98.8,54.85,44.53,94.9,0.0,1.861,2.513
01-02-2019 20:30,9375,12.39,-0.083,0.058,-0.059,-0.208,30.74,27.36,24.16,-40.12,97.8,53.18,43.2,95.4,0.0,1.987,2.757
01-02-2019 21:00,9376,12.41,-0.072,0.038,-0.063,-0.213,28.72,27.66,24.06,-40.17,98,51.91,42.13,95.9,0.0,1.423,2.064
01-02-2019 21:30,9377,12.39,-0.07,0.031,-0.063,-0.189,28.57,27.51,24.04,-40.3,97.2,51.26,41.61,96.2,0.0,1.667,2.561
01-02-2019 22:00,9378,12.34,-0.071,0.017,-0.068,-0.133,28.31,27.48,24.03,-40.44,97.6,50.68,41.17,96.2,0.0,1.592,2.277
01-02-2019 22:30,9379,12.33,-0.071,0.015,-0.066,0.016,28.21,27.58,24.02,-40.37,97.8,49.97,40.58,96.0,0.0,1.787,2.588
01-02-2019 23:00,9380,12.37,-0.067,-0.002,-0.075,0.007,28.04,27.57,23.96,-40.48,98.9,48.37,39.18,96.2,0.0,2.001,2.732
01-02-2019 23:30,9381,12.36,-0.067,-0.026,-0.078,0.074,27.74,27.68,23.9,-40.26,99.4,47.18,38.24,96.3,0.0,1.604,2.334
02-02-2019 00:00,9382,12.33,-0.064,-0.031,-0.08,0.026,28,28.44,23.91,-40.25,98.4,45.95,37.26,96.9,0.0,1.222,1.96
02-02-2019 00:30,9383,12.33,-0.07,-0.031,-0.073,0.012,28.1,29.29,23.86,-39.7,96.9,46.67,37.74,96.7,0.0,1.495,2.088
02-02-2019 01:00,9384,12.3,-0.073,-0.032,-0.077,0.025,28,30.08,23.81,-39.98,95.9,46.87,37.93,96.7,0.0,1.409,2.17
02-02-2019 01:30,9385,12.23,-0.073,-0.043,-0.088,0.16,28.04,30.68,23.77,-40.43,97.4,47.2,38.26,96.5,0.0,1.719,2.395
02-02-2019 02:00,9386,12.19,-0.071,-0.062,-0.102,0.12,27.5,29.23,23.69,-40.24,99.5,45.86,37.16,96.9,0.0,2.044,2.69
02-02-2019 02:30,9387,12.33,-0.06,-0.073,-0.086,-0.062,26.59,29.94,23.68,-40.46,98.7,45.08,36.56,96.4,0.0,1.538,2.237
02-02-2019 03:00,9388,12.33,-0.073,-0.077,-0.085,0.103,26.71,30.29,23.66,-40.14,97,45.83,37.05,96.7,0.0,1.395,1.845
02-02-2019 03:30,9389,12.3,-0.062,-0.098,-0.087,0.17,26.54,30.59,23.68,-40.42,98.5,45.22,36.59,96.6,0.0,2.198,2.786
02-02-2019 04:00,9390,12.29,-0.063,-0.091,-0.091,0.104,26.47,30.57,23.65,-40.64,98.3,45.2,36.64,96.8,0.0,1.583,2.361
02-02-2019 04:30,9391,12.28,-0.071,-0.1,-0.085,0.033,26.59,30.69,23.63,-41.98,97,45.16,36.52,95.1,0.0,1.543,2.526
02-02-2019 05:00,9392,12.25,-0.06,-0.112,-0.081,0.044,26.45,30.5,23.63,-40.95,98.1,44.6,36.07,96.1,0.0,2.05,2.618
02-02-2019 05:30,9393,12.25,-0.06,-0.125,-0.087,-0.02,26.3,30.51,23.61,-40.7,98.1,44.5,36.02,96.4,0.0,1.586,2.151
02-02-2019 06:00,9394,12.3,0.012,-0.107,-0.076,0.029,26.44,30.45,23.6,-40.63,98.1,44.12,35.7,96.7,0.0,1.292,2.308
02-02-2019 06:30,9395,12.33,9.63,1.559,1.322,0.546,26.5,30.45,23.56,-40.83,97.5,44.59,36.12,96.4,0.0,9.48,10.34
02-02-2019 07:00,9396,12.45,66.69,11.68,8.56,1.376,26.61,30.47,23.65,-40.75,97.5,45.77,37.05,96.7,0.0,56.81,59.27
02-02-2019 07:30,9397,13.08,161.2,29.42,20.18,2.844,26.92,31.06,23.98,-40.74,96.6,52.35,42.51,97.0,0.0,131.1,137.7
02-02-2019 08:00,9398,13.62,317.3,51.45,36.48,5.035,28.91,32.06,24.78,-40.68,94.1,63.51,51.66,97.1,0.0,224.2,272.1
02-02-2019 08:30,9399,13.96,561.4,73.44,42.2,5.322,32.01,32.87,25.61,-40.51,89,70.15,57.32,96.5,0.0,258.9,449.7
02-02-2019 09:00,9400,14.0,655.5,178.9,50.49,5.595,32.28,33.01,27.09,-32.62,81,73.16,60.0,94.6,0.0,278.8,530.9
02-02-2019 09:30,9401,14.0,767.4,319.5,51.78,5.857,34.01,33.29,27.84,-26.21,79.56,73.65,60.25,93.2,0.0,308.1,612.8
02-02-2019 10:00,9402,13.35,706.2,283.2,78.57,9.11,36.06,34.38,28.3,13.31,77.95,73.84,60.22,92.6,0.0,434.3,593.7
02-02-2019 10:30,9403,13.34,780.9,321.8,99.1,11.9,36.18,39.17,28.49,11.31,77.01,76.33,61.91,91.5,0.0,487.8,661.7
02-02-2019 11:00,9404,13.34,712.1,151.4,89.1,10.19,35.08,35.51,29.09,14.17,73.73,74.56,60.4,88.8,0.0,425.7,609.4
02-02-2019 11:30,9405,13.35,797.2,121.0,139.6,14.12,34.89,35.87,29.48,14.38,68.78,75.19,61.05,87.6,0.0,458.9,700.5
02-02-2019 12:00,9406,13.34,553.8,99.7,130.8,16.97,34.72,34.79,29.1,14.15,69.97,75.12,60.93,87.2,0.0,428.2,515.6
02-02-2019 12:30,9407,13.34,616.0,89.3,95.9,15.51,34.48,34.66,29.07,13.66,74.82,74.97,60.63,89.3,0.0,377.7,527.2
02-02-2019 13:00,9408,13.32,639.2,85.3,103.5,14.44,34.95,35.29,29.68,3.456,73.79,75.44,61.01,85.2,0.0,383.4,555.5
02-02-2019 13:30,9409,13.35,363.7,62.87,64.81,10.08,35.78,34.33,29.22,4.005,72.86,74.57,60.19,87.0,0.0,284.8,299.0
02-02-2019 14:00,9410,13.35,456.7,102.4,83.0,11.42,33.85,33.89,28.81,1.319,78.71,74.2,59.82,90.6,0.0,323.3,365.0
02-02-2019 14:30,9411,13.33,389.2,71.63,65.47,10.27,33.77,33.6,28.74,2.018,81.1,72.65,58.84,92.1,0.254,311.8,328.1
02-02-2019 15:00,9412,13.04,168.9,33.6,31.14,4.64,35.93,31.79,27.21,-2.033,NAN,68.21,55.09,93.1,0.0,127.5,134.8
02-02-2019 15:30,9413,12.87,43.88,8.94,6.694,0.066,30.56,32.95,24.6,-18.46,NAN,57.57,46.85,96.1,14.22,35.22,37.36
02-02-2019 16:00,9414,13.05,49.97,10.93,7.858,0.331,28.13,29.89,23.94,-40.8,98.1,50.31,40.49,97.7,0.508,31.95,34.1
02-02-2019 16:30,9415,12.72,18.79,4.23,2.842,-0.42,28.55,27.94,24.14,-40.83,99.2,48.26,38.81,97.7,6.604,12.78,14.21
02-02-2019 17:00,9416,12.76,30.78,7.103,4.696,0.032,28.55,28.6,23.33,-41.13,98.8,47.97,38.66,97.1,1.524,21.97,23.98
02-02-2019 17:30,9417,12.8,25.42,4.998,3.812,-0.007,25.83,31.23,23.16,-41.27,97.5,46.74,37.6,97.7,0.0,18.5,20.01
02-02-2019 18:00,9418,12.67,17.86,3.575,2.601,-0.229,25.81,31.68,23.34,-41.33,98,46.2,37.16,97.7,0.0,15.12,16.35
02-02-2019 18:30,9419,12.56,2.593,0.416,0.313,-0.549,25.84,31.99,23.38,-41.34,97.9,46.25,37.19,97.6,0.0,3.491,4.437
02-02-2019 19:00,9420,12.56,0.094,-0.086,-0.055,-0.588,25.76,32.07,23.41,-41.33,98.2,47.55,38.31,97.6,0.0,1.83,2.713
02-02-2019 19:30,9421,12.53,0.07,-0.095,-0.057,-0.54,25.88,32.35,23.4,-41.37,97.9,48.89,39.4,97.6,0.0,1.493,2.195
02-02-2019 20:00,9422,12.52,0.08,-0.125,-0.051,-0.505,25.97,32.52,23.43,-41.37,98.6,49.27,39.65,97.6,0.0,1.379,1.872
02-02-2019 20:30,9423,12.48,0.08,-0.133,-0.042,-0.336,26.36,32.85,23.53,-41.44,97.8,49.91,40.15,97.5,0.0,1.736,2.322
02-02-2019 21:00,9424,12.49,0.074,-0.163,-0.03,-0.41,26.48,32.84,23.56,-41.45,97.3,49.82,40.13,97.5,0.0,1.5,2.291
02-02-2019 21:30,9425,12.46,0.08,-0.174,-0.035,-0.417,26.27,32.8,23.51,-41.4,97.7,49.34,39.72,97.5,0.0,1.589,2.39
02-02-2019 22:00,9426,12.42,0.083,-0.211,-0.037,-0.348,25.95,32.95,23.5,-41.39,98.6,48.7,39.15,97.5,0.0,1.775,2.743
02-02-2019 22:30,9427,12.43,0.088,-0.214,-0.028,-0.296,25.94,33.09,23.48,-41.39,98.6,47.76,38.43,97.5,0.0,1.369,2.03
02-02-2019 23:00,9428,12.42,0.095,-0.23,-0.027,-0.253,25.77,33.09,23.5,-41.43,98.8,46.86,37.65,97.5,0.0,1.613,2.526
02-02-2019 23:30,9429,12.41,0.09,-0.249,-0.031,-0.069,25.96,33.47,23.49,-41.54,99,48.27,38.8,97.3,0.0,1.587,2.249
03-02-2019 00:00,9430,12.37,0.087,-0.273,-0.036,-0.225,25.75,33.35,23.47,-41.47,98.8,47.14,37.93,97.5,0.0,2.01,2.666
03-02-2019 00:30,9431,12.36,0.096,-0.275,-0.037,-0.301,25.7,32.87,23.41,-41.41,98.9,47.42,38.13,97.5,0.0,1.671,2.295
03-02-2019 01:00,9432,12.34,0.095,-0.286,-0.031,-0.106,25.64,31.34,23.38,-41.46,99,46.53,37.4,97.4,0.0,1.603,2.395
03-02-2019 01:30,9433,12.33,0.098,-0.292,-0.034,-0.046,25.62,31.29,23.41,-41.51,99,47.34,38.13,97.4,0.0,1.65,2.23
03-02-2019 02:00,9434,12.27,0.099,-0.304,-0.035,0.25,25.61,31.13,23.38,-41.6,99.1,47.05,37.79,97.2,0.0,1.853,2.368
03-02-2019 02:30,9435,12.26,0.099,-0.331,-0.04,0.266,25.45,31.15,23.39,-41.63,99.1,47.31,38.06,97.2,0.0,1.861,2.496
03-02-2019 03:00,9436,12.25,0.101,-0.334,-0.05,0.024,25.27,31.17,23.34,-41.53,99.1,46.39,37.26,97.4,0.0,1.788,2.582
03-02-2019 03:30,9437,12.26,0.099,-0.351,-0.044,-0.013,25.12,31.04,23.26,-41.51,99,46.44,37.36,97.4,0.0,1.47,2.101
03-02-2019 04:00,9438,12.26,0.097,-0.347,-0.047,0.176,25.18,31.07,23.23,-41.51,99,46.18,37.17,97.4,0.0,1.628,2.409
03-02-2019 04:30,9439,12.26,0.097,-0.36,-0.043,0.233,25.2,31.04,23.22,-41.52,99.3,46.09,37.07,97.4,0.0,1.681,2.185
03-02-2019 05:00,9440,12.26,0.101,-0.376,-0.048,0.232,25.03,30.91,23.21,-41.58,99.1,45.72,36.82,97.3,0.0,1.514,2.369
03-02-2019 05:30,9441,12.26,0.104,-0.38,-0.043,0.021,25.11,31.1,23.23,-41.5,99.3,46.07,37.05,97.4,0.0,1.436,2.186
03-02-2019 06:00,9442,12.24,0.183,-0.379,-0.042,0.041,25.27,31.07,23.26,-41.48,99.4,45.56,36.6,97.4,0.0,1.583,2.559
03-02-2019 06:30,9443,12.25,6.053,0.834,0.851,0.166,25.22,30.99,23.21,-41.49,99.4,45.29,36.39,97.4,0.0,6.051,7.232
03-02-2019 07:00,9444,12.3,24.92,4.781,3.816,0.678,25.16,31.17,23.26,-41.46,99.3,45.11,36.23,97.5,0.0,21.38,23.05
03-02-2019 07:30,9445,12.46,56.88,12.18,9.33,2.125,25.34,31.24,23.4,-41.67,99.3,45.02,36.17,97.1,0.0,44.74,46.97
03-02-2019 08:00,9446,12.81,77.67,17.38,11.89,2.517,25.37,31.54,23.57,-41.75,99.1,46.78,37.62,97.0,0.0,60.71,62.91
03-02-2019 08:30,9447,12.96,116.6,26.61,19.26,3.857,25.46,31.78,23.75,-41.66,99,46.41,37.2,97.2,0.0,88.4,91.9
03-02-2019 09:00,9448,13.12,146.9,30.17,23.1,4.487,25.64,32.03,23.96,-41.74,98.9,45.99,36.83,97.1,0.0,111.1,116.2
03-02-2019 09:30,9449,13.37,318.7,69.27,49.8,9.13,27.51,32.28,24.29,-41.65,NAN,51.02,40.86,97.2,0.0,246.8,255.6
03-02-2019 10:00,9450,13.92,617.2,181.9,79.64,13.22,31.4,32.92,24.79,-41.64,97,60.96,49.04,97.2,0.0,447.0,501.2
03-02-2019 10:30,9451,13.9,635.4,167.3,91.8,16.34,30.6,33.65,25.4,-41.71,88.9,66.28,53.48,96.8,0.0,501.0,534.4
03-02-2019 11:00,9452,13.94,701.7,148.1,104.3,18.67,31.06,34.09,25.88,-41.64,84.4,68.46,55.3,96.3,0.0,554.2,597.1
03-02-2019 11:30,9453,13.3,716.4,128.1,124.7,17.47,31.48,33.29,26.35,-41.55,82.4,68.68,55.62,95.9,0.0,515.4,636.2
03-02-2019 12:00,9454,13.3,639.0,109.9,138.9,18.42,34.89,30.51,26.94,-27.06,83.3,67.9,54.9,95.6,0.0,517.1,579.4
03-02-2019 12:30,9455,13.31,861.0,120.9,147.4,24.04,35.53,30.85,27.33,-32.11,82.2,68.8,55.55,95.1,0.0,568.9,739.9
03-02-2019 13:00,9456,13.32,682.7,114.3,133.4,23.84,33.11,32.38,27.87,9.42,77.57,70.1,56.66,90.7,0.0,517.9,602.5
03-02-2019 13:30,9457,13.3,756.9,124.8,317.7,19.42,35.86,32.46,27.97,11.33,80.7,70.31,56.8,92.0,0.0,512.2,640.0
03-02-2019 14:00,9458,13.33,767.6,154.2,176.7,20.39,36.64,32.12,28.15,16.14,80.6,71.5,57.78,91.1,0.0,543.0,636.5
03-02-2019 14:30,9459,13.31,630.0,123.0,125.1,15.17,38.21,32.15,28.29,15.83,80.9,71.37,57.67,91.9,0.0,485.0,538.5
03-02-2019 15:00,9460,13.32,661.1,69.5,105.0,9.16,33.27,30.54,27.02,13.65,83.1,68.88,55.93,88.5,0.254,291.1,518.2
03-02-2019 15:30,9461,13.31,965.0,60.08,61.18,6.014,30.33,30.76,26.7,9.44,81.7,70.84,57.7,88.4,0.0,220.3,699.1
03-02-2019 16:00,9462,13.28,735.8,81.8,29.22,2.72,30.94,31.39,26.94,9.41,75.34,72.52,58.97,89.6,0.0,129.8,518.9
03-02-2019 16:30,9463,13.31,585.7,192.9,16.48,1.574,31.17,32.18,26.97,9.23,73.2,73.7,59.98,91.8,0.0,74.35,401.1
03-02-2019 17:00,9464,13.31,431.8,129.2,14.45,1.214,31.31,31.62,27.28,9.15,75.04,73.19,59.66,90.8,0.0,74.22,290.1
03-02-2019 17:30,9465,13.31,235.1,31.37,10.5,0.669,38.16,31.28,27.11,9.0,82.3,72.48,59.06,91.2,0.0,73.63,149.5
03-02-2019 18:00,9466,13.3,78.23,10.99,7.677,0.454,37.08,30.62,26.81,8.85,86.9,68.38,55.61,91.1,0.0,55.14,60.4
03-02-2019 18:30,9467,12.66,12.71,2.097,1.572,0.013,30.1,30.09,26.4,8.05,83.9,64.98,52.63,91.6,0.0,14.92,16.47
03-02-2019 19:00,9468,12.56,0.02,0.16,-0.081,-0.657,29.33,29.37,25.94,8.68,87.1,61.69,49.94,92.7,0.0,3.011,3.826
03-02-2019 19:30,9469,12.52,-0.08,0.134,-0.101,-0.676,28.77,28.73,25.38,7.979,91.8,59.07,47.81,92.9,0.0,2.464,3.398
03-02-2019 20:00,9470,12.49,-0.078,0.138,-0.102,-0.53,27.62,28.12,25.03,6.551,91.5,57.1,46.14,93.2,0.0,1.773,2.549
03-02-2019 20:30,9471,12.48,-0.072,0.128,-0.098,-0.587,27.67,27.78,24.76,3.729,93.3,54.95,44.36,94.4,0.0,1.761,2.442
03-02-2019 21:00,9472,12.44,-0.069,0.106,-0.088,-0.532,28.77,27.76,24.58,-7.018,94.6,53.84,43.47,95.1,0.0,1.777,2.144
03-02-2019 21:30,9473,12.4,-0.086,0.109,-0.092,-0.296,28.39,27.77,24.48,-8.98,93.2,53.91,43.56,94.6,0.0,1.678,2.273
03-02-2019 22:00,9474,12.4,-0.081,0.096,-0.1,-0.495,28.18,27.58,24.35,-35.23,93.2,51.69,41.72,95.5,0.0,1.562,2.196
03-02-2019 22:30,9475,12.4,-0.084,0.079,-0.097,-0.581,27.98,27.61,24.24,-37.7,93.5,49.65,40.14,96.2,0.0,1.646,2.153
03-02-2019 23:00,9476,12.38,-0.072,0.079,-0.097,0.097,27.67,27.76,24.2,-38.94,94.4,49.62,40.01,95.9,0.0,2.184,3.054
03-02-2019 23:30,9477,12.39,-0.073,0.056,-0.12,0.132,28.31,27.88,24.07,-38.21,97.1,48.58,39.22,95.7,0.0,1.811,2.826
04-02-2019 00:00,9478,12.34,-0.072,0.048,-0.117,0.089,28.89,28.02,23.88,-36.82,98.5,47.11,38.01,95.7,0.0,1.631,2.508
04-02-2019 00:30,9479,12.32,-0.077,0.042,-0.118,0.139,29.52,29.97,23.76,-39.33,99.6,46.86,37.76,96.2,0.0,1.54,2.239
04-02-2019 01:00,9480,12.3,-0.067,0.029,-0.124,-0.038,29.16,31.94,23.65,-37.34,99.8,48.06,38.77,96.1,0.0,1.635,2.558
04-02-2019 01:30,9481,12.3,-0.064,0.006,-0.12,-0.035,29.49,35.21,23.51,-40.62,100.9,49.21,39.68,96.2,0.0,1.736,2.471
04-02-2019 02:00,9482,12.26,-0.067,0.003,-0.124,-0.063,31.22,28.85,23.42,-41.21,102.7,46.33,37.37,96.3,0.0,1.661,2.329
04-02-2019 02:30,9483,12.22,-0.057,-0.005,-0.121,-0.001,29.43,28.24,23.44,-41.27,101.7,45.56,36.79,96.6,0.0,1.904,2.654
04-02-2019 03:00,9484,12.23,-0.062,-0.016,-0.127,-0.01,28.14,28.61,23.44,-41.25,100.7,45.5,36.67,96.5,0.0,1.808,2.561
04-02-2019 03:30,9485,12.25,-0.058,-0.014,-0.133,0.214,28.02,28.95,23.36,-41.4,100.9,45.23,36.44,96.2,0.0,1.737,2.411
04-02-2019 04:00,9486,12.2,-0.064,-0.024,-0.125,0.021,27.84,30.43,23.3,-41.35,100.7,45.65,36.8,96.4,0.0,1.56,2.361
04-02-2019 04:30,9487,12.25,-0.054,-0.03,-0.134,0.754,27.79,41.09,23.33,-41.75,100.7,51.21,41.29,96.0,0.0,1.66,2.484
04-02-2019 05:00,9488,12.23,-0.047,-0.045,-0.115,0.317,27.71,39.58,23.37,-41.6,100.6,50.24,40.55,96.5,0.0,1.54,2.572
04-02-2019 05:30,9489,12.22,-0.059,-0.05,-0.085,0.175,27.84,37.58,23.39,-41.47,100.5,48.75,39.27,96.6,0.0,1.525,2.38
04-02-2019 06:00,9490,12.18,0.052,-0.047,-0.074,0.077,27.86,36.13,23.45,-41.4,100.2,47.79,38.52,96.9,0.0,1.678,2.489
04-02-2019 06:30,9491,12.21,7.988,1.362,1.128,0.29,28.19,35.94,23.68,-41.35,100.1,47.78,38.49,97.3,0.0,6.928,7.79
04-02-2019 07:00,9492,12.26,51.23,9.58,7.248,1.348,28.19,37.44,23.85,-41.32,99.7,47.29,38.01,96.8,0.0,44.43,45.87
04-02-2019 07:30,9493,12.68,113.9,21.25,16.41,2.83,28.29,37.15,23.92,-41.32,99.2,48.38,38.93,96.7,0.0,97.0,100.1
04-02-2019 08:00,9494,13.1,172.3,29.53,25.73,4.465,28.09,35.2,24.35,-41.33,97.7,52.89,42.67,97.0,0.0,140.8,147.7
04-02-2019 08:30,9495,13.36,279.7,51.74,38.3,6.545,30.45,36.46,24.8,-41.33,96.6,61.01,49.2,96.9,0.0,221.2,234.5
04-02-2019 09:00,9496,13.94,398.9,82.7,49.1,8.55,31.22,37.54,25.52,-41.43,92.4,67.54,54.58,95.8,0.0,303.6,329.4
04-02-2019 09:30,9497,13.94,521.2,135.3,58.3,9.68,29.09,38.54,26.04,-40.0,84.9,70.36,56.88,94.6,0.0,368.3,423.8
04-02-2019 10:00,9498,13.93,733.8,309.5,69.47,10.51,31.07,37.02,26.97,-10.4,80.9,72.29,58.71,93.8,0.0,364.0,574.1
04-02-2019 10:30,9499,13.94,964.0,580.4,99.8,7.273,32.39,31.15,27.88,1.027,74.7,71.84,58.68,91.6,0.0,243.2,736.4
04-02-2019 11:00,9500,13.34,972.0,344.8,100.7,12.77,37,35.94,28.81,12.96,74.56,74.64,61.07,88.1,0.0,379.4,805.0
04-02-2019 11:30,9501,13.32,1088.0,178.8,365.0,14.43,38.76,38.51,29.13,16.59,75.09,76.06,62.27,85.7,0.0,365.9,888.0
04-02-2019 12:00,9502,13.33,710.7,105.2,327.5,12.44,35.89,35.22,29.49,12.8,68.25,75.13,61.46,84.7,0.0,320.2,720.3
04-02-2019 12:30,9503,13.34,745.4,78.43,188.5,13.61,34.07,35.19,29.57,-9.09,66,74.88,61.18,87.1,0.0,326.4,646.1
04-02-2019 13:00,9504,13.33,1057.0,47.27,343.9,8.87,32.45,36.17,29.61,-14.98,63.47,75.44,61.52,84.9,0.0,221.2,850.0
04-02-2019 13:30,9505,13.34,838.0,61.37,606.3,11.11,33.05,35.45,30.15,-18.01,63.04,75.48,61.62,81.6,0.0,287.4,671.2
04-02-2019 14:00,9506,13.35,1046.0,200.7,199.3,8.4,33.37,35.04,30.43,-12.18,61.67,75.93,62.15,80.1,0.0,302.6,760.9
04-02-2019 14:30,9507,13.34,640.7,145.2,126.2,6.145,33.48,35.28,30.09,-4.075,64.56,75.94,62.13,84.0,0.0,263.1,495.6
04-02-2019 15:00,9508,13.31,250.8,46.92,38.9,5.158,35.4,32.87,27.9,-1.908,NAN,70.63,58.01,88.8,0.0,199.7,213.2
04-02-2019 15:30,9509,13.31,300.3,59.12,41.32,5.409,30.68,30.71,26.24,-1.252,90.6,67.32,54.92,93.7,0.0,200.2,233.9
04-02-2019 16:00,9510,13.34,819.0,53.17,25.93,3.066,34.8,33.04,27.22,0.185,83.7,74.8,60.86,94.4,0.0,115.1,539.7
04-02-2019 16:30,9511,13.35,617.1,96.0,16.98,2.273,32.32,34.28,27.99,-0.585,74.59,76.35,62.28,94.8,0.0,84.2,411.3
04-02-2019 17:00,9512,13.35,468.0,139.5,14.65,1.946,32.68,33.92,28.36,-0.61,73.01,76.02,62.24,94.2,0.0,91.0,307.5
04-02-2019 17:30,9513,13.35,226.2,68.74,15.43,2.266,31.45,33.57,27.69,-1.88,78.49,72.31,59.41,92.9,6.858,110.5,174.7
04-02-2019 18:00,9514,12.84,27.43,5.075,4.515,0.421,28.06,30.56,24.75,9.1,97.5,54.76,44.58,97.1,6.858,22.09,23.64
04-02-2019 18:30,9515,12.72,3.016,0.558,0.312,-0.215,28.8,29.27,24.49,7.746,98.7,49.21,39.78,97.3,1.524,4.27,5.037
04-02-2019 19:00,9516,12.68,0.095,0.047,-0.099,-0.129,28.59,28.62,24.24,16.53,99.3,47.13,38.07,97.1,0.0,1.538,2.236
04-02-2019 19:30,9517,12.65,0.075,0.041,-0.098,-0.07,30.47,28.2,24.14,16.8,100.6,46.21,37.36,97.3,0.0,1.788,2.622
04-02-2019 20:00,9518,12.62,0.06,0.034,-0.105,-0.047,30.02,27.72,24.08,16.01,100.8,45.65,36.89,97.2,0.0,1.841,2.273
04-02-2019 20:30,9519,12.63,0.056,0.012,-0.103,0.038,30.11,27.59,24.0,15.51,99.6,45.7,36.91,97.2,0.0,1.289,2.203
04-02-2019 21:00,9520,12.6,0.069,0.01,-0.071,0.09,29.68,27.47,24.01,15.27,99.5,45.95,37.1,97.1,0.0,1.512,2.142
04-02-2019 21:30,9521,12.6,0.058,0.01,-0.064,0.052,29.81,27.39,24.07,15.22,98.1,45.6,36.8,97.1,0.0,1.533,2.246
04-02-2019 22:00,9522,12.57,0.068,-0.012,-0.072,0.08,29.53,27.35,24.04,15.17,99.8,45.8,36.98,97.1,0.0,1.537,2.439
04-02-2019 22:30,9523,12.56,0.065,-0.029,-0.061,0.047,29.5,27.33,24.02,15.05,98.8,45.7,36.84,97.2,0.0,1.389,2.092
04-02-2019 23:00,9524,12.56,0.07,-0.045,-0.063,0.079,29.39,27.31,24.05,15.13,99.5,46.84,37.84,97.2,0.0,1.548,2.11
04-02-2019 23:30,9525,12.55,0.062,-0.062,-0.059,0.084,29.79,27.33,24.1,15.27,97.6,46.18,37.26,97.2,0.0,1.894,2.43
05-02-2019 00:00,9526,12.55,0.067,-0.079,-0.069,0.085,29.31,27.32,24.06,15.34,101,46.41,37.59,97.3,0.0,1.843,2.79
05-02-2019 00:30,9527,12.53,0.075,-0.095,-0.065,0.151,29.3,27.32,24.09,15.35,101.7,45.81,36.96,97.3,0.0,1.939,2.69
05-02-2019 01:00,9528,12.5,0.079,-0.101,-0.054,0.17,29.24,27.31,24.05,15.12,101.7,46.63,37.62,97.3,0.0,1.719,2.404
05-02-2019 01:30,9529,12.49,0.08,-0.121,-0.057,0.202,29.25,27.29,24.04,15.11,101.7,46.58,37.62,97.3,0.0,1.269,1.941
05-02-2019 02:00,9530,12.49,0.084,-0.122,-0.052,0.208,29.22,27.39,24.09,15.18,101.4,45.96,37.08,97.3,0.0,1.901,2.554
05-02-2019 02:30,9531,12.48,0.087,-0.132,-0.053,0.245,29.23,27.39,24.09,15.3,101.6,47.09,38.05,97.4,0.0,1.582,2.128
05-02-2019 03:00,9532,12.48,0.09,-0.148,-0.054,0.221,29.16,27.39,24.11,15.33,101.8,47.16,38.08,97.3,0.0,1.785,2.538
05-02-2019 03:30,9533,12.46,0.093,-0.16,-0.051,0.228,29.87,27.31,24.0,15.21,102.8,46.85,37.85,97.3,0.0,1.84,2.269
05-02-2019 04:00,9534,12.45,0.092,-0.164,-0.05,0.204,30.17,27.22,23.94,15.24,103.3,46.94,37.93,97.3,0.0,2.024,2.789
05-02-2019 04:30,9535,12.44,0.093,-0.174,-0.053,0.191,31.71,27.07,23.79,14.76,NAN,46.22,37.32,97.1,0.0,1.763,2.231
05-02-2019 05:00,9536,12.41,0.095,-0.175,-0.047,0.157,33.86,27.08,23.76,13.24,NAN,46.61,37.71,97.3,0.0,1.594,2.425
05-02-2019 05:30,9537,12.41,0.098,-0.198,-0.041,0.104,30.77,27.08,23.78,12.43,NAN,46.18,37.22,97.4,0.0,1.777,2.656
05-02-2019 06:00,9538,12.4,0.175,-0.186,-0.029,0.15,29.67,27.1,23.78,11.64,103.1,45.45,36.62,97.4,0.0,1.554,2.426
05-02-2019 06:30,9539,12.4,10.9,1.767,1.515,0.469,29.78,27.18,23.8,11.55,103.2,45.11,36.36,97.4,0.0,10.38,11.85
05-02-2019 07:00,9540,12.49,53.47,8.93,7.9,1.616,29.99,27.28,23.86,11.56,103.3,45.56,36.74,97.4,0.0,43.22,44.82
05-02-2019 07:30,9541,12.89,102.5,18.02,15.78,3.101,30.15,27.5,24.04,11.62,103.2,46.14,37.21,97.4,0.254,80.8,84.2
05-02-2019 08:00,9542,12.89,72.23,14.75,10.97,2.298,30.4,27.66,24.17,11.8,103,45.26,36.45,97.4,4.064,51.05,53.22
05-02-2019 08:30,9543,12.98,67.88,12.75,10.77,2.546,29.79,27.77,24.32,11.96,102.4,45.61,36.8,97.2,5.842,45.17,48.18
05-02-2019 09:00,9544,13.1,88.0,18.8,15.07,3.148,30.29,26.97,23.5,-16.08,102.6,45.0,36.33,97.5,4.826,54.38,56.51
05-02-2019 09:30,9545,12.97,62.34,13.09,9.46,1.896,29.5,29.14,23.32,-40.49,102.7,43.64,35.16,97.9,13.46,37.15,38.71
05-02-2019 10:00,9546,13.16,95.8,18.96,15.08,3.032,29.46,33.45,23.43,-40.69,102.6,45.79,36.83,97.9,1.778,58.39,60.83
05-02-2019 10:30,9547,13.24,117.1,22.19,19.54,4.003,29.38,33.98,23.56,-40.7,102.2,45.84,36.88,97.8,0.254,73.44,76.65
05-02-2019 11:00,9548,13.46,186.2,40.13,31.04,6.153,29.23,34.66,23.66,-40.94,101.8,47.26,38.04,97.8,4.826,121.1,125.9
05-02-2019 11:30,9549,13.97,344.7,57.69,64.69,13.26,29.45,34.77,23.9,-40.85,100.3,50.01,40.25,97.9,0.254,230.6,254.3
05-02-2019 12:00,9550,13.97,474.4,78.46,79.63,15.53,30.28,35.38,24.03,-40.97,99.7,52.69,42.32,97.8,0.508,354.8,369.2
05-02-2019 12:30,9551,14.0,578.0,87.1,100.9,19.98,32.93,36.22,24.53,-40.57,NAN,57.42,46.24,97.7,0.0,441.7,465.0
05-02-2019 13:00,9552,13.39,368.4,56.06,61.28,11.75,30.72,36.77,24.69,-40.39,95.1,60.33,48.66,97.8,0.0,282.6,292.8
05-02-2019 13:30,9553,13.39,477.2,68.5,82.4,14.84,33.32,37.32,25.04,-40.43,96.3,62.9,50.69,97.8,0.0,375.6,392.8
05-02-2019 14:00,9554,13.4,404.6,53.85,70.68,12.45,29.09,37.9,25.32,-40.54,90.5,64.65,52.14,97.8,0.0,314.0,326.7
05-02-2019 14:30,9555,13.38,347.4,48.0,55.42,9.78,29.15,38.27,25.51,-40.45,89.6,65.56,52.84,97.7,0.0,265.8,277.5
05-02-2019 15:00,9556,13.4,222.4,30.48,37.08,6.869,29.76,38.0,25.47,-40.45,89.4,64.37,51.86,97.7,0.0,171.2,178.8
05-02-2019 15:30,9557,13.38,284.3,40.75,46.61,8.33,29.57,37.76,25.35,-40.47,89.8,65.41,52.68,97.8,0.0,228.3,235.1
05-02-2019 16:00,9558,13.38,318.5,50.33,49.7,8.36,31.37,38.18,25.52,-40.49,91.5,66.9,53.88,97.7,0.0,262.7,269.5
05-02-2019 16:30,9559,13.39,263.1,39.46,39.63,6.673,32.08,38.61,25.75,-32.67,91.5,67.34,54.18,97.8,0.0,220.8,223.5
05-02-2019 17:00,9560,13.35,189.5,28.1,26.97,4.816,31.95,38.75,25.72,-9.68,93.2,66.08,53.13,97.5,0.0,160.1,163.3
05-02-2019 17:30,9561,13.36,125.4,19.18,16.88,3.017,31.69,38.67,25.56,-9.2,93.9,64.78,52.15,97.3,0.0,105.2,108.5
05-02-2019 18:00,9562,13.19,50.94,7.338,7.592,1.52,30.88,38.26,25.36,-10.37,95.1,60.7,48.83,97.4,0.0,46.91,48.11
05-02-2019 18:30,9563,12.7,7.276,0.827,1.097,0.441,30,37.96,25.12,-9.72,95.6,55.33,44.35,97.2,0.0,8.39,9.25
05-02-2019 19:00,9564,12.64,-0.023,-0.346,-0.028,0.222,29.43,37.7,24.86,-11.06,93.9,55.44,44.44,97.2,0.0,1.827,2.395
05-02-2019 19:30,9565,12.64,-0.069,-0.392,-0.032,0.239,29.23,37.8,24.81,-12.47,93.2,55.06,44.17,97.4,0.0,1.764,2.388
05-02-2019 20:00,9566,12.61,-0.074,-0.41,-0.057,0.161,28.74,37.5,24.65,-12.98,94.5,53.31,42.69,97.1,0.0,1.96,2.672
05-02-2019 20:30,9567,12.6,-0.065,-0.423,-0.059,0.19,28.5,37.26,24.49,-13.5,95.5,51.33,41.11,97.1,0.0,1.738,2.12
05-02-2019 21:00,9568,12.6,-0.067,-0.451,-0.092,0.171,28.61,37.39,24.45,-13.61,96.8,50.01,40.0,97.5,0.0,1.916,2.672
05-02-2019 21:30,9569,12.58,-0.067,-0.454,-0.133,0.221,28.69,37.3,24.43,-14.31,97.3,48.99,39.19,97.5,0.0,1.764,2.339
05-02-2019 22:00,9570,12.55,-0.062,-0.463,-0.192,0.282,28.49,37.22,24.32,-13.71,98.1,47.71,38.15,97.5,0.0,2.016,2.592
05-02-2019 22:30,9571,12.56,-0.057,-0.473,-0.274,0.231,26.92,37.24,24.28,-15.56,98,48.74,39.02,97.6,0.0,1.556,2.275
05-02-2019 23:00,9572,12.53,-0.063,-0.481,-0.298,0.188,26.37,37.18,24.18,-15.12,97,48.41,38.72,97.5,0.0,2.062,2.746
05-02-2019 23:30,9573,12.52,-0.062,-0.473,-0.289,0.207,26.56,37.2,24.09,-22.68,95.6,48.23,38.62,97.5,0.0,1.476,1.971
06-02-2019 00:00,9574,12.52,-0.061,-0.492,-0.284,0.226,26.16,37.15,24.04,-25.89,97.6,47.53,38.02,97.5,0.0,2.023,2.407
06-02-2019 00:30,9575,12.51,-0.055,-0.491,-0.281,0.216,26.05,37.14,23.92,-34.13,97.9,47.08,37.72,97.5,0.0,1.616,2.535
06-02-2019 01:00,9576,12.49,-0.056,-0.494,-0.274,0.224,26.25,37.1,23.86,-40.43,98.4,47.07,37.64,97.4,0.0,1.583,2.143
06-02-2019 01:30,9577,12.48,-0.053,-0.499,-0.266,0.249,27.03,37.24,23.86,-40.48,99.5,47.85,38.34,97.3,0.0,1.994,2.998
06-02-2019 02:00,9578,12.48,-0.045,-0.492,-0.258,0.203,28.32,37.25,23.73,-40.55,101.3,47.68,38.21,97.5,0.0,1.587,2.302
06-02-2019 02:30,9579,12.45,-0.046,-0.488,-0.235,0.189,27.99,37.71,23.73,-40.72,101.2,48.2,38.58,97.6,0.0,1.798,2.164
06-02-2019 03:00,9580,12.45,-0.047,-0.487,-0.225,0.149,27.83,37.83,23.72,-40.69,101.2,48.2,38.64,97.6,0.0,1.799,2.576
06-02-2019 03:30,9581,12.43,-0.043,-0.472,-0.192,0.177,27.61,37.76,23.64,-40.75,101,48.34,38.71,97.6,0.0,1.528,2.433
06-02-2019 04:00,9582,12.44,-0.044,-0.462,-0.155,0.234,29.15,37.83,23.54,-40.63,102.7,47.94,38.35,97.7,0.0,1.857,2.419
06-02-2019 04:30,9583,12.41,-0.042,-0.467,-0.143,0.258,30.71,37.82,23.59,-40.54,104.2,47.32,37.87,97.7,0.0,1.561,2.208
06-02-2019 05:00,9584,12.4,-0.045,-0.462,-0.119,0.321,30.52,37.99,23.64,-40.64,103.9,46.62,37.33,97.7,0.0,1.824,2.58
06-02-2019 05:30,9585,12.4,-0.045,-0.45,-0.117,0.328,30.57,38.01,23.61,-40.75,103.6,46.66,37.31,97.5,0.0,1.731,2.304
06-02-2019 06:00,9586,12.38,0.066,-0.432,-0.103,0.281,30.55,38.09,23.56,-40.7,103.4,46.6,37.28,97.6,0.0,1.508,2.279
06-02-2019 06:30,9587,12.36,8.91,0.9,1.072,0.45,30.55,38.31,23.61,-40.76,103.3,46.56,37.22,97.6,0.0,8.48,9.45
06-02-2019 07:00,9588,12.42,36.61,5.13,4.856,1.174,30.41,38.32,23.69,-40.7,103.3,46.49,37.17,97.5,0.0,32.5,33.61
06-02-2019 07:30,9589,12.68,93.4,13.98,12.75,2.592,30.48,38.51,23.9,-40.8,103.5,47.2,37.64,97.4,0.0,80.2,82.7
06-02-2019 08:00,9590,13.23,160.2,24.65,24.15,4.83,30.33,38.67,24.2,-40.83,103.1,47.26,37.68,97.4,0.0,135.7,140.3
06-02-2019 08:30,9591,13.9,216.9,34.25,33.57,6.601,29.1,38.64,24.58,-40.82,101.4,52.78,42.09,97.4,0.0,180.7,186.7
06-02-2019 09:00,9592,14.01,356.0,66.63,44.55,8.39,29.14,39.17,24.95,-40.65,97.9,61.8,49.45,97.4,0.0,252.8,303.1
06-02-2019 09:30,9593,14.01,616.4,105.7,57.99,9.76,33.1,40.59,25.73,-39.73,90.8,74.01,59.6,97.3,0.0,334.5,516.1
06-02-2019 10:00,9594,14.03,802.0,249.2,58.14,8.28,34.91,35.19,26.48,-7.959,90.3,70.13,56.63,96.7,0.0,315.0,652.1
06-02-2019 10:30,9595,13.39,529.0,58.45,76.0,9.86,33.53,30.26,27.47,15.12,84.7,66.83,53.74,93.4,0.0,288.6,451.1
06-02-2019 11:00,9596,13.37,608.3,63.53,96.5,12.6,37.21,31.81,28.01,19.91,85.2,68.21,54.66,93.1,0.0,332.2,506.9
06-02-2019 11:30,9597,13.37,608.5,57.38,96.6,12.08,NAN,35.15,28.05,20.09,NAN,68.68,55.26,92.7,4.572,297.8,530.7
06-02-2019 12:00,9598,13.38,711.2,73.81,282.4,20.32,30.19,34.28,26.53,13.42,85.5,61.45,49.23,96.4,0.254,345.8,603.8
06-02-2019 12:30,9599,13.39,915.0,91.3,147.8,21.4,33.11,35.58,27.62,11.14,79.26,67.62,53.72,96.6,0.0,412.9,785.0
06-02-2019 13:00,9600,13.39,816.0,78.91,178.6,20.01,31.83,34.0,28.21,14.95,73.47,70.79,56.15,96.1,0.0,413.1,704.7
06-02-2019 13:30,9601,13.36,601.3,76.57,277.6,14.97,30.1,32.17,27.61,16.74,76.08,68.16,54.44,95.2,0.0,358.5,510.8
06-02-2019 14:00,9602,13.38,980.0,77.57,179.1,15.97,31.54,33.91,28.37,17.77,69.2,71.28,56.55,95.6,0.0,298.9,737.9
06-02-2019 14:30,9603,13.36,1141.0,333.4,238.4,11.18,31.69,38.62,29.59,21.76,64.8,75.12,59.61,91.9,0.254,300.3,871.0
06-02-2019 15:00,9604,13.37,425.8,53.04,68.57,8.87,30.53,29.07,26.61,-0.294,NAN,62.29,51.23,94.6,5.334,262.1,369.7
06-02-2019 15:30,9605,13.35,286.5,47.67,56.83,9.95,28.77,28.19,25.76,-2.261,90.8,55.78,44.63,97.6,0.0,217.2,230.7
06-02-2019 16:00,9606,13.35,121.9,17.71,19.45,3.386,28.01,28.2,25.91,-0.888,90.7,54.01,43.13,97.4,0.0,89.4,92.8
06-02-2019 16:30,9607,13.38,59.48,9.44,8.88,1.825,26.63,28.94,25.63,-1.927,90.4,52.8,42.22,97.2,0.254,47.75,49.3
06-02-2019 17:00,9608,13.38,71.86,10.74,10.64,2.208,26.38,29.72,25.14,-7.355,88,51.44,41.11,97.3,0.0,56.53,58.34
06-02-2019 17:30,9609,13.38,91.3,14.04,13.61,2.73,26.31,28.85,25.21,-6.387,91.3,51.35,40.88,97.5,0.0,72.15,76.09
06-02-2019 18:00,9610,13.37,71.61,12.22,11.6,2.177,26.09,28.69,25.23,-5.733,91.6,52.48,41.8,97.4,0.508,65.13,67.96
06-02-2019 18:30,9611,12.72,9.08,1.449,1.414,0.532,25.91,28.78,25.06,-6.731,92.5,48.97,39.11,97.4,0.508,11.58,12.87
06-02-2019 19:00,9612,12.63,0.121,-0.147,-0.047,0.291,25.7,28.89,24.96,-6.627,93.1,47.76,38.13,97.5,0.0,2.477,3.345
06-02-2019 19:30,9613,12.64,0.074,-0.158,-0.053,0.316,25.51,29.6,24.71,-13.82,94,47.69,38.12,97.3,0.0,1.623,2.436
06-02-2019 20:00,9614,12.6,0.088,-0.166,-0.046,0.345,25.28,31.22,24.5,-16.81,95.5,48.7,38.93,97.5,0.0,1.559,2.246
06-02-2019 20:30,9615,12.6,0.084,-0.196,-0.04,0.356,25.43,34.42,24.42,-11.01,95.7,49.51,39.51,97.4,0.0,1.532,2.072
06-02-2019 21:00,9616,12.56,0.089,-0.23,-0.033,0.453,25.52,37.07,24.47,-9.68,96,51.23,40.87,97.4,0.0,1.26,1.849
06-02-2019 21:30,9617,12.57,0.084,-0.264,-0.031,0.464,25.65,36.96,24.57,-8.48,94.5,51.31,40.93,97.4,0.0,1.562,2.473
06-02-2019 22:00,9618,12.56,0.086,-0.276,-0.029,0.413,25.57,37.08,24.56,-9.34,94.4,50.91,40.65,97.3,0.0,1.86,2.282
06-02-2019 22:30,9619,12.55,0.097,-0.295,-0.028,0.376,25.67,36.9,24.54,-9.59,94.9,51.0,40.63,97.4,0.0,1.384,1.907
06-02-2019 23:00,9620,12.53,0.092,-0.333,-0.021,0.467,25.74,36.79,24.71,-8.2,95,51.6,41.12,97.4,0.0,1.537,2.077
06-02-2019 23:30,9621,12.52,0.102,-0.37,-0.02,0.464,25.55,37.0,24.71,-7.953,96.1,50.92,40.59,97.4,0.0,1.469,2.317
07-02-2019 00:00,9622,12.48,0.096,-0.38,-0.026,0.517,25.59,37.03,24.67,-9.56,96.1,51.13,40.76,97.4,0.0,1.625,2.551
07-02-2019 00:30,9623,12.48,0.1,-0.404,-0.024,0.463,25.33,37.59,24.6,-10.79,96.6,51.18,40.87,97.4,0.0,2.22,2.514
07-02-2019 01:00,9624,12.46,0.107,-0.407,-0.028,0.424,25.14,37.21,24.48,-10.16,97.2,50.76,40.49,97.4,0.0,1.644,2.39
07-02-2019 01:30,9625,12.42,0.11,-0.416,-0.03,0.467,25.14,37.26,24.51,-8.86,97.4,50.97,40.72,97.5,0.0,1.525,2.345
07-02-2019 02:00,9626,12.44,0.109,-0.423,-0.027,0.421,25.1,37.1,24.48,-7.925,97.2,50.9,40.61,97.5,0.0,1.664,2.33
07-02-2019 02:30,9627,12.41,0.101,-0.416,-0.023,0.421,25.25,37.05,24.42,-7.3,95.1,50.69,40.47,97.5,0.0,1.679,2.439
07-02-2019 03:00,9628,12.4,0.099,-0.412,-0.028,0.384,25.14,37.07,24.29,-8.98,95.1,49.82,39.76,97.5,0.0,1.727,2.536
07-02-2019 03:30,9629,12.39,0.105,-0.424,-0.022,0.42,25.05,37.04,24.23,-13.4,96.1,50.01,39.94,97.5,0.0,1.614,2.446
07-02-2019 04:00,9630,12.36,0.114,-0.445,-0.02,0.38,24.98,37.01,24.27,-17.74,95.4,50.12,40.03,97.6,0.0,1.764,2.657
07-02-2019 04:30,9631,12.34,0.105,-0.456,-0.014,0.387,24.99,35.57,24.18,-16.64,94.5,49.05,39.18,97.6,0.0,1.735,2.471
07-02-2019 05:00,9632,12.34,0.1,-0.453,-0.031,0.353,25.06,32.37,23.99,-24.67,93,47.19,37.67,97.3,0.0,1.677,2.507
07-02-2019 05:30,9633,12.34,0.096,-0.456,-0.025,0.393,24.99,27.56,23.91,-32.5,93.6,45.1,36.11,97.7,0.0,1.644,2.318
07-02-2019 06:00,9634,12.33,0.193,-0.434,-0.002,0.413,24.95,27.84,23.87,-30.05,93.5,46.18,36.93,97.6,0.0,1.459,2.36
07-02-2019 06:30,9635,12.34,13.06,1.39,1.703,0.714,25.08,28.2,23.87,-26.17,93.2,47.02,37.55,97.6,0.0,11.97,13.32
07-02-2019 07:00,9636,12.5,102.9,9.89,7.014,1.555,25.68,28.57,23.97,-22.88,91.3,49.24,39.22,97.6,0.0,52.46,80.7
07-02-2019 07:30,9637,13.11,205.9,15.26,9.23,1.882,26.6,28.91,24.25,-22.09,87.5,51.75,41.41,97.6,0.0,66.99,154.0
07-02-2019 08:00,9638,13.4,341.6,26.41,14.43,2.248,27.31,29.45,24.8,-19.18,86.4,56.16,45.03,97.5,0.0,101.2,267.1
07-02-2019 08:30,9639,14.05,601.5,169.9,34.76,2.86,31.68,30.46,25.45,-18.05,83.6,69.27,56.65,97.5,0.0,98.3,465.8
07-02-2019 09:00,9640,14.01,736.8,184.3,26.02,3.102,34.81,31.43,26.53,-8.67,85.5,71.79,58.32,97.3,0.0,157.2,580.7
07-02-2019 09:30,9641,13.98,742.0,173.5,44.8,4.007,NAN,32.34,27.19,8.43,NAN,72.61,58.75,96.7,0.0,197.5,586.1
07-02-2019 10:00,9642,13.34,678.1,157.8,82.6,10.03,32.28,32.89,27.67,11.1,79.75,71.03,57.16,95.8,0.0,466.8,577.3
07-02-2019 10:30,9643,13.34,845.0,210.2,120.1,12.43,32.93,32.95,28.26,11.26,75.86,71.38,57.26,93.5,0.0,562.1,727.0
07-02-2019 11:00,9644,13.36,1062.0,93.3,118.0,8.84,31.5,35.94,28.94,16.44,69.89,72.9,58.39,92.7,0.0,341.1,877.0
07-02-2019 11:30,9645,13.38,693.0,69.44,124.9,12.69,31.38,34.38,29.16,16.75,69.33,72.07,57.51,91.8,0.0,429.9,612.0
07-02-2019 12:00,9646,13.34,587.3,72.92,127.1,15.49,31.23,34.14,28.9,16.25,70.47,71.76,57.22,92.2,0.0,450.4,520.0
07-02-2019 12:30,9647,13.37,920.0,79.1,130.0,17.0,31.29,34.43,29.13,15.32,71.8,71.96,57.23,92.1,0.0,451.2,791.3
07-02-2019 13:00,9648,13.39,596.0,90.4,121.8,17.58,31.45,37.43,29.46,6.533,68.22,73.86,58.75,90.2,0.0,486.4,537.0
07-02-2019 13:30,9649,13.38,844.0,112.7,405.5,18.33,31.84,38.36,29.52,4.671,63.92,74.99,59.39,88.5,0.0,540.7,729.9
07-02-2019 14:00,9650,13.37,562.3,73.65,128.2,11.12,31.43,39.81,29.78,3.406,64.66,75.27,59.66,87.9,0.0,352.1,465.1
07-02-2019 14:30,9651,13.36,378.4,48.1,89.0,9.34,29.65,31.19,26.74,-6.908,85.2,64.61,52.91,93.6,3.302,235.5,326.3
07-02-2019 15:00,9652,13.38,650.1,191.7,137.8,6.607,34.61,30.84,26.11,-11.28,NAN,62.33,50.22,97.7,0.0,210.8,490.0
07-02-2019 15:30,9653,13.38,548.1,173.4,48.98,5.511,32.03,32.12,27.0,-9.17,84.5,66.89,53.37,97.1,0.0,186.7,407.9
07-02-2019 16:00,9654,13.38,742.6,516.3,41.04,4.97,30.93,32.74,27.27,-6.986,76.85,71.62,56.96,95.2,0.0,197.9,531.8
07-02-2019 16:30,9655,13.38,694.7,128.0,60.48,7.922,31.67,34.58,28.18,-8.75,70.43,74.79,59.32,95.6,0.254,287.2,531.8
07-02-2019 17:00,9656,13.39,410.2,58.0,51.66,7.49,30.16,32.13,28.44,-6.21,75.26,70.23,56.34,95.3,0.762,270.4,344.9
07-02-2019 17:30,9657,13.38,155.3,32.37,23.9,4.021,28.22,28.82,26.53,-10.2,88.1,61.19,49.84,96.0,0.762,124.5,134.6
07-02-2019 18:00,9658,13.38,74.8,12.75,11.24,2.143,29.27,28.6,25.99,-19.74,94.7,55.62,44.59,97.6,0.0,67.2,69.73
07-02-2019 18:30,9659,12.73,11.49,2.138,1.495,0.901,27.24,28.76,25.81,-24.5,93.9,52.4,41.94,97.6,0.0,13.37,14.43
07-02-2019 19:00,9660,12.69,0.038,0.062,-0.085,0.718,27.25,28.73,25.64,-24.44,95.4,50.53,40.42,97.5,0.0,2.273,2.851
07-02-2019 19:30,9661,12.65,-0.052,0.026,-0.099,0.718,26.88,29.17,25.51,-30.08,96.1,49.16,39.28,97.6,0.0,1.976,2.588
07-02-2019 20:00,9662,12.62,-0.053,0.003,-0.089,0.724,26.62,30.72,25.36,-29.91,96.5,49.03,39.19,97.5,0.0,1.601,2.56
07-02-2019 20:30,9663,12.61,-0.059,-0.018,-0.08,0.695,26.31,33.62,25.23,-26.66,97,50.65,40.43,97.5,0.0,1.683,2.418
07-02-2019 21:00,9664,12.6,-0.063,-0.038,-0.063,0.754,26.27,32.45,25.12,-21.87,96.6,49.91,39.88,97.4,0.0,1.678,2.249
07-02-2019 21:30,9665,12.56,-0.066,-0.057,-0.049,0.874,26.24,31.3,25.15,-20.5,96.6,48.93,39.05,97.5,0.0,1.846,2.64
07-02-2019 22:00,9666,12.56,-0.067,-0.085,-0.048,0.868,26.14,30.35,25.15,-18.69,95.5,48.65,38.81,97.6,0.0,1.698,2.218
07-02-2019 22:30,9667,12.57,-0.067,-0.105,-0.037,0.85,25.9,29.76,25.06,-11.54,95.6,48.08,38.35,97.5,0.0,1.607,2.366
07-02-2019 23:00,9668,12.56,-0.058,-0.13,-0.04,0.78,25.85,29.35,24.97,-10.13,96,47.91,38.24,97.4,0.0,1.947,2.349
07-02-2019 23:30,9669,12.55,-0.068,-0.154,-0.03,0.776,25.89,28.41,24.88,-2.102,95.4,47.91,38.26,97.4,0.0,1.566,2.204
08-02-2019 00:00,9670,12.53,-0.069,-0.197,-0.037,0.809,25.85,27.61,24.77,0.699,94.6,48.26,38.55,97.4,0.0,1.651,2.535
08-02-2019 00:30,9671,12.52,-0.063,-0.215,-0.037,0.766,25.75,27.5,24.71,-0.163,95,46.75,37.35,97.4,0.0,1.815,2.308
08-02-2019 01:00,9672,12.5,-0.038,-0.245,-0.041,0.588,25.67,27.43,24.63,-1.959,96.1,46.51,37.12,97.4,0.254,1.888,2.86
08-02-2019 01:30,9673,12.49,-0.04,-0.258,-0.037,0.41,25.22,27.31,24.44,-5.694,96.3,47.48,38.04,97.3,0.0,2.097,3.019
08-02-2019 02:00,9674,12.48,-0.038,-0.288,-0.034,0.354,25.05,27.09,24.19,-35.25,96.9,46.51,37.29,97.4,0.508,1.887,2.595
08-02-2019 02:30,9675,12.45,-0.03,-0.299,-0.035,0.33,25.1,29.32,24.04,-39.83,96.8,46.73,37.48,97.7,0.254,1.988,2.72
08-02-2019 03:00,9676,12.44,-0.015,-0.317,-0.038,0.357,25.01,28.65,23.88,-37.3,97.3,45.75,36.69,97.6,3.302,1.607,2.441
08-02-2019 03:30,9677,12.41,-0.02,-0.391,-0.036,0.4,24.96,29.5,23.8,-36.39,97.7,45.46,36.37,97.7,3.302,1.985,2.756
08-02-2019 04:00,9678,12.41,-0.021,-0.44,-0.041,0.366,24.99,28.79,23.61,-39.29,97.4,45.09,36.07,97.8,1.016,1.825,2.531
08-02-2019 04:30,9679,12.39,-0.016,-0.436,-0.035,0.385,25.01,25.93,23.56,-40.34,97.1,43.17,34.56,97.8,2.286,1.749,2.291
08-02-2019 05:00,9680,12.37,-0.017,-0.429,-0.034,0.345,24.88,25.74,23.45,-40.45,97.7,42.88,34.23,97.8,2.794,1.623,2.678
08-02-2019 05:30,9681,12.35,-0.024,-0.441,-0.038,0.362,24.86,26.01,23.47,-40.63,97.8,43.69,34.95,97.8,1.778,1.535,2.341
08-02-2019 06:00,9682,12.34,0.029,-0.438,-0.034,0.343,24.97,26.05,23.41,-40.67,95.9,43.4,34.73,97.8,0.508,1.835,2.726
08-02-2019 06:30,9683,12.33,7.521,0.625,0.93,0.53,25.34,26.08,23.33,-40.71,93,43.33,34.6,97.7,0.508,7.544,9.08
08-02-2019 07:00,9684,12.42,65.22,10.62,8.5,1.688,25.12,26.49,23.45,-40.7,95.6,43.48,34.72,97.8,0.0,59.31,61.3
08-02-2019 07:30,9685,13.01,191.8,29.13,21.44,3.399,25.48,26.86,23.76,-40.65,95.7,45.46,36.26,97.8,0.0,144.1,160.5
08-02-2019 08:00,9686,13.59,237.6,43.28,28.86,4.041,26.18,27.54,24.26,-40.62,94.4,49.35,39.39,97.7,0.0,187.1,199.0
08-02-2019 08:30,9687,13.57,250.4,50.54,33.49,4.735,26.35,27.91,24.66,-40.61,94.4,51.11,40.8,97.7,0.0,197.8,210.9
08-02-2019 09:00,9688,13.91,435.0,77.54,49.84,6.577,26.86,28.41,24.97,-40.63,91.8,57.33,46.1,97.7,0.254,305.6,351.0
08-02-2019 09:30,9689,13.95,475.1,92.5,66.11,8.82,26.92,28.69,25.23,-40.58,89.9,60.5,48.84,97.7,0.0,363.8,394.3
08-02-2019 10:00,9690,13.96,484.1,84.3,71.7,9.31,27.28,29.31,25.72,-40.56,87.2,63.95,51.57,97.7,0.0,398.2,416.1
08-02-2019 10:30,9691,13.34,675.5,178.3,100.8,12.27,27.61,29.72,26.14,-40.53,84.6,64.88,52.26,97.7,0.0,485.0,563.6
08-02-2019 11:00,9692,13.34,761.1,98.2,99.6,12.85,28.13,30.09,26.61,-33.47,83.4,65.95,53.23,97.0,0.0,471.9,642.5
08-02-2019 11:30,9693,13.35,962.0,86.5,130.2,14.33,34.8,30.96,27.47,-9.61,83.1,68.99,55.85,94.9,0.0,502.1,815.0
08-02-2019 12:00,9694,13.35,782.2,75.04,243.5,12.44,35.8,30.92,27.7,7.809,82.6,68.98,55.85,93.6,0.0,431.6,657.1
08-02-2019 12:30,9695,13.35,438.8,47.53,73.03,13.32,30.75,29.53,26.83,9.02,87.3,62.89,51.47,94.0,1.27,295.2,388.7
08-02-2019 13:00,9696,13.34,485.9,54.74,77.4,11.24,31.94,29.32,26.25,7.258,91.2,60.27,48.64,97.4,1.016,289.3,401.9
08-02-2019 13:30,9697,13.37,135.1,25.04,22.98,4.474,25.7,26.93,24.84,-17.03,93.8,54.27,44.04,96.6,3.302,89.9,94.1
08-02-2019 14:00,9698,13.36,118.2,21.26,18.73,3.595,24.83,26.19,24.12,-38.27,96,48.82,39.23,97.8,2.032,75.83,79.56
08-02-2019 14:30,9699,13.37,101.5,20.21,17.43,3.592,24.72,26.16,24.03,-38.7,96.6,47.27,37.87,97.9,1.27,70.16,72.96
08-02-2019 15:00,9700,13.35,147.1,25.68,27.87,5.513,24.7,26.26,24.13,-38.88,96.6,47.07,37.73,97.8,0.254,103.2,108.6
08-02-2019 15:30,9701,13.35,80.9,14.46,14.28,3.097,24.81,26.48,24.3,-38.93,96.6,46.83,37.48,97.8,0.508,59.85,62.71
08-02-2019 16:00,9702,13.35,82.2,14.48,13.11,2.749,24.94,26.49,24.34,-38.87,96.2,46.21,37.0,97.8,0.254,61.03,63.49
08-02-2019 16:30,9703,13.35,107.3,17.35,17.51,3.269,24.96,26.62,24.4,-38.97,96.3,46.67,37.3,97.8,0.0,84.7,88.8
08-02-2019 17:00,9704,13.36,99.1,16.09,15.19,3.007,24.93,26.58,24.35,-39.0,96.4,47.49,37.99,97.8,0.0,80.9,84.7
08-02-2019 17:30,9705,13.34,88.3,16.84,14.64,2.784,25.09,26.68,24.45,-38.91,95.7,47.56,38.07,97.8,0.0,76.67,79.23
08-02-2019 18:00,9706,13.08,45.54,7.744,6.894,1.799,25.03,26.61,24.4,-38.86,95.8,47.21,37.86,97.8,0.0,41.32,42.85
08-02-2019 18:30,9707,12.69,9.01,1.296,1.013,1.032,24.88,26.5,24.32,-38.77,96.4,45.9,36.75,97.7,0.0,9.65,10.86
08-02-2019 19:00,9708,12.64,0.148,-0.404,-0.057,0.95,24.69,26.26,24.15,-38.78,96.8,45.12,36.16,97.8,0.0,1.84,2.591
08-02-2019 19:30,9709,12.62,0.084,-0.415,-0.059,0.876,24.54,26.15,24.03,-38.81,97.1,45.36,36.31,97.8,0.0,1.711,2.41
08-02-2019 20:00,9710,12.61,0.088,-0.418,-0.06,0.833,24.43,26.05,23.93,-38.97,97.3,44.91,35.92,97.7,0.0,1.655,2.454
08-02-2019 20:30,9711,12.6,0.086,-0.444,-0.054,0.873,24.42,25.96,23.88,-39.09,97.3,45.84,36.69,97.6,0.0,1.355,2.016
08-02-2019 21:00,9712,12.59,0.089,-0.424,-0.057,0.889,24.44,25.98,23.83,-39.06,97.4,45.98,36.76,97.6,0.0,1.63,2.254
08-02-2019 21:30,9713,12.56,0.099,-0.458,-0.052,0.962,24.46,26.05,23.91,-38.94,97.5,46.4,37.11,97.7,0.0,1.822,2.434
08-02-2019 22:00,9714,12.56,0.094,-0.483,-0.059,0.922,24.38,26.06,23.92,-38.97,97.5,45.38,36.26,97.7,0.0,1.525,2.464
08-02-2019 22:30,9715,12.57,0.089,-0.492,-0.061,0.915,24.36,25.91,23.81,-38.85,97.5,46.11,36.85,97.7,0.0,1.681,2.29
08-02-2019 23:00,9716,12.53,0.096,-0.491,-0.055,0.958,24.25,25.81,23.7,-38.96,97.5,46.1,36.91,97.6,0.0,2.075,2.662
08-02-2019 23:30,9717,12.53,0.091,-0.501,-0.058,0.927,24.15,25.69,23.57,-39.09,97.6,45.05,36.06,97.6,0.0,1.676,2.443
09-02-2019 00:00,9718,12.49,0.098,-0.504,-0.06,0.906,24.32,25.66,23.49,-39.54,97.8,45.47,36.39,97.7,0.0,1.481,2.185
09-02-2019 00:30,9719,12.49,0.116,-0.5,-0.059,0.916,24.47,25.7,23.38,-40.07,97.9,45.74,36.56,97.7,0.0,1.625,2.142
09-02-2019 01:00,9720,12.48,0.113,-0.498,-0.058,0.945,24.48,25.88,23.4,-40.29,97.8,45.61,36.46,97.7,0.0,1.57,2.361
09-02-2019 01:30,9721,12.47,0.112,-0.515,-0.048,0.901,24.25,25.97,23.41,-40.33,97.7,45.41,36.25,97.7,0.0,2.255,2.868
09-02-2019 02:00,9722,12.45,0.108,-0.515,-0.054,0.866,24.04,25.93,23.37,-40.37,97.7,45.12,36.07,97.6,0.0,1.876,2.541
09-02-2019 02:30,9723,12.45,0.114,-0.551,-0.06,0.892,24.03,25.93,23.31,-40.3,98.1,45.02,36.04,97.6,0.0,1.725,2.283
09-02-2019 03:00,9724,12.45,0.12,-0.539,-0.063,0.919,24.1,26.04,23.38,-40.38,98.2,45.04,36.02,97.6,0.0,1.939,2.506
09-02-2019 03:30,9725,12.42,0.125,-0.55,-0.051,0.853,24.12,26.11,23.39,-40.32,98.2,45.17,36.1,97.7,0.0,1.432,2.262
09-02-2019 04:00,9726,12.4,0.109,-0.539,-0.051,0.856,24.2,26.09,23.45,-40.27,98.2,45.41,36.28,97.7,1.016,2.057,2.725
09-02-2019 04:30,9727,12.41,0.113,-0.556,-0.053,0.867,24.18,26.13,23.47,-40.24,98.2,45.19,36.16,97.7,0.254,1.443,2.14
09-02-2019 05:00,9728,12.4,0.124,-0.559,-0.051,0.903,24.3,26.1,23.45,-40.25,98.2,45.48,36.34,97.7,0.0,1.668,2.428
09-02-2019 05:30,9729,12.37,0.123,-0.573,-0.046,0.958,24.27,26.21,23.56,-40.36,98.2,45.31,36.25,97.6,0.254,1.757,2.315
09-02-2019 06:00,9730,12.37,0.138,-0.587,-0.046,0.932,24.26,26.24,23.6,-40.27,98,44.58,35.62,97.7,1.27,1.706,2.647
09-02-2019 06:30,9731,12.37,4.967,0.419,0.774,1.042,24.15,26.23,23.57,-40.27,97.8,45.47,36.43,97.7,0.0,5.135,6.153
09-02-2019 07:00,9732,12.4,20.75,3.23,3.377,1.368,24.2,26.25,23.56,-40.33,97.7,45.63,36.48,97.7,0.0,17.4,18.41
09-02-2019 07:30,9733,12.54,49.41,8.4,8.88,1.98,24.33,26.34,23.63,-40.34,97.4,46.09,36.88,97.7,0.0,40.96,43.1
09-02-2019 08:00,9734,12.89,87.2,16.14,15.32,2.713,24.54,26.5,23.79,-40.3,97.3,46.65,37.26,97.7,0.0,70.43,73.8
09-02-2019 08:30,9735,13.23,195.7,36.37,32.01,4.315,25.06,26.83,24.01,-40.26,96.8,46.98,37.41,97.6,0.0,164.1,169.2
09-02-2019 09:00,9736,13.9,379.8,69.67,55.01,6.151,25.68,27.49,24.48,-40.26,93,52.84,41.98,97.6,0.0,302.5,321.9
09-02-2019 09:30,9737,13.9,176.0,29.17,29.65,3.83,25.8,27.77,24.72,-40.26,92.2,54.35,43.44,97.6,0.0,140.8,146.5
09-02-2019 10:00,9738,13.97,294.7,50.31,49.42,5.551,26.24,27.91,24.8,-40.36,91.1,57.0,45.49,97.6,0.0,232.5,242.3
09-02-2019 10:30,9739,13.34,366.8,61.86,61.11,6.566,26.66,28.42,25.28,-40.55,87.9,61.64,49.15,97.3,0.0,304.2,316.3
09-02-2019 11:00,9740,13.35,624.2,86.9,87.5,9.09,27.71,29.19,25.83,-40.38,83.1,64.24,51.12,97.5,0.0,454.1,537.0
09-02-2019 11:30,9741,13.35,476.9,70.1,80.1,9.05,27.99,29.71,26.37,-39.86,81.8,64.41,51.38,97.4,0.0,384.8,410.9
09-02-2019 12:00,9742,13.35,495.5,79.13,87.8,9.87,28.48,29.72,26.42,-39.3,81.7,64.77,51.72,97.2,0.0,395.6,412.0
09-02-2019 12:30,9743,13.38,620.5,86.9,101.1,12.12,28.93,30.17,26.68,-39.28,79.01,65.74,52.45,96.7,0.0,455.9,525.9
09-02-2019 13:00,9744,13.34,441.0,66.24,75.76,9.36,29.45,30.26,27.1,-19.61,80.4,65.88,52.73,96.6,0.0,362.0,384.5
09-02-2019 13:30,9745,13.36,744.3,82.6,337.5,13.88,31.16,30.28,26.96,-4.531,83.4,67.25,53.66,96.0,0.254,433.0,618.5
09-02-2019 14:00,9746,13.34,585.1,72.2,112.2,9.96,31.82,31.12,27.75,4.654,79.58,68.92,55.07,94.2,0.0,378.5,504.1
09-02-2019 14:30,9747,13.34,591.7,82.9,102.9,8.98,32.03,31.18,27.68,5.773,78.83,68.61,54.76,95.3,0.0,385.1,493.1
09-02-2019 15:00,9748,13.34,436.9,88.6,68.84,5.957,32.21,32.04,27.85,10.86,76.25,69.38,55.34,94.9,0.0,271.8,374.6
09-02-2019 15:30,9749,13.35,278.2,43.02,45.76,5.742,32.14,31.8,27.4,10.91,82.2,67.78,53.95,93.4,0.0,227.4,239.9
09-02-2019 16:00,9750,13.35,181.2,30.69,27.6,3.577,31.18,31.53,27.38,10.27,84.6,66.0,52.54,95.0,0.0,155.1,161.5
09-02-2019 16:30,9751,13.34,175.8,38.19,26.12,6.353,30.41,30.77,26.9,8.86,88,65.08,51.96,93.1,0.0,147.8,150.9
09-02-2019 17:00,9752,13.34,127.4,30.02,18.75,4.898,30.37,30.28,26.55,7.65,90.2,63.53,50.74,92.5,0.0,107.5,110.8
09-02-2019 17:30,9753,13.34,73.14,15.73,11.15,3.495,33.87,29.9,26.23,4.724,95.5,61.86,49.48,93.2,0.0,62.06,64.04
09-02-2019 18:00,9754,12.8,25.01,4.636,3.658,2.009,28.02,29.55,25.95,1.706,91.6,59.81,47.77,93.9,0.0,23.21,24.53
09-02-2019 18:30,9755,12.68,6.317,1.216,0.8,1.249,26.77,29.2,25.65,-2.494,93.2,57.7,46.15,93.9,0.0,7.753,8.89
09-02-2019 19:00,9756,12.64,0.023,-0.001,-0.136,0.962,25.97,28.4,25.19,-9.32,94.7,55.62,44.5,93.8,0.0,2.531,3.317
09-02-2019 19:30,9757,12.61,-0.041,-0.06,-0.142,0.637,25.58,27.75,24.82,-23.76,95.2,53.7,42.98,94.3,0.0,1.856,2.587
09-02-2019 20:00,9758,12.6,-0.037,-0.084,-0.124,0.389,25.34,27.35,24.56,-20.24,96.2,51.86,41.58,94.8,0.0,1.527,2.251
09-02-2019 20:30,9759,12.56,-0.036,-0.101,-0.12,0.375,25.15,26.98,24.49,-13.6,96.6,51.05,40.86,95.5,0.0,1.589,2.28
09-02-2019 21:00,9760,12.56,-0.03,-0.12,-0.111,0.295,25,26.91,24.42,-11.06,96.9,49.81,39.74,95.6,0.0,1.633,2.091
09-02-2019 21:30,9761,12.55,-0.018,-0.156,-0.094,0.248,25.01,27.0,24.48,-7.709,97.4,48.74,38.89,95.9,0.0,1.536,2.329
09-02-2019 22:00,9762,12.53,-0.022,-0.209,-0.086,0.253,24.98,27.03,24.56,-8.21,97.5,45.63,36.33,95.9,0.0,2.33,2.778
09-02-2019 22:30,9763,12.52,-0.026,-0.216,-0.086,0.327,24.87,26.85,24.41,-7.677,96.7,44.71,35.6,95.7,0.0,2.035,2.642
09-02-2019 23:00,9764,12.54,-0.02,-0.229,-0.082,0.272,24.81,26.63,24.2,-6.108,96.7,44.65,35.65,95.5,0.0,1.625,2.252
09-02-2019 23:30,9765,12.49,-0.021,-0.246,-0.074,0.37,24.82,26.47,24.04,-8.47,97.2,43.99,35.09,95.7,0.0,1.837,2.505
10-02-2019 00:00,9766,12.49,-0.013,-0.277,-0.079,0.326,24.88,26.36,23.95,-36.6,97.5,43.84,35.06,95.8,0.0,1.476,2.312
10-02-2019 00:30,9767,12.46,-0.018,-0.294,-0.069,0.448,24.75,26.41,23.89,-37.73,97.6,44.09,35.13,96.2,0.0,1.836,2.471
10-02-2019 01:00,9768,12.46,0.002,-0.318,-0.044,0.535,24.51,26.46,23.87,-38.12,97.8,44.05,35.16,96.1,0.0,1.88,2.356
10-02-2019 01:30,9769,12.44,-0.005,-0.353,-0.044,0.491,24.4,26.47,23.87,-37.97,97.9,43.92,35.04,96.1,0.0,1.597,2.371
10-02-2019 02:00,9770,12.42,0.002,-0.38,-0.047,0.351,24.28,26.44,23.86,-37.79,97.9,43.54,34.81,96.2,0.0,1.632,2.235
10-02-2019 02:30,9771,12.44,-0.002,-0.403,-0.041,0.358,24.2,26.41,23.79,-27.2,98,43.55,34.72,96.1,0.0,1.534,2.201
10-02-2019 03:00,9772,12.4,-0.002,-0.421,-0.039,0.739,24.19,26.41,23.77,-7.082,98,43.72,34.91,96.2,0.0,1.594,2.373
10-02-2019 03:30,9773,12.39,0.002,-0.433,-0.04,0.872,24.15,26.42,23.78,-9.64,98,41.9,33.38,96.3,0.0,1.457,2.31
10-02-2019 04:00,9774,12.36,-0.004,-0.451,-0.033,0.824,24.18,26.43,23.75,-11.69,98,40.6,32.29,96.3,0.0,1.524,2.281
10-02-2019 04:30,9775,12.37,-0.009,-0.458,-0.036,0.791,24.14,26.42,23.77,-12.6,98.1,40.21,32.04,96.3,0.0,1.717,2.175
10-02-2019 05:00,9776,12.38,0.001,-0.48,-0.04,0.758,24.12,26.45,23.76,-12.63,98.1,40.15,31.97,96.3,0.0,1.568,2.494
10-02-2019 05:30,9777,12.37,0.017,-0.486,-0.03,1.125,24.15,26.46,23.75,-12.28,98.1,39.97,31.74,96.3,0.254,1.592,2.345
10-02-2019 06:00,9778,12.36,0.042,-0.494,-0.034,1.219,24.15,26.48,23.76,-13.49,98.1,39.95,31.78,96.3,0.0,1.624,2.348
10-02-2019 06:30,9779,12.37,1.984,-0.138,0.298,1.949,24.16,26.51,23.76,-11.03,98.1,40.44,32.14,96.1,0.508,2.968,3.853
10-02-2019 07:00,9780,12.41,14.46,2.205,2.395,2.147,24.19,26.48,23.84,-9.24,98.1,40.09,31.88,96.0,0.254,11.93,12.88
10-02-2019 07:30,9781,12.5,45.67,8.57,8.09,3.038,24.27,26.61,23.9,-10.96,98,40.01,31.76,96.1,1.27,35.45,37.14
10-02-2019 08:00,9782,12.83,55.06,10.83,9.61,3.268,24.29,26.57,23.89,-10.76,97.9,40.84,32.43,96.1,2.286,40.28,42.52
10-02-2019 08:30,9783,13.08,160.1,29.22,27.82,6.543,24.2,26.46,23.76,-12.18,97.1,42.54,33.88,95.4,2.032,120.7,125.1
10-02-2019 09:00,9784,13.63,204.3,36.91,37.19,7.613,24.24,26.6,23.8,-11.1,96.5,42.08,33.49,95.9,0.762,158.8,165.6
10-02-2019 09:30,9785,13.63,133.2,25.52,22.87,5.416,24.15,26.56,23.75,-11.17,96.6,41.43,32.98,95.7,7.112,93.0,96.7
10-02-2019 10:00,9786,13.24,126.2,24.85,21.95,5.413,24.11,26.46,23.67,-30.0,96.8,40.55,32.33,95.5,3.556,83.5,87.3
10-02-2019 10:30,9787,14.13,221.4,46.22,39.24,8.55,23.87,28.1,23.38,-25.88,95.2,41.88,33.34,95.0,6.096,151.5,157.8
10-02-2019 11:00,9788,14.2,358.6,71.2,60.67,12.59,23.98,30.71,23.36,-28.25,95.5,39.97,31.65,94.8,1.778,265.8,277.1
10-02-2019 11:30,9789,14.16,427.8,79.89,80.7,16.88,24.48,31.14,23.83,-31.83,94.8,45.85,36.34,94.4,0.254,327.7,343.9
10-02-2019 12:00,9790,13.38,335.4,59.78,55.33,8.93,24.69,31.27,23.98,-33.28,93.9,47.54,37.82,93.7,0.0,248.6,260.9
10-02-2019 12:30,9791,13.38,315.3,57.64,53.07,9.28,24.95,31.68,24.18,-34.16,93.8,48.34,38.43,93.7,0.254,242.1,251.8
10-02-2019 13:00,9792,13.35,355.3,60.77,59.5,8.91,25.21,31.74,24.39,-36.73,93,50.01,39.91,93.8,0.0,268.2,280.5
10-02-2019 13:30,9793,13.39,327.1,55.08,51.71,6.42,26.06,32.05,24.6,-40.72,90.7,52.52,41.61,94.0,0.0,246.3,256.0
10-02-2019 14:00,9794,13.38,322.7,54.31,53.21,6.664,26.22,32.44,24.86,-41.65,89.9,55.63,44.22,93.8,0.0,251.2,261.1
10-02-2019 14:30,9795,13.38,358.6,66.16,60.14,6.924,26.45,32.63,25.11,-39.75,88.4,57.95,46.09,94.0,0.0,284.1,294.0
10-02-2019 15:00,9796,13.36,332.0,60.0,54.26,6.73,26.75,32.97,25.34,-41.02,87,60.82,48.38,94.1,0.0,257.4,270.7
10-02-2019 15:30,9797,13.34,283.0,47.19,43.08,5.523,26.95,33.03,25.37,-40.98,86.8,60.86,48.44,94.3,0.0,224.3,230.3
10-02-2019 16:00,9798,13.34,295.9,49.8,47.39,5.811,27.97,33.33,25.5,-40.06,85.5,62.53,49.69,94.6,0.0,230.8,242.0
10-02-2019 16:30,9799,13.34,207.2,34.55,33.62,4.625,27.92,33.59,25.58,-40.65,86.1,61.69,48.96,94.6,0.0,170.0,175.9
10-02-2019 17:00,9800,13.34,152.5,26.34,23.82,3.443,27.66,34.23,25.56,-40.91,87.2,60.14,47.83,94.6,0.0,125.0,127.8
10-02-2019 17:30,9801,13.31,110.0,19.02,18.4,2.711,27.52,34.18,25.54,-40.57,88.8,58.93,46.9,94.5,0.0,92.6,95.8
10-02-2019 18:00,9802,13.01,47.29,8.23,6.828,1.462,27.32,33.97,25.48,-39.96,90.8,55.32,43.96,94.5,0.0,42.95,45.51
10-02-2019 18:30,9803,12.63,9.33,1.359,1.254,0.762,26.84,33.58,25.27,-39.91,92.9,49.92,39.68,94.6,0.0,10.97,11.95
10-02-2019 19:00,9804,12.53,0.014,-0.497,-0.063,0.637,26.49,33.09,24.99,-40.03,94.5,46.71,37.09,94.7,0.0,2.506,3.32
10-02-2019 19:30,9805,12.51,-0.039,-0.531,-0.063,0.603,26.11,32.95,24.84,-40.01,95.6,44.22,35.05,94.9,0.0,1.759,2.568
10-02-2019 20:00,9806,12.54,-0.04,-0.55,-0.066,0.574,25.79,32.84,24.66,-40.47,95.1,43.6,34.54,94.4,0.0,1.511,2.438
10-02-2019 20:30,9807,12.57,-0.039,-0.563,-0.066,0.526,25.67,32.59,24.51,-40.36,94.9,43.12,34.14,94.4,0.0,1.609,2.455
10-02-2019 21:00,9808,12.56,-0.037,-0.558,-0.064,0.475,25.46,32.49,24.35,-40.16,95.7,42.76,33.84,94.9,0.0,1.958,2.585
10-02-2019 21:30,9809,12.53,-0.018,-0.57,-0.064,0.516,25.05,32.31,24.17,-40.34,96.6,42.51,33.7,95.2,0.0,1.484,2.17
10-02-2019 22:00,9810,12.49,-0.021,-0.566,-0.073,0.488,24.97,32.29,24.05,-40.58,96.1,42.12,33.33,95.4,0.0,2.054,2.896
10-02-2019 22:30,9811,12.48,-0.011,-0.57,-0.069,0.507,24.66,32.29,23.98,-40.72,97,42.47,33.68,95.4,0.0,1.473,2.118
10-02-2019 23:00,9812,12.44,0.0,-0.585,-0.067,0.607,24.62,32.27,24.09,-40.82,97.3,42.6,33.71,95.4,0.0,1.712,2.412
10-02-2019 23:30,9813,12.46,0.0,-0.603,-0.065,0.664,24.58,32.48,24.16,-40.75,97.4,42.68,33.76,95.4,0.0,1.73,2.322
11-02-2019 00:00,9814,12.34,0.003,-0.617,-0.075,0.652,24.55,32.38,24.11,-40.49,97.3,42.65,33.75,95.6,0.0,1.832,2.821
11-02-2019 00:30,9815,12.39,0.012,-0.616,-0.089,0.642,24.44,32.22,23.91,-40.78,97.3,42.8,33.9,95.5,0.0,1.931,2.785
11-02-2019 01:00,9816,12.41,0.013,-0.613,-0.084,0.572,24.3,32.1,23.73,-40.92,97.4,42.68,33.81,95.1,0.0,1.384,2.492
11-02-2019 01:30,9817,12.41,0.013,-0.603,-0.081,0.532,24.22,31.95,23.66,-40.68,97.6,42.48,33.71,95.4,0.0,1.923,2.63
11-02-2019 02:00,9818,12.38,0.019,-0.605,-0.074,0.46,24.07,31.9,23.64,-41.01,97.7,42.8,33.88,95.7,0.0,2.037,2.658
11-02-2019 02:30,9819,12.3,0.022,-0.594,-0.062,0.499,23.93,31.91,23.53,-41.2,97.8,43.4,34.43,95.7,0.0,1.735,2.302
11-02-2019 03:00,9820,12.28,0.018,-0.588,-0.06,0.467,23.94,31.71,23.54,-41.07,97.9,43.46,34.45,95.8,0.0,1.562,2.584
11-02-2019 03:30,9821,12.26,0.021,-0.596,-0.062,0.422,23.94,31.81,23.58,-41.12,97.9,43.57,34.55,95.7,0.0,1.386,2.343
11-02-2019 04:00,9822,12.3,0.025,-0.601,-0.052,0.285,23.93,31.69,23.59,-40.89,97.9,43.61,34.57,95.8,0.0,1.651,2.621
11-02-2019 04:30,9823,12.33,0.023,-0.6,-0.063,0.181,23.94,31.75,23.51,-40.75,97.9,43.66,34.67,95.9,0.0,1.621,2.41
11-02-2019 05:00,9824,12.22,0.035,-0.59,-0.061,0.117,23.97,31.58,23.46,-40.8,97.9,43.81,34.75,96.0,0.0,1.692,2.427
11-02-2019 05:30,9825,12.33,0.034,-0.597,-0.045,0.085,23.96,31.67,23.46,-40.81,97.8,44.18,35.05,96.1,0.0,1.497,2.29
11-02-2019 06:00,9826,12.33,0.109,-0.581,-0.039,0.09,23.91,31.69,23.49,-40.84,97.8,44.26,35.11,96.1,0.0,1.806,2.82
11-02-2019 06:30,9827,12.33,9.05,0.953,1.345,-0.026,23.93,31.71,23.51,-40.75,97.8,44.37,35.19,96.2,0.0,8.8,9.54
11-02-2019 07:00,9828,12.42,58.73,9.6,9.29,0.945,24.05,31.93,23.62,-40.97,97.8,44.56,35.3,96.1,0.0,50.84,52.98
11-02-2019 07:30,9829,13.03,172.4,18.85,14.3,1.692,24.68,32.35,23.84,-40.91,97.7,45.52,35.93,96.1,0.508,101.9,149.9
11-02-2019 08:00,9830,13.41,253.1,35.58,27.53,3.201,25.43,32.81,24.37,-40.85,94.1,46.49,36.69,96.1,0.0,178.7,219.2
11-02-2019 08:30,9831,13.69,366.5,82.0,31.58,3.285,25.92,33.38,24.78,-40.91,91.6,49.97,39.5,96.1,0.0,203.9,294.9
11-02-2019 09:00,9832,14.0,549.0,89.6,31.71,3.004,27.44,34.39,25.51,-40.74,87,61.89,49.49,95.9,0.0,207.9,425.6
11-02-2019 09:30,9833,14.04,650.6,151.7,58.52,5.203,29.11,35.48,26.39,-29.05,83.9,67.6,54.11,94.6,0.0,334.9,517.1
11-02-2019 10:00,9834,14.01,477.5,93.2,63.4,6.77,31.02,37.05,26.83,5.027,83.8,68.67,54.82,93.9,0.0,347.3,410.0
11-02-2019 10:30,9835,13.41,621.4,95.3,82.9,7.841,32.96,37.66,26.9,8.87,85,68.65,54.68,92.9,0.0,374.9,515.2
11-02-2019 11:00,9836,13.38,735.8,78.99,74.46,7.565,32.3,34.14,27.37,8.28,79.43,68.0,54.15,92.5,0.0,356.1,620.4
11-02-2019 11:30,9837,13.38,937.0,75.8,217.3,9.17,31.8,40.11,28.07,0.508,74.22,72.17,57.61,90.7,0.0,370.3,764.5
11-02-2019 12:00,9838,13.39,832.0,70.23,247.9,13.41,31.22,33.36,28.62,1.698,71.44,70.11,55.79,90.2,0.0,413.6,687.1
11-02-2019 12:30,9839,13.39,463.6,61.65,82.0,10.25,28.94,29.44,27.66,-5.46,81.6,65.23,52.52,89.0,1.016,354.9,389.9
11-02-2019 13:00,9840,13.39,253.8,55.49,43.7,7.874,27.73,26.36,25.08,-16.33,96.5,54.2,43.97,95.3,7.366,176.2,183.6
11-02-2019 13:30,9841,13.39,118.5,33.18,19.99,3.743,25.54,31.91,24.46,-10.91,96.7,47.33,37.79,96.6,7.366,75.49,78.75
11-02-2019 14:00,9842,13.42,136.9,38.14,22.27,4.434,25,34.66,24.17,-12.39,96.4,46.99,37.24,96.7,1.524,93.5,98.1
11-02-2019 14:30,9843,13.43,172.1,42.93,26.13,4.988,25.29,31.07,24.33,-10.36,96.2,45.19,35.83,96.5,0.508,129.3,134.3
11-02-2019 15:00,9844,13.42,284.3,68.59,49.31,9.37,25.7,29.95,24.63,-9.0,95.5,45.77,36.19,96.2,0.0,216.3,231.2
11-02-2019 15:30,9845,13.4,242.2,56.06,39.49,6.614,26.25,30.36,24.96,-9.48,94.1,48.08,37.83,96.2,0.0,188.2,194.8
11-02-2019 16:00,9846,13.42,200.7,42.55,30.81,4.867,26.75,30.78,25.17,-9.43,92.5,48.55,38.04,96.2,0.0,155.6,160.7
11-02-2019 16:30,9847,13.42,171.6,37.99,26.82,3.747,26.76,30.84,25.33,-6.962,92.7,49.49,38.95,96.2,0.0,137.4,142.3
11-02-2019 17:00,9848,13.42,153.7,35.16,23.05,2.767,26.85,30.94,25.45,-7.311,93.4,50.61,39.95,96.2,0.0,125.6,131.2
11-02-2019 17:30,9849,13.4,94.4,21.79,14.36,1.809,26.72,30.99,25.5,-6.846,94.2,49.29,38.98,95.9,0.0,79.36,82.9
11-02-2019 18:00,9850,13.34,56.26,11.86,8.81,1.233,26.49,30.85,25.49,-6.043,95.4,46.96,37.08,96.1,0.0,47.73,50.54
11-02-2019 18:30,9851,12.73,7.8,1.234,1.167,0.338,26.33,30.76,25.42,-5.009,96.5,45.05,35.64,95.8,0.0,9.54,10.35
11-02-2019 19:00,9852,12.68,0.038,-0.573,-0.075,0.287,26.23,30.69,25.37,-6.132,97.1,43.89,34.67,96.1,1.016,1.787,2.466
11-02-2019 19:30,9853,12.68,0.051,-0.594,-0.089,0.37,26.02,30.41,25.24,-6.404,95.9,43.44,34.39,96.1,1.778,2.466,2.978
11-02-2019 20:00,9854,12.65,0.054,-0.593,-0.101,0.347,25.55,30.1,24.87,-7.101,96.5,43.22,34.31,96.2,2.032,1.993,2.628
11-02-2019 20:30,9855,12.62,0.052,-0.598,-0.088,0.334,25.4,29.95,24.73,-8.26,97.1,43.51,34.46,96.1,1.27,1.672,2.497
11-02-2019 21:00,9856,12.63,0.053,-0.603,-0.08,0.345,25.24,29.78,24.6,-9.92,97.2,43.47,34.47,95.7,0.0,1.563,2.42
11-02-2019 21:30,9857,12.6,0.055,-0.615,-0.083,0.357,25.18,29.63,24.46,-11.39,97.5,43.34,34.31,95.9,0.0,1.559,2.4
11-02-2019 22:00,9858,12.59,0.054,-0.618,-0.078,0.298,25.11,29.65,24.35,-12.96,97.7,43.44,34.42,96.1,0.0,1.492,2.353
11-02-2019 22:30,9859,12.56,0.056,-0.62,-0.082,0.152,24.96,29.37,24.26,-14.89,97.8,43.26,34.25,96.2,0.0,1.806,2.75
11-02-2019 23:00,9860,12.56,0.061,-0.627,-0.086,0.19,24.86,29.39,24.15,-14.82,97.5,43.21,34.22,96.3,0.0,1.718,2.573
11-02-2019 23:30,9861,12.53,0.057,-0.614,-0.096,0.314,24.8,29.28,24.04,-17.1,97.4,43.24,34.28,96.4,0.0,1.546,2.193
12-02-2019 00:00,9862,12.53,0.058,-0.616,-0.093,0.368,24.72,29.14,23.96,-18.24,97.5,43.41,34.41,96.4,0.0,1.879,2.686
12-02-2019 00:30,9863,12.5,0.061,-0.611,-0.092,0.476,24.5,28.96,23.81,-17.32,97.4,43.58,34.59,96.4,0.0,1.652,2.458
12-02-2019 01:00,9864,12.5,0.062,-0.611,-0.084,0.519,24.41,28.86,23.71,-17.6,97.3,43.75,34.67,96.5,0.0,1.465,2.243
12-02-2019 01:30,9865,12.49,0.058,-0.615,-0.078,0.404,24.38,28.86,23.6,-14.35,97.4,43.9,34.77,96.4,0.508,2.027,2.563
12-02-2019 02:00,9866,12.49,0.062,-0.611,-0.074,0.376,24.31,31.71,23.51,-7.79,97.3,45.22,35.81,96.4,0.0,1.726,2.495
12-02-2019 02:30,9867,12.46,0.067,-0.617,-0.068,0.458,24.18,31.46,23.45,-4.275,97.4,45.13,35.81,96.5,0.0,1.711,2.514
12-02-2019 03:00,9868,12.37,0.067,-0.619,-0.065,0.44,24.24,32.11,23.42,-4.455,97.6,45.51,36.06,96.5,0.0,1.596,2.528
12-02-2019 03:30,9869,12.36,0.065,-0.614,-0.064,0.783,24.47,32.0,23.38,-3.177,97.9,45.73,36.24,96.6,0.0,1.502,2.15
12-02-2019 04:00,9870,12.34,0.067,-0.615,-0.068,0.756,24.43,31.6,23.38,-3.272,97.9,45.82,36.32,96.6,0.0,1.511,2.352
12-02-2019 04:30,9871,12.34,0.068,-0.614,-0.07,1.027,24.43,29.82,23.29,-3.697,97.9,44.93,35.67,96.5,0.0,1.752,2.65
12-02-2019 05:00,9872,12.34,0.068,-0.624,-0.072,1.192,24.23,28.59,23.26,-2.413,97.8,44.44,35.22,96.6,0.0,1.758,2.513
12-02-2019 05:30,9873,12.31,0.068,-0.626,-0.071,0.668,24.19,29.14,23.2,-2.914,97.9,44.53,35.33,96.7,0.0,2.036,2.992
12-02-2019 06:00,9874,12.33,0.163,-0.604,-0.055,0.66,24.47,29.23,23.21,-9.44,98.1,44.82,35.56,96.8,0.0,1.529,2.126
12-02-2019 06:30,9875,12.33,13.23,1.847,1.03,0.777,24.47,30.27,23.24,-10.02,98,45.31,35.89,96.8,0.0,10.99,12.59
12-02-2019 07:00,9876,12.48,89.9,15.12,6.724,1.481,24.92,30.33,23.28,-9.29,97.6,45.88,36.28,96.8,0.0,57.44,77.13
12-02-2019 07:30,9877,13.11,131.5,26.33,13.77,2.462,25.38,31.06,23.65,-8.96,95.8,46.8,36.94,96.8,0.0,89.5,113.7
12-02-2019 08:00,9878,13.2,138.4,34.47,21.52,3.552,25.43,31.65,24.26,-7.713,95.9,46.89,37.05,96.7,0.0,114.6,119.9
12-02-2019 08:30,9879,13.57,225.1,58.38,35.58,5.277,25.87,32.09,24.7,-5.87,94.3,46.82,36.77,96.7,0.0,187.5,195.0
12-02-2019 09:00,9880,14.02,338.3,84.2,49.01,6.508,26.59,32.5,25.06,-4.608,92.1,49.27,38.68,96.6,0.0,279.1,290.7
12-02-2019 09:30,9881,14.01,565.0,119.7,62.41,7.122,27.92,33.05,25.42,-4.102,90,57.72,45.46,96.7,0.0,343.9,467.3
12-02-2019 10:00,9882,14.05,715.8,250.4,68.32,6.542,29.54,33.43,26.3,0.087,85.2,65.0,51.62,96.7,0.0,352.2,582.3
12-02-2019 10:30,9883,13.43,833.0,204.1,92.2,7.853,31.44,34.15,26.93,7.063,82.8,67.45,53.86,95.9,0.0,422.4,691.4
12-02-2019 11:00,9884,13.42,850.0,134.2,109.8,10.96,33.72,36.79,27.46,10.87,83.6,69.88,55.81,94.2,0.0,457.3,710.3
12-02-2019 11:30,9885,13.41,1046.0,71.55,99.9,9.59,31.65,34.25,27.99,12.52,78.02,70.11,56.12,91.3,0.0,357.0,838.0
12-02-2019 12:00,9886,13.43,1003.0,81.0,305.1,11.93,31.39,35.51,28.53,7.44,75.09,70.78,56.62,89.8,0.0,442.1,815.0
12-02-2019 12:30,9887,13.43,921.0,65.73,103.6,10.84,30.5,34.86,28.48,-15.71,76.76,68.63,55.33,89.5,0.0,321.4,784.9
12-02-2019 13:00,9888,13.42,905.0,56.06,325.7,9.78,30.87,35.42,28.7,3.919,73.8,70.58,56.22,92.2,0.0,302.1,723.9
12-02-2019 13:30,9889,13.41,1008.0,59.85,730.0,9.7,31.94,38.55,29.43,24.76,71.87,73.34,58.55,86.2,0.0,295.7,789.4
12-02-2019 14:00,9890,13.41,416.6,60.95,67.12,7.355,30.13,40.76,28.62,24.28,76.03,72.33,58.27,87.6,3.048,289.7,364.3
12-02-2019 14:30,9891,13.4,892.0,137.5,168.2,17.03,28.3,39.69,26.53,23.45,87.1,64.3,51.4,96.2,0.0,484.8,694.5
12-02-2019 15:00,9892,13.39,335.6,61.44,55.27,9.04,27.79,39.47,26.51,23.48,88.3,66.47,53.2,96.0,0.0,248.5,262.8
12-02-2019 15:30,9893,13.41,174.6,30.3,25.36,4.479,27.27,41.64,25.84,23.06,92,62.34,49.78,96.1,0.508,135.7,141.5
12-02-2019 16:00,9894,13.46,272.9,43.04,43.92,7.087,27.2,40.96,25.53,22.68,88.6,65.05,51.99,95.9,0.0,214.9,224.2
12-02-2019 16:30,9895,13.42,416.5,84.6,53.86,7.296,27.87,40.2,25.75,22.58,85.5,68.61,54.51,96.6,0.0,258.9,330.3
12-02-2019 17:00,9896,13.42,310.0,49.62,23.95,3.371,28.58,40.68,26.18,22.61,84.8,70.57,56.08,96.4,0.0,158.6,240.0
12-02-2019 17:30,9897,13.42,112.0,20.68,11.49,1.738,28.39,40.79,26.23,22.65,86.1,67.91,54.08,96.2,0.0,90.4,94.7
12-02-2019 18:00,9898,13.42,60.34,10.14,7.82,1.459,28.19,40.46,26.07,22.82,86.6,65.42,52.1,96.4,0.0,54.1,56.02
12-02-2019 18:30,9899,12.73,10.44,1.734,1.151,0.845,27.87,40.06,25.93,22.92,89.6,61.72,49.1,96.4,0.0,12.08,13.01
12-02-2019 19:00,9900,12.72,0.006,-0.05,-0.129,0.811,27.26,39.63,25.68,22.9,93.4,55.94,44.48,96.6,0.0,2.528,3.416
12-02-2019 19:30,9901,12.68,-0.04,-0.089,-0.132,1.637,27.56,39.48,25.53,22.69,95.8,53.49,42.52,96.4,0.0,2.537,3.024
12-02-2019 20:00,9902,12.63,-0.024,-0.119,-0.118,1.795,31.28,39.19,25.36,22.69,100.4,51.78,41.2,96.6,0.0,1.712,2.364
12-02-2019 20:30,9903,12.64,-0.011,-0.127,-0.113,1.669,32.6,35.82,25.18,22.61,102.9,49.58,39.39,96.6,0.0,1.287,2.092
12-02-2019 21:00,9904,12.63,-0.013,-0.154,-0.1,1.611,29.23,30.6,25.1,22.52,99.4,47.01,37.34,96.6,0.0,1.565,2.196
12-02-2019 21:30,9905,12.61,-0.003,-0.176,-0.096,1.535,27.54,29.13,24.98,22.39,97,45.86,36.37,96.7,0.0,1.54,2.095
12-02-2019 22:00,9906,12.6,-0.035,-0.199,-0.078,1.512,27.32,29.15,24.88,22.38,94.3,45.67,36.17,96.8,0.0,1.204,1.668
12-02-2019 22:30,9907,12.57,-0.041,-0.209,-0.079,1.424,27.19,30.33,24.78,22.34,94.4,46.02,36.41,96.8,0.0,1.838,2.483
12-02-2019 23:00,9908,12.57,-0.041,-0.238,-0.076,1.369,27.53,30.69,24.72,22.24,95.1,46.33,36.68,96.7,0.0,1.662,2.34
12-02-2019 23:30,9909,12.56,-0.036,-0.271,-0.078,1.257,27.89,30.19,24.69,22.21,97.3,46.14,36.52,96.8,0.0,1.892,2.501
13-02-2019 00:00,9910,12.56,-0.038,-0.288,-0.064,1.203,28.08,29.91,24.66,22.21,97.5,45.88,36.39,96.8,0.0,1.317,1.818
13-02-2019 00:30,9911,12.54,-0.043,-0.32,-0.057,1.253,28.31,29.89,24.74,22.21,95.3,46.35,36.7,96.7,0.0,1.66,2.168
13-02-2019 01:00,9912,12.53,-0.041,-0.332,-0.062,1.231,28.04,29.81,24.75,21.98,96.4,46.76,36.99,96.5,0.0,1.696,2.471
13-02-2019 01:30,9913,12.5,-0.034,-0.343,-0.039,1.174,27.6,29.77,24.75,22.09,98.1,46.18,36.57,96.6,0.0,2.341,3.337
13-02-2019 02:00,9914,12.5,-0.016,-0.338,-0.036,1.135,26.53,29.67,24.65,21.73,97.9,45.55,36.13,96.4,0.0,1.845,2.674
13-02-2019 02:30,9915,12.48,-0.008,-0.353,-0.04,1.093,26.03,29.6,24.55,21.79,97.7,45.06,35.71,96.4,0.0,1.644,2.441
13-02-2019 03:00,9916,12.45,-0.011,-0.352,-0.033,1.018,25.84,29.37,24.43,21.68,97.8,44.35,35.18,96.7,0.0,1.469,2.553
13-02-2019 03:30,9917,12.44,0.001,-0.365,-0.036,0.966,25.78,28.7,24.35,21.71,97.7,44.03,34.92,96.6,0.0,1.74,2.456
13-02-2019 04:00,9918,12.41,0.006,-0.362,-0.029,0.939,25.73,30.2,24.23,21.69,97.4,45.15,35.81,96.6,0.0,1.825,2.416
13-02-2019 04:30,9919,12.41,0.008,-0.378,-0.029,0.93,25.47,37.09,24.15,21.62,97.5,47.95,38.04,96.8,0.0,1.918,2.582
13-02-2019 05:00,9920,12.41,0.017,-0.391,-0.032,0.915,25.34,34.99,24.1,21.55,97.8,47.18,37.45,96.7,0.0,1.415,2.024
13-02-2019 05:30,9921,12.39,0.018,-0.408,-0.032,0.873,25.24,34.84,24.02,21.5,97.9,47.21,37.42,96.8,0.0,1.94,2.612
13-02-2019 06:00,9922,12.37,0.076,-0.419,-0.021,0.886,25.16,36.19,23.91,21.28,98,47.5,37.65,96.8,0.0,1.554,2.133
13-02-2019 06:30,9923,12.37,11.74,1.505,1.362,0.966,25.27,35.48,23.95,21.31,98.1,47.33,37.5,96.8,0.0,11.68,12.58
13-02-2019 07:00,9924,12.5,82.5,11.19,7.714,1.792,25.48,34.29,24.07,21.39,97.9,47.27,37.33,96.8,0.0,60.98,71.18
13-02-2019 07:30,9925,13.17,140.6,21.63,15.29,2.682,26.27,34.39,24.25,21.47,96.4,48.4,38.14,96.7,0.0,114.0,121.8
13-02-2019 08:00,9926,13.47,297.3,35.74,31.78,3.597,27.39,35.1,24.61,21.63,94.5,50.03,39.38,96.7,0.0,175.0,243.6
13-02-2019 08:30,9927,13.98,408.4,55.18,40.36,4.815,31.23,35.81,25.29,21.96,86.5,62.75,49.6,96.6,0.0,238.5,327.0
13-02-2019 09:00,9928,14.01,350.9,54.29,50.28,6.788,29.75,36.81,26.19,22.5,86.4,65.08,51.32,96.5,0.0,280.8,298.6
13-02-2019 09:30,9929,13.98,289.5,45.74,45.59,6.93,29.35,37.53,26.74,23.03,87.8,65.78,52.0,96.2,0.254,236.5,249.3
13-02-2019 10:00,9930,13.39,226.4,37.84,32.74,6.556,28.63,36.75,26.35,23.24,91.6,59.87,47.36,96.7,2.794,180.0,192.1
13-02-2019 10:30,9931,13.41,747.4,136.6,96.3,14.35,30.01,37.47,26.6,23.39,87.4,64.19,50.55,96.8,0.0,468.9,600.6
13-02-2019 11:00,9932,13.42,873.0,110.3,111.3,16.52,31.53,37.95,27.28,23.94,80.3,71.24,56.0,96.8,0.0,554.5,711.3
13-02-2019 11:30,9933,13.42,544.2,70.15,74.14,11.99,30.22,38.7,27.59,24.11,80.3,70.4,55.68,95.6,0.0,379.1,452.4
13-02-2019 12:00,9934,13.42,410.4,58.22,72.11,11.89,28.72,36.86,25.99,23.46,91.9,65.49,52.62,95.1,0.0,286.3,323.0
13-02-2019 12:30,9935,13.43,403.6,56.81,68.84,12.57,28.28,36.79,25.91,23.3,93.8,64.83,51.89,96.3,0.0,289.8,325.8
13-02-2019 13:00,9936,13.42,86.0,14.24,14.01,3.2,27.43,36.01,25.39,23.19,96,58.04,46.42,96.8,10.67,57.47,60.05
13-02-2019 13:30,9937,13.23,65.49,11.95,10.88,2.752,30.46,35.5,25.08,22.94,100.4,51.16,40.77,97.2,7.62,37.79,39.4
13-02-2019 14:00,9938,12.93,35.02,5.935,5.698,1.756,28.7,35.13,24.7,22.6,99.6,48.73,38.75,97.2,11.94,19.85,21.24
13-02-2019 14:30,9939,12.89,43.23,7.185,7.262,2.061,27.11,34.7,24.5,22.47,98.8,47.59,37.73,97.2,2.032,23.55,24.86
13-02-2019 15:00,9940,12.88,33.21,5.847,5.448,1.673,26.61,34.05,24.32,22.23,98.3,45.58,36.1,97.2,13.72,18.44,20.32
13-02-2019 15:30,9941,12.8,25.21,4.954,4.055,1.403,25.67,31.6,23.79,21.25,98.1,41.75,32.97,97.3,12.95,15.37,16.42
13-02-2019 16:00,9942,12.82,26.86,5.085,4.515,1.834,25.26,30.24,23.76,21.09,98.1,41.0,32.34,97.3,2.032,15.98,17.08
13-02-2019 16:30,9943,12.87,27.39,5.142,4.285,1.434,24.92,30.08,23.62,21.0,97.6,40.59,31.99,97.3,2.794,18.91,20.15
13-02-2019 17:00,9944,12.91,36.11,6.37,5.416,1.582,24.74,29.93,23.58,20.79,97.5,40.32,31.76,97.3,2.54,26.82,28.52
13-02-2019 17:30,9945,13.85,59.04,11.23,10.28,2.463,24.75,29.76,23.66,20.83,97.8,40.44,31.82,97.3,0.0,49.49,51.46
13-02-2019 18:00,9946,13.0,33.14,6.533,5.449,1.406,24.78,29.78,23.72,20.92,98,40.19,31.55,97.3,0.254,30.23,31.58
13-02-2019 18:30,9947,12.69,4.027,0.042,0.617,0.559,24.79,29.75,23.65,20.86,97.9,39.96,31.42,97.3,0.0,5.155,6.088
13-02-2019 19:00,9948,12.64,0.109,-0.76,-0.05,0.303,24.73,29.57,23.58,20.81,98.1,39.85,31.35,97.3,0.0,1.724,2.307
13-02-2019 19:30,9949,12.63,0.088,-0.753,-0.053,0.306,24.6,29.59,23.55,20.79,98.2,39.72,31.26,97.3,0.0,1.641,2.361
13-02-2019 20:00,9950,12.62,0.092,-0.749,-0.055,0.39,24.46,29.57,23.52,20.76,98.1,39.48,31.11,97.3,0.0,1.588,2.381
13-02-2019 20:30,9951,12.61,0.096,-0.747,-0.052,0.363,24.31,29.56,23.49,20.75,97.8,39.65,31.2,97.3,0.0,1.833,2.592
13-02-2019 21:00,9952,12.59,0.094,-0.751,-0.052,0.318,24.16,29.35,23.42,20.71,97.5,39.47,31.09,97.3,0.0,1.562,2.536
13-02-2019 21:30,9953,12.57,0.1,-0.753,-0.049,0.318,24.08,29.15,23.39,20.66,97.6,39.33,30.99,97.3,0.0,1.679,2.409
13-02-2019 22:00,9954,12.56,0.094,-0.766,-0.052,0.38,24,29.0,23.36,20.62,97.7,39.42,30.99,97.3,0.0,1.775,2.509
13-02-2019 22:30,9955,12.53,0.096,-0.762,-0.048,0.403,23.93,27.99,23.22,18.82,97.7,39.04,30.73,97.3,0.0,1.684,2.468
13-02-2019 23:00,9956,12.53,0.096,-0.765,-0.053,0.397,23.87,26.76,23.18,17.94,97.8,38.1,30.02,97.4,0.0,1.946,2.719
13-02-2019 23:30,9957,12.52,0.106,-0.761,-0.054,0.428,23.83,26.81,23.09,13.68,97.7,37.91,29.87,97.4,0.0,1.631,2.392
14-02-2019 00:00,9958,12.53,0.106,-0.748,-0.046,0.331,23.86,26.81,23.06,5.837,97.8,37.57,29.55,97.4,0.0,1.527,2.411
14-02-2019 00:30,9959,12.48,0.11,-0.757,-0.048,0.208,23.94,26.85,23.05,8.86,97.8,37.64,29.64,97.4,0.0,1.544,2.128
14-02-2019 01:00,9960,12.48,0.111,-0.755,-0.046,0.339,23.93,26.87,23.1,9.34,97.8,37.5,29.49,97.4,0.0,2.0,2.569
14-02-2019 01:30,9961,12.46,0.121,-0.756,-0.04,0.273,23.88,26.74,23.11,9.56,97.7,37.47,29.46,97.4,0.0,1.439,2.245
14-02-2019 02:00,9962,12.45,0.116,-0.76,-0.039,0.244,23.91,26.87,23.12,9.55,97.7,37.62,29.52,97.4,0.0,1.95,2.63
14-02-2019 02:30,9963,12.41,0.124,-0.763,-0.045,0.248,23.89,26.87,23.18,9.27,97.7,37.62,29.52,97.4,0.0,1.777,2.469
14-02-2019 03:00,9964,12.41,0.123,-0.775,-0.038,0.254,23.89,26.93,23.2,8.82,97.8,37.8,29.68,97.4,0.0,1.655,2.494
14-02-2019 03:30,9965,12.41,0.119,-0.779,-0.038,0.272,23.84,26.86,23.16,8.95,97.8,37.9,29.78,97.4,0.0,1.669,2.319
14-02-2019 04:00,9966,12.41,0.125,-0.77,-0.049,0.211,23.81,26.76,23.1,9.03,97.8,37.63,29.66,97.4,0.0,1.713,2.505
14-02-2019 04:30,9967,12.39,0.122,-0.758,-0.048,0.203,23.82,26.82,23.07,9.02,97.8,37.52,29.53,97.4,0.0,1.48,2.304
14-02-2019 05:00,9968,12.35,0.123,-0.755,-0.049,0.168,23.78,26.8,23.04,9.41,97.8,37.55,29.52,97.4,0.0,1.75,2.489
14-02-2019 05:30,9969,12.34,0.125,-0.763,-0.051,0.207,23.81,26.77,22.99,9.44,97.8,37.73,29.66,97.2,0.0,1.646,2.48
14-02-2019 06:00,9970,12.33,0.156,-0.751,-0.046,0.225,23.78,26.73,22.99,9.43,97.8,37.64,29.57,97.4,0.0,1.7,2.543
14-02-2019 06:30,9971,12.31,5.266,0.137,0.788,0.608,23.79,26.77,23.0,9.69,97.8,37.62,29.58,97.4,0.0,4.75,6.022
14-02-2019 07:00,9972,12.36,28.06,4.701,4.709,1.256,23.86,26.85,23.09,9.6,97.8,37.55,29.51,97.4,0.0,24.9,26.42
14-02-2019 07:30,9973,12.58,83.7,13.89,12.98,2.305,24.08,27.13,23.25,9.26,97.8,37.66,29.5,97.4,0.0,70.16,73.94
14-02-2019 08:00,9974,13.27,180.8,31.83,26.85,4.03,24.68,27.67,23.67,9.92,97.7,38.21,29.71,97.3,0.0,151.8,160.1
14-02-2019 08:30,9975,13.68,248.0,46.21,38.32,5.512,25.72,28.38,24.21,9.85,97.4,39.38,30.43,97.3,0.0,203.1,213.5
14-02-2019 09:00,9976,13.27,159.2,29.12,25.94,4.423,26.11,28.31,24.44,10.74,95.3,44.9,35.4,97.3,0.508,127.9,133.8
14-02-2019 09:30,9977,13.39,290.1,53.7,41.83,7.851,25.43,27.68,23.85,12.26,94.1,49.38,39.27,97.4,1.524,227.0,237.1
14-02-2019 10:00,9978,13.46,440.3,75.72,69.62,13.37,25.66,28.0,24.12,12.86,94.6,50.1,39.79,97.4,0.508,346.1,360.9
14-02-2019 10:30,9979,13.43,493.5,81.7,72.04,10.57,26.49,28.5,24.57,13.17,90.7,53.9,42.52,97.4,0.0,387.9,401.0
14-02-2019 11:00,9980,13.41,748.8,117.8,107.1,12.76,29.52,29.28,25.06,14.28,86.5,60.18,47.49,97.3,0.0,523.2,622.2
14-02-2019 11:30,9981,13.43,723.3,104.6,117.2,11.24,35.49,29.91,25.61,8.56,88.9,63.23,50.18,97.4,0.0,525.2,603.8
14-02-2019 12:00,9982,13.42,583.0,83.5,100.3,8.2,32.36,29.98,25.66,6.457,86.5,63.75,50.72,96.6,0.0,463.7,500.6
14-02-2019 12:30,9983,13.42,871.0,98.6,126.0,12.52,31.6,30.36,25.94,6.348,82.8,64.85,51.65,96.4,0.0,515.6,721.7
14-02-2019 13:00,9984,13.43,678.8,89.3,118.7,9.96,30.43,31.04,26.79,4.869,78.55,66.19,52.81,94.2,0.0,491.7,567.0
14-02-2019 13:30,9985,13.42,570.4,81.7,95.0,8.39,29.18,30.33,26.25,4.243,81,65.41,52.27,94.2,0.0,466.1,488.4
14-02-2019 14:00,9986,13.41,784.7,92.6,167.1,15.09,29.92,30.93,26.54,1.902,79.08,69.01,55.06,93.2,0.0,554.7,654.1
14-02-2019 14:30,9987,13.4,903.0,100.1,190.2,13.52,29.98,31.93,27.35,16.48,76.17,70.52,56.16,91.2,0.0,532.4,736.2
14-02-2019 15:00,9988,13.42,926.0,145.7,129.4,13.42,29.48,32.38,27.43,22.34,75,70.54,56.2,90.8,0.0,476.6,749.3
14-02-2019 15:30,9989,13.41,563.3,73.71,76.75,8.14,29.67,34.47,27.56,22.56,75.53,71.41,57.11,89.4,0.0,400.5,480.0
14-02-2019 16:00,9990,13.41,254.0,39.13,38.16,5.216,28.46,33.36,26.71,21.82,78.59,68.01,54.34,90.5,0.0,210.9,217.3
14-02-2019 16:30,9991,13.39,255.0,40.73,37.03,4.654,27.8,32.88,26.22,21.55,81.7,66.89,53.42,91.2,0.0,195.9,211.0
14-02-2019 17:00,9992,13.42,364.1,45.36,34.83,5.481,28.28,33.29,26.3,21.13,80.4,69.23,55.21,91.3,0.0,192.5,278.6
14-02-2019 17:30,9993,13.42,144.6,21.99,19.87,3.085,27.84,32.86,26.19,21.02,81.7,67.02,53.39,91.4,0.0,120.5,131.0
14-02-2019 18:00,9994,13.42,83.2,14.17,9.98,1.759,27.99,32.58,25.83,20.52,84.3,64.7,51.65,90.8,0.0,70.28,73.32
14-02-2019 18:30,9995,12.73,15.0,2.433,1.768,0.904,28.24,32.2,25.49,19.65,86.3,62.21,49.61,90.5,0.0,15.92,17.06
14-02-2019 19:00,9996,12.68,0.005,0.131,-0.098,0.436,27.3,31.58,25.07,19.47,89.5,59.15,47.2,90.6,0.0,2.633,3.417
14-02-2019 19:30,9997,12.66,-0.053,0.114,-0.104,0.258,27.31,31.22,24.79,19.54,93,57.58,45.91,92.3,0.0,1.72,2.287
14-02-2019 20:00,9998,12.64,-0.054,0.094,-0.096,0.28,26.6,31.08,24.77,19.76,91.5,56.97,45.4,92.9,0.0,1.341,2.137
14-02-2019 20:30,9999,12.61,-0.051,0.069,-0.098,0.743,26.45,30.96,24.66,19.55,90.5,56.67,45.14,92.9,0.0,1.846,2.777
14-02-2019 21:00,10000,12.61,-0.048,0.026,-0.115,0.477,26.14,30.75,24.37,19.53,95.2,55.18,43.96,93.0,0.0,2.445,3.271
14-02-2019 21:30,10001,12.6,-0.046,0.008,-0.115,0.736,25.79,30.51,24.26,19.28,93.1,54.41,43.35,93.4,0.0,1.24,1.876
14-02-2019 22:00,10002,12.55,-0.051,-0.03,-0.104,0.801,25.72,30.13,24.19,19.04,93.2,53.95,42.93,93.3,0.0,2.077,2.951
14-02-2019 22:30,10003,12.55,-0.043,-0.053,-0.108,0.812,25.59,29.94,24.08,18.69,94.2,53.35,42.44,92.8,0.0,1.882,2.573
14-02-2019 23:00,10004,12.57,-0.031,-0.085,-0.102,1.158,25.37,29.7,23.99,18.06,95.1,52.81,42.02,92.4,0.0,1.754,2.457
14-02-2019 23:30,10005,12.54,-0.034,-0.108,-0.097,1.055,25.59,29.5,23.92,17.52,95.5,51.99,41.36,92.1,0.0,1.893,2.674
15-02-2019 00:00,10006,12.54,-0.034,-0.131,-0.098,0.991,25.48,29.25,23.83,17.51,95,51.17,40.69,92.0,0.0,1.706,2.48
15-02-2019 00:30,10007,12.51,-0.03,-0.143,-0.094,1.194,25.15,29.06,23.74,17.48,95.7,50.59,40.22,92.2,0.0,1.445,2.342
15-02-2019 01:00,10008,12.52,-0.021,-0.167,-0.081,1.065,25,29.0,23.73,17.44,95.7,49.06,39.01,92.5,0.0,1.492,2.297
15-02-2019 01:30,10009,12.48,-0.022,-0.197,-0.083,1.06,24.75,28.57,23.71,17.51,96.4,48.72,38.67,92.7,0.0,1.711,2.664
15-02-2019 02:00,10010,12.47,-0.014,-0.203,-0.08,0.999,24.63,28.43,23.65,17.54,97.3,48.43,38.53,92.7,0.0,1.907,2.324
15-02-2019 02:30,10011,12.48,-0.011,-0.229,-0.07,1.104,24.48,28.52,23.65,17.81,97.1,48.45,38.57,93.1,0.0,1.65,2.097
15-02-2019 03:00,10012,12.46,-0.012,-0.248,-0.067,1.168,24.43,28.61,23.68,18.03,96.8,49.02,39.0,93.4,0.0,2.19,2.309
15-02-2019 03:30,10013,12.45,-0.008,-0.267,-0.073,1.355,24.27,28.47,23.63,18.03,96.9,48.71,38.8,93.0,0.0,1.701,2.626
15-02-2019 04:00,10014,12.44,0.009,-0.276,-0.075,1.159,24.24,28.47,23.53,18.23,96.8,48.32,38.44,93.4,0.0,1.614,2.276
15-02-2019 04:30,10015,12.44,0.007,-0.294,-0.066,0.928,24.29,28.46,23.56,18.56,96.2,47.85,38.0,93.7,0.0,1.639,2.379
15-02-2019 05:00,10016,12.41,0.01,-0.302,-0.059,0.974,24.22,28.47,23.6,18.54,96.3,47.65,37.88,93.9,0.0,1.798,2.711
15-02-2019 05:30,10017,12.41,0.008,-0.315,-0.049,0.912,24.04,28.44,23.53,18.57,96.8,47.54,37.85,94.1,0.0,1.946,2.614
15-02-2019 06:00,10018,12.41,0.024,-0.307,-0.033,0.914,24.15,28.46,23.52,18.46,96.9,47.29,37.61,94.4,0.0,1.37,1.833
15-02-2019 06:30,10019,12.38,2.341,0.04,0.342,1.084,23.94,28.44,23.52,18.26,95.8,49.66,39.6,94.2,2.032,3.864,4.562
15-02-2019 07:00,10020,12.48,9.4,1.201,1.517,1.343,23.6,29.65,23.25,17.74,96.5,49.97,39.83,94.0,0.0,7.437,8.52
15-02-2019 07:30,10021,12.5,38.53,6.227,6.697,2.188,23.57,30.3,23.15,16.68,96.5,50.07,39.97,93.8,0.0,31.08,32.66
15-02-2019 08:00,10022,13.02,115.5,19.4,19.14,4.365,23.63,30.17,23.25,16.66,96.1,51.16,40.73,94.1,0.254,94.5,98.1
15-02-2019 08:30,10023,13.36,188.7,32.26,30.02,6.02,23.84,30.21,23.35,17.06,95.6,52.61,41.83,94.4,0.0,153.9,161.1
15-02-2019 09:00,10024,13.79,227.7,35.98,36.08,6.67,24.13,30.51,23.56,17.21,94.4,54.94,43.55,94.4,0.0,181.8,189.5
15-02-2019 09:30,10025,14.05,362.9,57.17,56.83,8.29,24.87,31.02,23.95,17.5,92.4,58.07,45.7,94.4,0.0,294.0,303.9
15-02-2019 10:00,10026,14.04,441.8,66.8,65.55,7.8,25.74,31.58,24.35,17.31,89.6,61.56,48.58,94.1,0.0,367.2,381.0
15-02-2019 10:30,10027,14.0,912.0,249.4,110.2,10.43,28.74,33.18,25.59,18.35,84.4,67.9,53.77,94.0,0.0,567.5,765.6
15-02-2019 11:00,10028,13.4,834.0,108.6,112.9,8.77,29.27,33.86,26.71,18.83,79.6,68.31,54.4,93.7,0.0,534.8,709.4
15-02-2019 11:30,10029,13.38,990.0,101.7,123.3,10.4,29.46,33.99,27.27,19.43,78.07,69.4,55.44,91.3,0.0,538.6,825.0
15-02-2019 12:00,10030,13.39,867.0,90.8,154.8,11.96,30.22,35.31,27.63,21.23,75.99,70.93,56.61,92.2,0.0,548.8,739.2
15-02-2019 12:30,10031,13.38,636.9,73.7,103.0,12.01,30.42,35.71,27.72,21.47,75.85,70.77,56.46,91.4,0.0,477.5,565.4
15-02-2019 13:00,10032,13.43,784.5,66.34,261.0,13.05,30.09,36.89,27.95,21.53,74.07,71.86,57.26,89.6,0.0,378.2,697.2
15-02-2019 13:30,10033,13.38,797.9,70.55,375.9,13.81,30.24,40.74,28.67,9.38,71.84,74.52,59.31,85.2,0.0,400.0,658.0
15-02-2019 14:00,10034,13.38,491.0,60.74,113.5,8.93,29.61,38.87,28.33,16.21,73.42,72.56,57.71,88.1,0.0,328.9,419.8
15-02-2019 14:30,10035,13.38,587.1,73.64,110.3,8.81,29.61,39.0,28.28,16.23,76.73,73.86,58.61,90.6,0.0,339.9,488.9
15-02-2019 15:00,10036,13.41,515.2,86.9,76.54,8.51,29.48,38.88,28.32,16.19,77.71,73.63,58.37,90.3,0.0,305.4,420.5
15-02-2019 15:30,10037,13.41,339.9,51.38,47.31,5.869,30.07,38.95,28.49,18.97,73.92,73.78,58.23,91.5,0.0,246.1,293.1
15-02-2019 16:00,10038,13.4,621.6,124.4,217.7,4.492,30.14,39.09,28.44,20.66,70.85,74.49,58.89,91.6,0.0,209.5,472.4
15-02-2019 16:30,10039,13.4,504.1,306.9,46.9,2.173,30.24,39.35,28.56,20.85,67.82,75.95,60.26,90.4,0.0,149.8,383.7
15-02-2019 17:00,10040,13.4,359.5,36.89,18.51,2.174,30.18,38.22,28.24,20.19,67.13,75.27,59.82,90.3,0.0,123.5,277.3
15-02-2019 17:30,10041,13.38,164.5,20.28,13.03,0.919,29.67,37.51,27.91,20.24,69.39,73.04,58.19,89.3,0.0,91.7,125.0
15-02-2019 18:00,10042,13.24,78.4,10.71,6.836,0.524,28.99,36.66,27.34,20.18,72.19,70.28,55.94,89.2,0.0,55.8,63.24
15-02-2019 18:30,10043,12.68,11.27,1.846,1.063,0.115,28.99,35.76,26.73,19.91,74.16,66.5,52.92,90.1,0.0,12.52,13.49
15-02-2019 19:00,10044,12.63,0.001,0.136,-0.08,0.079,28.32,34.4,26.04,19.07,76.59,63.78,50.8,88.5,0.0,2.098,3.069
15-02-2019 19:30,10045,12.64,-0.058,0.138,-0.085,-0.028,28.12,34.63,25.63,19.2,77.99,62.92,50.15,91.7,0.0,1.785,2.5
15-02-2019 20:00,10046,12.63,-0.053,0.141,-0.076,0.053,27.86,34.53,25.48,20.37,78.44,62.51,49.79,92.3,0.0,1.89,2.574
15-02-2019 20:30,10047,12.59,-0.063,0.136,-0.071,0.017,27.55,33.97,25.2,20.6,79.81,61.68,49.17,92.1,0.0,1.952,2.545
15-02-2019 21:00,10048,12.59,-0.06,0.138,-0.076,0.012,26.73,33.35,24.86,21.21,81.7,60.14,47.99,90.2,0.0,2.248,2.715
15-02-2019 21:30,10049,12.56,-0.054,0.137,-0.075,-0.037,26.36,34.85,24.57,21.16,85.4,59.93,47.85,90.5,0.0,2.041,2.936
15-02-2019 22:00,10050,12.55,-0.056,0.135,-0.078,1.059,26.24,35.78,24.4,21.13,87.1,59.64,47.59,92.0,0.0,1.661,2.479
15-02-2019 22:30,10051,12.53,-0.056,0.128,-0.077,0.95,26.28,35.66,24.23,20.98,89.2,58.88,47.02,92.7,0.0,2.026,2.822
15-02-2019 23:00,10052,12.53,-0.052,0.126,-0.075,0.717,26.17,35.98,24.11,20.73,90,58.38,46.58,93.1,0.0,1.447,2.169
15-02-2019 23:30,10053,12.5,-0.052,0.109,-0.081,0.829,26.08,36.8,24.0,20.32,89.7,58.15,46.41,92.8,0.0,1.673,2.31
16-02-2019 00:00,10054,12.49,-0.048,0.09,-0.082,0.869,26.1,35.51,23.89,19.94,90.1,57.25,45.69,93.0,0.0,1.809,2.337
16-02-2019 00:30,10055,12.49,-0.052,0.083,-0.08,0.985,25.98,35.75,23.81,19.81,90.9,56.94,45.47,93.1,0.0,2.071,2.719
16-02-2019 01:00,10056,12.47,-0.04,0.063,-0.085,1.461,25.75,32.81,23.69,19.7,92,54.7,43.65,93.3,0.0,1.964,2.819
16-02-2019 01:30,10057,12.46,-0.046,0.056,-0.085,2.081,25.31,30.82,23.52,19.64,92.4,53.28,42.55,93.3,0.0,1.574,2.313
16-02-2019 02:00,10058,12.44,-0.05,0.041,-0.083,1.539,25.44,29.44,23.41,19.71,91.8,52.04,41.58,93.7,0.0,1.599,2.085
16-02-2019 02:30,10059,12.42,-0.052,0.024,-0.077,1.108,25.25,29.03,23.33,19.68,92.7,51.31,40.93,94.4,0.0,1.337,2.022
16-02-2019 03:00,10060,12.42,-0.047,0.005,-0.074,0.934,25.13,28.73,23.36,19.7,92.8,51.02,40.69,94.6,0.0,2.01,2.738
16-02-2019 03:30,10061,12.41,-0.048,-0.004,-0.091,1.111,25.08,28.73,23.37,19.4,91.7,51.33,41.01,94.1,0.0,1.707,2.366
16-02-2019 04:00,10062,12.37,-0.048,-0.011,-0.091,1.052,24.96,28.59,23.33,19.28,91.9,51.23,40.87,94.1,0.0,1.494,2.123
16-02-2019 04:30,10063,12.37,-0.046,-0.017,-0.085,0.938,25,28.65,23.29,19.41,91.7,51.9,41.41,94.4,0.0,1.642,2.434
16-02-2019 05:00,10064,12.36,-0.047,-0.038,-0.08,0.753,24.8,28.49,23.28,19.36,92.6,50.94,40.64,94.6,0.0,1.629,2.406
16-02-2019 05:30,10065,12.33,-0.04,-0.042,-0.082,0.986,24.69,28.52,23.28,19.33,93.3,51.65,41.2,94.5,0.0,1.936,2.716
16-02-2019 06:00,10066,12.33,0.035,-0.043,-0.068,0.867,24.49,28.58,23.31,19.33,94,51.86,41.42,94.5,0.0,1.728,2.367
16-02-2019 06:30,10067,12.34,5.176,0.71,0.763,1.108,24.39,28.58,23.34,19.15,94.2,51.71,41.29,94.4,0.0,5.55,6.308
16-02-2019 07:00,10068,12.39,27.97,4.074,4.61,1.517,24.48,28.63,23.43,19.34,94,51.54,41.14,94.2,0.0,24.3,25.94
16-02-2019 07:30,10069,12.6,54.22,7.849,8.86,2.224,24.71,28.9,23.59,19.43,93.4,52.81,42.05,94.4,0.0,45.08,46.89
16-02-2019 08:00,10070,12.96,91.6,13.95,14.85,2.947,24.85,29.14,23.75,18.55,93.2,53.95,42.98,93.7,0.0,75.55,78.94
16-02-2019 08:30,10071,13.23,164.1,23.48,27.57,4.448,25.34,29.57,23.99,18.84,91.5,56.82,45.23,93.8,0.0,134.9,141.4
16-02-2019 09:00,10072,13.59,266.3,37.79,42.17,6.57,25.97,30.25,24.58,19.33,90.2,60.77,48.32,93.7,0.0,222.1,232.0
16-02-2019 09:30,10073,14.05,410.5,58.18,58.3,7.697,29.57,31.18,25.49,19.85,89.8,65.27,51.76,93.1,0.0,350.0,363.0
16-02-2019 10:00,10074,14.01,868.0,114.4,147.3,10.22,30.39,32.53,26.78,20.52,82.3,71.38,56.49,91.7,0.0,488.2,726.9
16-02-2019 10:30,10075,14.05,942.0,123.2,94.4,11.06,31.51,36.23,28.28,21.76,75.76,74.58,59.34,88.7,0.0,523.2,795.6
16-02-2019 11:00,10076,13.38,917.0,103.6,155.0,11.77,31.05,41.47,28.74,21.91,73.5,76.28,60.89,86.1,0.0,530.6,782.8
16-02-2019 11:30,10077,13.37,877.0,109.1,120.2,12.55,30.78,40.74,28.88,22.13,72.47,75.63,60.27,87.1,0.0,496.3,737.8
16-02-2019 12:00,10078,13.38,1015.0,82.5,215.1,20.4,30.6,42.71,29.16,22.38,69.03,77.1,61.48,84.7,0.0,440.4,837.0
16-02-2019 12:30,10079,13.39,1014.0,89.0,155.9,26.48,30.78,36.33,29.9,23.3,63.01,74.96,59.98,82.5,0.0,551.2,865.0
16-02-2019 13:00,10080,13.38,856.0,93.7,186.5,26.75,30.99,35.32,29.74,23.22,62.18,75.26,60.28,82.5,0.0,605.0,741.8
16-02-2019 13:30,10081,13.39,979.0,97.3,359.2,24.35,31.29,36.0,29.92,23.46,61.28,76.16,60.92,84.1,0.0,601.0,839.0
16-02-2019 14:00,10082,13.38,852.0,81.1,155.3,15.67,31.17,38.09,30.27,24.12,59.99,77.01,61.66,78.43,0.0,478.3,712.1
16-02-2019 14:30,10083,13.38,917.0,97.4,197.2,10.72,31.16,39.33,30.07,23.95,60.9,77.62,62.24,80.3,0.0,319.3,720.9
16-02-2019 15:00,10084,13.37,682.4,197.2,101.4,8.16,31.29,41.64,30.03,24.04,60.3,78.76,63.11,82.6,0.0,293.3,545.6
16-02-2019 15:30,10085,13.34,697.4,59.15,63.76,6.483,31.31,39.19,29.99,24.06,59.13,77.77,62.37,82.4,0.0,240.7,552.0
16-02-2019 16:00,10086,13.37,685.6,79.0,173.7,3.12,31.47,32.93,29.97,24.02,59.91,75.29,60.39,84.0,0.0,201.9,525.0
16-02-2019 16:30,10087,13.38,341.7,85.3,25.76,2.316,30.86,32.18,29.61,24.01,60.85,73.97,59.38,85.7,0.0,151.4,274.5
16-02-2019 17:00,10088,13.38,344.0,31.57,19.45,3.298,31.09,32.18,29.32,23.66,59.41,74.61,59.92,84.3,0.0,121.0,267.7
16-02-2019 17:30,10089,13.36,193.4,20.38,12.29,0.571,30.83,31.54,29.19,23.67,60.34,73.48,58.89,83.1,0.0,87.9,146.8
16-02-2019 18:00,10090,12.92,74.27,9.36,6.173,0.751,30.15,30.58,28.76,23.55,63.17,70.82,56.71,81.9,0.0,50.49,60.21
16-02-2019 18:30,10091,12.66,11.87,1.87,1.199,-0.255,29.23,29.45,28.1,23.21,67.71,67.07,53.66,84.2,0.0,13.3,14.19
16-02-2019 19:00,10092,12.63,0.003,0.1,-0.069,-0.458,28.6,28.56,27.4,22.98,70.12,65.14,52.13,89.0,0.0,2.785,3.395
16-02-2019 19:30,10093,12.61,-0.059,0.095,-0.071,0.017,28.19,28.29,26.73,22.69,72.43,64.07,51.31,87.4,0.0,1.963,2.705
16-02-2019 20:00,10094,12.59,-0.056,0.104,-0.059,-0.813,27.76,27.73,26.19,22.58,74.55,63.17,50.61,89.9,0.0,2.087,2.775
16-02-2019 20:30,10095,12.56,-0.054,0.114,-0.062,-0.348,27.36,27.59,25.9,22.52,76.15,62.34,49.99,88.4,0.0,2.183,2.506
16-02-2019 21:00,10096,12.55,-0.062,0.09,-0.056,-0.559,27.03,27.96,25.57,22.44,77.67,61.83,49.65,91.5,0.0,1.836,2.593
16-02-2019 21:30,10097,12.55,-0.06,0.071,-0.058,-0.515,26.76,28.74,25.3,22.28,78.49,61.71,49.6,91.0,0.0,1.953,2.771
16-02-2019 22:00,10098,12.53,-0.063,0.079,-0.058,-0.459,26.59,28.56,25.13,22.06,78.73,61.31,49.27,90.3,0.0,1.713,2.311
16-02-2019 22:30,10099,12.49,-0.06,0.076,-0.057,-0.55,26.43,28.16,24.98,22.01,78.72,60.76,48.85,90.3,0.0,1.451,2.199
16-02-2019 23:00,10100,12.49,-0.059,0.072,-0.038,-0.398,26.61,28.11,24.88,21.92,77.64,60.91,48.99,90.4,0.0,1.356,1.933
16-02-2019 23:30,10101,12.49,-0.058,0.078,-0.041,-0.309,26.52,27.86,24.82,21.76,77.73,60.77,48.89,90.6,0.0,1.674,2.495
17-02-2019 00:00,10102,12.49,-0.073,0.071,-0.044,0.04,26.44,28.82,24.62,21.63,78.17,60.72,48.83,90.1,0.0,1.966,2.406
17-02-2019 00:30,10103,12.44,-0.066,0.069,-0.052,0.18,26.46,34.24,24.29,21.24,79.39,62.9,50.73,90.1,0.0,1.898,2.245
17-02-2019 01:00,10104,12.41,-0.062,0.063,-0.049,0.47,26.25,37.34,24.1,20.7,80.6,63.5,51.1,91.1,0.0,1.99,3.04
17-02-2019 01:30,10105,12.4,-0.056,0.069,-0.049,0.154,26.09,39.31,23.92,20.94,82.3,63.65,51.3,91.4,0.0,1.586,2.209
17-02-2019 02:00,10106,12.41,-0.06,0.072,-0.058,0.168,25.97,32.28,23.76,16.63,83.2,59.55,47.9,91.0,0.0,1.916,2.652
17-02-2019 02:30,10107,12.4,-0.054,0.053,-0.052,0.166,25.76,32.47,23.61,11.52,84.2,58.71,47.31,92.5,0.0,1.634,2.627
17-02-2019 03:00,10108,12.37,-0.052,0.081,-0.052,0.642,25.45,30.31,23.49,5.082,85.2,56.98,45.88,93.3,0.0,1.581,2.333
17-02-2019 03:30,10109,12.33,-0.057,0.072,-0.053,0.166,25.37,29.54,23.39,-6.351,86.9,55.96,45.06,93.5,0.0,1.782,2.583
17-02-2019 04:00,10110,12.31,-0.054,0.052,-0.056,0.182,25.69,29.77,23.29,5.819,88.2,55.18,44.47,93.5,0.0,1.732,2.327
17-02-2019 04:30,10111,12.31,-0.05,0.046,-0.07,0.466,25.53,33.76,23.11,20.02,90.7,56.73,45.75,93.3,0.0,1.927,2.829
17-02-2019 05:00,10112,12.34,-0.032,0.055,-0.063,0.933,25.24,29.19,22.93,19.42,91.1,53.9,43.39,93.3,0.0,1.706,2.382
17-02-2019 05:30,10113,12.37,-0.029,0.03,-0.051,0.137,25.42,27.62,22.83,19.86,91.6,52.23,42.06,94.1,0.0,2.076,2.559
17-02-2019 06:00,10114,12.37,0.055,0.048,-0.04,0.131,25.84,28.03,22.78,19.85,89.4,52.61,42.45,94.2,0.0,1.556,2.194
17-02-2019 06:30,10115,12.38,13.95,1.887,1.298,0.667,25.94,27.98,22.74,19.7,88.5,54.4,43.92,93.5,0.0,13.27,14.45
17-02-2019 07:00,10116,12.52,68.69,9.16,7.757,1.194,26.17,28.28,22.88,19.62,87.4,56.56,45.61,93.9,0.0,59.69,63.48
17-02-2019 07:30,10117,12.93,134.4,18.96,15.11,2.159,26.44,28.87,23.25,19.81,86.5,58.95,47.45,94.6,0.0,105.8,112.8
17-02-2019 08:00,10118,13.35,314.3,33.07,34.85,3.993,27.36,29.83,23.88,19.98,82.7,64.35,51.79,94.4,0.0,171.7,254.7
17-02-2019 08:30,10119,13.78,573.2,50.45,46.09,4.388,31.31,31.17,25.13,20.56,78.95,70.41,57.15,93.8,0.0,231.1,468.0
17-02-2019 09:00,10120,14.05,669.5,118.8,54.57,4.094,31.11,32.19,26.37,21.27,75.02,71.52,58.25,90.0,0.0,195.1,522.4
17-02-2019 09:30,10121,14.04,792.3,235.5,71.54,5.377,31.56,33.01,27.34,0.692,71.37,73.5,59.85,88.7,0.0,200.6,618.3
17-02-2019 10:00,10122,14.05,912.0,117.6,131.9,6.172,31.09,36.08,28.26,17.79,66.75,76.36,62.07,85.0,0.0,223.2,707.2
17-02-2019 10:30,10123,13.39,1030.0,464.5,59.83,6.223,31.48,36.26,28.94,22.93,62.39,75.61,61.48,82.5,0.0,243.9,798.6
17-02-2019 11:00,10124,13.42,1113.0,213.6,242.3,9.99,31.18,39.66,29.65,20.71,59.17,77.48,63.22,77.07,0.0,337.8,888.0
17-02-2019 11:30,10125,13.39,927.0,103.3,143.8,19.87,31.14,41.74,29.76,24.29,58.68,78.95,64.37,80.3,0.0,560.3,778.5
17-02-2019 12:00,10126,13.39,915.0,92.1,178.4,26.57,31.1,43.18,29.8,24.33,59.02,79.64,64.85,81.5,0.0,562.8,756.9
17-02-2019 12:30,10127,13.38,936.0,82.7,153.8,29.11,31.15,42.63,29.73,24.47,58.8,79.58,64.78,79.41,0.0,556.9,780.4
17-02-2019 13:00,10128,13.37,1082.0,90.5,269.6,31.38,31.53,40.24,30.34,25.1,57.26,78.76,64.3,78.63,0.0,514.1,890.0
17-02-2019 13:30,10129,13.39,841.0,85.7,347.0,22.75,31.44,41.03,30.32,25.32,56.41,79.05,64.55,76.4,0.0,485.4,689.6
17-02-2019 14:00,10130,13.38,614.9,67.66,109.4,14.32,31.16,40.55,29.88,25.01,59.58,78.7,64.22,78.18,0.0,427.9,510.7
17-02-2019 14:30,10131,13.38,765.8,69.44,165.3,12.91,31.43,40.8,29.9,24.66,58.45,79.23,64.57,81.0,0.0,371.8,596.7
17-02-2019 15:00,10132,13.39,484.6,74.1,73.92,9.09,31.37,40.99,29.77,24.51,59.78,79.06,64.38,82.3,0.0,305.1,405.9
17-02-2019 15:30,10133,13.38,821.0,77.83,97.2,10.41,31.05,40.37,29.48,24.44,60.38,78.77,64.12,84.2,0.0,354.1,646.9
17-02-2019 16:00,10134,13.38,712.8,55.07,160.9,5.18,31.73,37.23,30.07,24.8,58.19,77.87,63.43,78.73,0.0,235.6,541.5
17-02-2019 16:30,10135,13.38,547.8,165.7,44.89,5.14,32.7,39.79,30.01,24.49,54.41,79.57,64.61,82.3,0.0,240.1,432.7
17-02-2019 17:00,10136,13.38,394.8,34.63,22.92,6.821,32,39.16,29.78,24.45,55.63,78.93,64.08,81.6,0.0,150.8,302.1
17-02-2019 17:30,10137,13.38,213.5,20.62,13.16,0.757,31.46,38.2,29.64,24.38,57.02,77.5,62.81,77.59,0.0,96.2,158.9
17-02-2019 18:00,10138,13.37,80.8,9.83,6.689,0.06,30.94,37.91,29.34,24.22,60.51,75.88,61.37,77.05,0.0,53.95,63.11
17-02-2019 18:30,10139,12.75,11.43,1.698,1.085,-0.545,30.04,38.53,28.66,24.02,65.84,73.11,59.09,79.13,0.0,12.89,13.57
17-02-2019 19:00,10140,12.71,0.007,0.117,-0.078,-0.631,29.94,35.24,27.75,23.85,68.09,70.09,56.57,82.5,0.0,2.968,3.228
17-02-2019 19:30,10141,12.68,-0.065,0.131,-0.075,-0.568,30.68,30.72,26.96,23.36,71.29,67.13,54.22,84.3,0.0,1.862,2.319
17-02-2019 20:00,10142,12.66,-0.067,0.149,-0.066,-0.621,30.31,33.96,26.52,23.05,72.23,68.56,55.32,87.1,0.0,1.886,2.487
17-02-2019 20:30,10143,12.64,-0.059,0.155,-0.065,-0.608,30.46,39.16,26.25,22.91,73.78,70.66,57.06,89.4,0.0,2.365,2.975
17-02-2019 21:00,10144,12.64,-0.065,0.151,-0.059,-0.54,29.66,39.9,25.97,22.68,75.29,70.22,56.76,89.7,0.0,2.032,2.925
17-02-2019 21:30,10145,12.6,-0.056,0.161,-0.051,-0.436,29.72,34.58,25.78,22.47,79.4,66.91,54.11,90.6,0.0,2.04,2.708
17-02-2019 22:00,10146,12.59,-0.061,0.143,-0.063,-0.458,32.44,31.31,25.65,22.53,83.7,64.73,52.42,89.7,0.0,2.096,2.589
17-02-2019 22:30,10147,12.57,-0.056,0.144,-0.065,-0.365,29.94,31.31,25.4,22.42,83,63.8,51.69,90.1,0.0,1.882,2.434
17-02-2019 23:00,10148,12.56,-0.055,0.141,-0.059,-0.456,29.49,38.72,25.17,22.15,82.3,67.18,54.4,89.7,0.0,1.61,2.287
17-02-2019 23:30,10149,12.57,-0.056,0.145,-0.06,-0.438,29.06,33.08,25.07,21.78,83.4,64.06,51.87,90.5,0.0,1.883,2.663
18-02-2019 00:00,10150,12.54,-0.055,0.149,-0.062,-0.274,29.35,32.9,24.91,21.01,83.3,63.68,51.61,89.9,0.0,1.66,2.278
18-02-2019 00:30,10151,12.53,-0.059,0.139,-0.057,-0.274,32.18,35.12,24.67,18.85,86.1,64.39,52.17,88.6,0.0,1.586,2.362
18-02-2019 01:00,10152,12.53,-0.057,0.137,-0.06,0.39,31.62,35.2,24.46,19.23,85,64.3,52.1,88.8,0.0,1.511,2.144
18-02-2019 01:30,10153,12.52,-0.06,0.132,-0.059,0.866,29.34,30.12,24.24,19.36,83.6,61.09,49.58,89.1,0.0,1.668,2.466
18-02-2019 02:00,10154,12.48,-0.06,0.122,-0.061,0.145,28.1,35.92,24.01,15.09,86,62.05,50.32,90.7,0.0,2.326,3.105
18-02-2019 02:30,10155,12.47,-0.054,0.105,-0.066,0.428,26.66,32.91,23.81,16.92,88.7,58.75,47.69,92.2,0.0,1.676,2.408
18-02-2019 03:00,10156,12.48,-0.057,0.1,-0.064,0.452,27.08,30.06,23.65,18.68,90.6,56.33,45.69,92.4,0.0,1.558,2.223
18-02-2019 03:30,10157,12.45,-0.052,0.085,-0.064,0.612,27.23,29.36,23.65,20.3,90.4,54.91,44.53,93.5,0.0,1.493,2.045
18-02-2019 04:00,10158,12.44,-0.048,0.065,-0.074,0.786,27.39,29.72,23.66,16.01,91.9,54.26,43.98,89.4,0.0,2.134,2.773
18-02-2019 04:30,10159,12.44,-0.045,0.067,-0.073,0.74,28.96,29.72,23.6,18.54,96.9,53.56,43.41,92.3,0.0,2.075,2.644
18-02-2019 05:00,10160,12.45,-0.042,0.066,-0.055,0.698,29.64,29.84,23.65,19.05,98.2,53.44,43.34,93.1,0.0,1.525,2.251
18-02-2019 05:30,10161,12.41,-0.036,0.066,-0.057,0.613,30.72,29.8,23.72,18.77,98.9,53.97,43.71,92.6,0.0,1.635,2.353
18-02-2019 06:00,10162,12.41,0.012,0.065,-0.048,0.216,30.62,29.96,23.79,18.39,96.4,54.42,44.1,92.4,0.0,1.941,2.395
18-02-2019 06:30,10163,12.42,13.93,1.898,1.806,0.539,30.59,29.94,23.84,19.26,97,54.54,44.24,93.1,0.0,14.09,15.08
18-02-2019 07:00,10164,12.62,64.94,8.29,9.16,1.692,30.61,30.15,23.93,18.93,95.5,56.47,45.77,92.4,0.0,54.98,57.02
18-02-2019 07:30,10165,13.08,122.3,15.94,17.34,2.79,31.04,30.79,24.23,18.62,92.8,60.15,48.79,91.8,0.0,97.2,100.9
18-02-2019 08:00,10166,13.26,178.4,22.93,24.78,4.073,30.39,31.52,24.64,19.28,90.9,63.22,51.28,92.3,0.0,139.6,144.9
18-02-2019 08:30,10167,13.87,305.2,39.63,37.38,5.424,29.5,32.12,25.33,19.46,87.8,67.03,54.42,92.5,0.0,238.1,246.6
18-02-2019 09:00,10168,13.98,557.7,85.1,52.38,6.112,32.31,33.17,26.22,19.96,84.9,71.73,58.45,92.2,0.0,338.5,427.3
18-02-2019 09:30,10169,14.01,559.0,85.5,67.4,9.07,32.27,33.89,27.02,20.86,80,73.03,59.73,90.9,0.0,415.6,455.1
18-02-2019 10:00,10170,14.01,742.9,110.8,100.8,10.8,31.28,34.14,27.75,21.45,73.59,74.4,60.63,89.0,0.0,470.0,589.4
18-02-2019 10:30,10171,13.39,902.0,174.9,98.6,11.44,32.16,34.83,28.52,22.09,68.64,74.43,60.87,81.7,0.0,467.0,704.6
18-02-2019 11:00,10172,13.39,693.8,120.9,89.9,12.5,36.01,39.2,29.07,22.48,70.88,76.66,62.77,80.2,0.0,381.5,560.5
18-02-2019 11:30,10173,13.38,777.8,75.17,108.0,15.27,34.63,38.33,29.14,22.81,66.26,76.96,62.78,81.7,0.0,464.9,621.1
18-02-2019 12:00,10174,13.36,251.7,30.17,36.86,6.049,33.89,37.18,28.65,22.92,67.29,74.94,61.14,81.7,0.0,191.6,205.0
18-02-2019 12:30,10175,13.35,334.0,39.72,50.32,7.584,31.47,36.37,27.62,22.5,72.59,73.89,60.03,85.4,0.0,243.1,253.0
18-02-2019 13:00,10176,13.38,665.9,67.93,142.8,22.5,31.94,37.51,28.44,22.4,68.66,76.15,61.84,84.7,0.0,435.9,516.7
18-02-2019 13:30,10177,13.36,755.4,72.29,286.4,23.51,33.37,38.1,29.16,23.49,64.25,77.34,63.09,80.7,0.0,462.6,598.7
18-02-2019 14:00,10178,13.36,208.5,25.64,32.99,5.178,30.75,36.56,28.08,23.34,70.46,73.55,60.0,84.9,0.0,165.4,174.8
18-02-2019 14:30,10179,13.39,411.4,56.5,64.9,10.98,31.4,35.96,27.32,22.84,75.5,74.52,60.47,90.8,0.0,296.9,311.0
18-02-2019 15:00,10180,13.39,591.8,77.24,83.3,11.76,32.85,37.04,28.21,23.13,69.94,76.97,62.31,89.9,0.0,408.8,460.4
18-02-2019 15:30,10181,13.38,397.2,51.01,58.14,8.58,31.75,37.43,28.58,23.46,68.3,75.82,61.44,88.5,0.0,311.4,325.9
18-02-2019 16:00,10182,13.38,326.4,39.19,49.9,7.579,32.62,37.05,28.26,23.41,69.59,75.04,60.73,85.9,0.0,250.8,260.8
18-02-2019 16:30,10183,13.38,265.9,32.27,40.22,8.06,33.12,37.27,28.31,23.42,70.69,75.03,60.76,86.5,0.0,212.1,221.2
18-02-2019 17:00,10184,13.38,159.8,18.77,23.65,4.306,31.65,36.71,28.07,23.55,72.28,73.48,59.51,86.0,0.0,126.3,131.6
18-02-2019 17:30,10185,13.38,148.7,19.02,20.8,2.416,32.46,36.56,28.01,23.5,75.41,73.09,59.1,87.8,0.0,118.6,122.9
18-02-2019 18:00,10186,13.38,78.23,9.59,11.51,0.735,30.65,36.33,27.93,23.38,75.02,72.2,58.36,88.8,0.0,67.76,70.29
18-02-2019 18:30,10187,12.76,15.94,2.066,2.328,-0.99,30.52,35.86,27.58,23.34,77.08,70.09,56.68,88.2,0.0,18.82,20.09
18-02-2019 19:00,10188,12.69,0.01,0.093,-0.041,-2.523,29.22,35.45,27.17,23.16,77.51,68.49,55.37,88.4,0.0,2.496,2.945
18-02-2019 19:30,10189,12.66,-0.054,0.102,-0.047,-2.603,29.73,35.32,26.91,23.06,81.4,67.67,54.79,88.5,0.0,2.265,2.93
18-02-2019 20:00,10190,12.64,-0.05,0.103,-0.042,-1.803,30.66,34.81,26.69,22.73,83.2,66.97,54.21,89.3,0.0,1.536,1.889
18-02-2019 20:30,10191,12.6,-0.051,0.103,-0.042,-2.904,32.2,34.58,26.45,22.62,86.5,66.24,53.69,91.5,0.0,1.688,2.303
18-02-2019 21:00,10192,12.58,-0.065,0.083,-0.045,-2.671,31.14,34.23,26.32,22.47,86.1,65.58,53.27,89.2,0.0,3.756,4.322
18-02-2019 21:30,10193,12.57,-0.053,0.086,-0.049,-2.46,32.62,37.85,25.6,22.14,90.7,66.36,53.93,88.4,0.0,1.652,2.237
18-02-2019 22:00,10194,12.56,-0.053,0.106,-0.039,-2.059,33.43,43.35,25.36,21.86,90,68.92,55.94,89.4,0.0,1.438,2.039
18-02-2019 22:30,10195,12.55,-0.049,0.099,-0.037,-1.948,34.45,34.14,25.18,21.78,93.1,64.14,52.17,89.2,0.0,2.006,2.7
18-02-2019 23:00,10196,12.53,-0.048,0.095,-0.044,-2.163,32.11,34.58,25.02,21.21,92.9,63.69,51.85,90.0,0.0,1.754,2.545
18-02-2019 23:30,10197,12.51,-0.044,0.088,-0.048,-2.114,28.76,32.9,24.89,21.32,92.4,61.89,50.29,90.9,0.0,1.961,2.468
19-02-2019 00:00,10198,12.49,-0.047,0.087,-0.051,-2.136,27.4,31.3,24.82,21.4,93.3,60.05,48.86,91.6,0.0,2.478,2.992
19-02-2019 00:30,10199,12.49,-0.033,0.064,-0.065,-2.685,26.62,28.61,24.54,21.44,94.1,57.3,46.57,92.1,0.0,1.998,2.531
19-02-2019 01:00,10200,12.48,-0.038,0.063,-0.072,-2.824,26.26,27.71,24.27,-11.01,94.9,55.28,44.92,93.3,0.0,1.737,2.358
19-02-2019 01:30,10201,12.46,-0.038,0.062,-0.066,-2.426,26.65,27.98,24.11,5.453,94.4,54.67,44.42,93.7,0.0,1.478,2.335
19-02-2019 02:00,10202,12.46,-0.04,0.055,-0.066,-2.515,26.38,29.13,24.03,6.055,94.9,54.56,44.31,93.9,0.0,1.921,2.461
19-02-2019 02:30,10203,12.42,-0.035,0.038,-0.066,-3.009,26.42,29.66,23.97,-28.41,96.1,54.07,44.02,94.8,0.0,2.035,2.552
19-02-2019 03:00,10204,12.43,-0.035,0.033,-0.064,-3.032,26.54,30.21,23.95,-31.51,95.8,54.01,43.92,94.8,0.0,1.388,2.164
19-02-2019 03:30,10205,12.41,-0.038,0.027,-0.058,-2.856,26.51,30.4,23.95,-31.66,96,54.13,44.05,94.9,0.0,1.718,2.575
19-02-2019 04:00,10206,12.41,-0.035,0.02,-0.053,-2.797,26.7,30.54,24.02,-31.86,94.7,54.26,44.12,95.0,0.0,1.488,2.059
19-02-2019 04:30,10207,12.4,-0.034,0.022,-0.062,-2.376,26.5,30.58,24.05,-32.44,95.8,54.16,44.04,95.2,0.0,1.622,2.338
19-02-2019 05:00,10208,12.4,-0.031,0.007,-0.062,-2.476,26.48,30.51,23.97,-32.19,96.5,54.33,44.19,95.8,0.0,1.988,2.76
19-02-2019 05:30,10209,12.41,-0.034,0.013,-0.059,-1.758,26.63,30.47,24.02,-33.14,97,54.37,44.27,95.9,0.0,1.59,2.382
19-02-2019 06:00,10210,12.38,0.045,0.013,-0.045,-2.293,26.75,30.53,24.04,-32.95,96.9,54.43,44.25,96.2,0.0,1.64,2.37
19-02-2019 06:30,10211,12.37,10.69,1.397,1.501,-2.224,27.13,30.59,24.03,-32.83,97.8,53.89,43.84,95.8,0.0,10.05,10.88
19-02-2019 07:00,10212,12.53,117.9,12.55,9.52,-1.466,27.8,30.55,24.09,-33.15,96.9,56.14,45.62,96.1,0.0,71.46,91.3
19-02-2019 07:30,10213,13.39,318.7,23.71,16.13,-0.407,27.78,31.22,24.45,-32.87,88.9,63.65,51.99,96.1,0.0,123.7,231.1
19-02-2019 08:00,10214,13.9,331.1,31.66,27.42,0.917,27.74,31.95,25.16,-32.71,87.5,65.76,53.83,95.7,0.0,178.1,243.7
19-02-2019 08:30,10215,13.94,329.8,37.16,25.79,0.511,28.15,32.5,25.63,-30.73,86.8,67.04,54.66,94.5,0.0,191.0,238.0
19-02-2019 09:00,10216,13.94,494.6,68.3,45.81,2.856,30.02,33.07,26.01,-33.91,85.9,68.91,56.06,89.9,0.0,271.6,348.2
19-02-2019 09:30,10217,13.36,533.9,71.37,67.98,6.655,29.46,33.6,26.55,-29.32,83.5,69.74,56.79,90.9,0.0,363.2,408.6
19-02-2019 10:00,10218,13.35,545.3,74.13,64.83,5.185,29.93,33.97,26.95,-28.1,81.2,69.9,56.9,88.7,0.0,323.5,400.6
19-02-2019 10:30,10219,13.38,438.6,52.98,67.51,8.16,30.81,33.82,26.82,-27.62,82.5,69.59,56.62,89.5,0.0,300.2,318.2
19-02-2019 11:00,10220,13.37,359.1,42.52,53.72,5.763,30.78,33.91,26.98,-31.13,81.3,69.52,56.49,88.3,0.0,247.1,261.8
19-02-2019 11:30,10221,13.38,465.3,53.59,67.85,7.789,30.88,34.02,27.02,-30.17,80.4,70.6,57.37,89.5,0.0,328.6,341.9
19-02-2019 12:00,10222,13.39,944.0,73.69,188.6,18.36,33.07,34.99,27.85,-8.95,78.86,73.43,59.85,86.0,0.0,454.1,690.5
19-02-2019 12:30,10223,13.35,789.9,64.15,115.7,18.74,33.84,35.0,28.13,-14.03,78.91,73.07,59.64,86.2,0.0,374.0,594.5
19-02-2019 13:00,10224,13.35,1292.0,68.03,291.9,119.7,33.15,37.17,28.04,-12.55,82.2,72.35,59.42,84.9,0.0,326.9,915.0
19-02-2019 13:30,10225,13.36,1262.0,52.26,813.0,16.31,32.89,38.47,28.95,20.66,71.84,76.5,62.62,81.9,0.0,282.7,897.0
19-02-2019 14:00,10226,13.37,1392.0,84.2,141.2,6.044,37.16,37.64,29.64,19.94,69.85,77.19,63.16,81.7,0.0,255.3,965.0
19-02-2019 14:30,10227,13.38,1039.0,73.71,189.0,12.7,34.77,37.78,30.22,23.93,66.81,77.46,63.42,80.9,0.0,375.3,753.9
19-02-2019 15:00,10228,13.39,477.6,44.32,57.06,7.3,32.12,35.18,29.51,24.38,67.05,75.38,61.58,80.5,0.0,264.3,359.5
19-02-2019 15:30,10229,13.36,401.6,38.59,45.69,4.846,32.89,35.03,29.03,23.4,70.29,74.87,61.14,83.3,0.0,212.2,296.3
19-02-2019 16:00,10230,13.38,329.8,35.93,47.97,3.516,34.22,34.3,28.24,22.17,83.5,73.21,59.85,85.3,0.0,193.9,247.7
19-02-2019 16:30,10231,13.39,240.8,71.57,22.41,0.757,29.18,31.2,27.03,20.27,88.1,69.65,56.59,88.2,0.0,127.4,162.5
19-02-2019 17:00,10232,13.38,93.7,10.93,12.84,0.443,29.4,30.92,26.96,13.2,86.8,68.07,55.29,82.7,0.0,62.7,67.75
19-02-2019 17:30,10233,12.97,48.44,6.051,5.168,-0.795,29.93,32.34,26.68,11.51,83.5,67.71,55.06,78.9,0.0,34.06,35.64
19-02-2019 18:00,10234,12.82,26.09,3.735,3.291,-1.062,30.83,34.26,26.19,16.03,87.3,66.72,54.35,83.2,0.0,21.29,22.6
19-02-2019 18:30,10235,12.64,1.413,0.113,0.16,-1.513,33.19,32.62,25.88,7.465,90.7,64.72,52.69,83.8,0.0,3.308,3.859
19-02-2019 19:00,10236,12.61,-0.036,-0.025,-0.058,-1.587,37.35,36.39,25.66,-10.31,96.2,65.65,53.54,83.7,0.0,1.671,2.508
19-02-2019 19:30,10237,12.6,-0.044,0.043,-0.052,-1.563,40.56,34.39,25.54,-14.34,NAN,64.11,52.28,84.6,0.0,2.313,2.981
19-02-2019 20:00,10238,12.57,-0.034,0.086,-0.064,-1.523,37.75,32.62,25.33,-13.16,NAN,62.09,50.67,87.9,0.254,2.122,3.089
19-02-2019 20:30,10239,12.57,-0.004,0.101,-0.08,-1.479,30.01,30.88,25.19,-4.462,99,58.85,47.94,89.6,0.0,1.61,2.275
19-02-2019 21:00,10240,12.56,0.019,0.044,-0.071,-1.474,28.97,30.42,25.13,6.776,98.9,57.17,46.53,87.5,0.254,1.489,2.159
19-02-2019 21:30,10241,12.53,0.038,-0.012,-0.071,-1.63,28.33,30.52,25.1,-19.4,98.7,55.84,45.46,85.3,0.0,1.562,2.527
19-02-2019 22:00,10242,12.53,0.041,-0.026,-0.071,-1.797,27.78,30.71,25.06,-18.83,98.2,54.85,44.65,86.5,0.0,1.414,2.056
19-02-2019 22:30,10243,12.51,0.05,-0.047,-0.07,-1.558,27.58,31.0,25.04,-16.65,97.5,54.97,44.72,87.3,0.0,1.694,2.331
19-02-2019 23:00,10244,12.5,0.065,-0.026,-0.067,-1.431,27.41,31.16,25.0,-14.07,97.8,54.14,44.04,87.4,0.0,1.731,2.282
19-02-2019 23:30,10245,12.49,0.072,-0.078,-0.074,-1.187,27.3,31.21,24.99,-9.02,97.7,54.57,44.37,88.4,0.0,1.478,2.077
20-02-2019 00:00,10246,12.49,0.082,-0.07,-0.066,-1.171,27.08,31.21,24.98,-5.578,97.3,54.26,44.16,89.0,0.508,1.81,2.599
20-02-2019 00:30,10247,12.48,0.083,-0.069,-0.086,-1.376,27,31.16,24.8,-2.136,97.6,57.13,46.54,89.7,0.0,2.125,2.629
20-02-2019 01:00,10248,12.45,0.084,-0.111,-0.083,-1.392,26.67,28.11,24.67,2.988,96.8,56.27,45.8,89.9,0.0,2.2,2.96
20-02-2019 01:30,10249,12.45,0.092,-0.129,-0.076,-1.336,26.63,26.62,24.52,9.28,97.3,54.72,44.55,90.7,0.0,1.654,2.651
20-02-2019 02:00,10250,12.45,0.082,-0.122,-0.088,-2.099,26.87,26.25,24.4,-23.83,97.9,53.99,43.92,91.8,0.0,1.738,2.513
20-02-2019 02:30,10251,12.42,0.091,-0.124,-0.092,-1.919,27.15,26.57,24.26,-19.97,98.7,53.9,43.84,92.1,0.0,1.812,2.578
20-02-2019 03:00,10252,12.41,0.099,-0.131,-0.082,-2.909,27.32,26.55,24.26,-17.61,98.9,51.99,42.22,92.4,0.0,1.552,2.143
20-02-2019 03:30,10253,12.4,0.107,-0.138,-0.077,-3.084,27.5,26.52,24.24,-18.21,99.3,52.85,42.89,92.7,0.0,1.561,2.277
20-02-2019 04:00,10254,12.38,0.112,-0.138,-0.069,-2.539,27.47,26.57,24.28,-16.72,99.2,53.22,43.24,93.0,0.0,1.751,2.475
20-02-2019 04:30,10255,12.37,0.1,-0.124,-0.067,-2.317,27.36,26.54,24.22,-16.75,99.2,53.07,43.07,93.1,0.0,1.577,2.355
20-02-2019 05:00,10256,12.37,0.1,-0.138,-0.075,-2.09,27.55,26.51,24.22,-16.26,99.5,53.04,43.06,93.1,0.0,1.721,2.621
20-02-2019 05:30,10257,12.36,0.093,-0.149,-0.073,-2.114,27.54,26.44,24.2,-15.92,99.1,52.64,42.71,93.4,0.0,1.49,2.064
20-02-2019 06:00,10258,12.35,0.12,-0.156,-0.068,-2.316,27.55,26.43,24.13,-18.73,99,52.68,42.75,93.5,0.0,1.587,2.199
20-02-2019 06:30,10259,12.36,4.818,0.476,0.615,-1.792,27.65,26.44,24.15,-23.14,99.2,52.59,42.65,93.9,0.0,4.906,5.547
20-02-2019 07:00,10260,12.41,40.16,5.429,5.712,-0.543,27.68,26.53,24.23,-22.84,98.7,52.86,42.87,93.6,0.0,31.39,33.21
20-02-2019 07:30,10261,12.8,80.7,11.18,11.84,0.559,27.95,26.82,24.4,-21.05,98.5,54.08,43.77,93.7,0.0,61.74,64.27
20-02-2019 08:00,10262,13.08,187.6,25.47,24.92,2.396,28.32,27.08,24.6,-20.16,97.9,56.4,45.69,93.9,0.0,134.7,141.7
20-02-2019 08:30,10263,13.73,389.9,52.74,39.53,3.276,28.3,27.66,25.08,-20.82,93.4,60.85,49.35,94.1,0.0,262.7,287.2
20-02-2019 09:00,10264,13.95,414.3,53.84,51.53,5.358,27.94,28.06,25.52,-22.78,89.5,63.21,51.43,93.6,0.0,290.7,311.9
20-02-2019 09:30,10265,13.9,474.6,66.46,62.4,6.627,27.99,28.42,25.85,-22.54,87.7,64.39,52.44,92.7,0.0,320.7,347.9
20-02-2019 10:00,10266,13.92,275.9,39.11,42.73,5.579,27.19,27.76,25.44,-24.0,92.5,61.09,49.76,93.2,0.508,194.3,202.7
20-02-2019 10:30,10267,13.32,436.9,69.93,63.92,10.31,26.84,27.39,25.04,-24.91,94.6,59.32,48.29,93.8,0.762,306.2,318.2
20-02-2019 11:00,10268,13.35,651.2,94.1,97.9,16.48,27,27.61,25.13,-25.9,93.8,60.15,48.96,94.3,0.508,470.0,488.3
20-02-2019 11:30,10269,13.43,542.8,74.3,83.8,14.11,26.97,27.7,25.32,-26.58,92.3,61.1,49.77,94.2,0.0,392.5,411.5
20-02-2019 12:00,10270,13.45,656.7,91.7,102.4,15.95,27.42,28.0,25.46,-25.6,89.6,63.52,51.61,94.5,0.0,445.2,470.6
20-02-2019 12:30,10271,13.43,426.7,57.17,64.61,8.09,27.19,27.95,25.44,-24.5,87.5,63.05,51.33,93.6,0.0,296.1,309.6
20-02-2019 13:00,10272,13.43,334.8,49.05,47.3,5.542,26.98,27.56,25.04,-25.49,90.6,61.63,50.1,93.9,0.254,234.6,243.4
20-02-2019 13:30,10273,13.46,424.5,57.96,66.48,7.076,27.24,27.8,25.15,-27.68,88.3,63.28,51.27,93.7,0.0,289.4,299.8
20-02-2019 14:00,10274,13.46,382.0,48.81,63.24,5.495,27.71,27.99,25.38,-27.05,86,64.46,52.1,93.5,0.0,260.0,269.5
20-02-2019 14:30,10275,13.5,379.3,49.38,57.41,4.219,28.03,28.17,25.47,-27.38,84.9,64.69,52.2,94.3,0.0,267.0,278.8
20-02-2019 15:00,10276,13.5,410.6,55.43,65.03,4.956,28.57,28.5,25.73,-28.18,84.6,65.41,52.91,93.5,0.0,298.4,308.5
20-02-2019 15:30,10277,13.49,350.2,49.0,52.75,3.833,29.82,28.72,25.92,-28.87,86.2,65.31,52.84,92.8,0.0,258.1,266.1
20-02-2019 16:00,10278,13.49,333.8,67.04,48.01,3.834,30.04,28.85,25.94,-26.83,85.2,65.51,52.97,93.1,0.0,230.9,253.6
20-02-2019 16:30,10279,13.49,393.9,85.3,41.13,3.911,30.27,29.14,26.07,-26.73,84.1,66.5,53.83,93.4,0.0,208.7,283.9
20-02-2019 17:00,10280,13.5,363.4,64.57,19.01,10.51,30.96,29.56,26.13,-29.31,79.89,68.72,55.53,91.9,0.0,127.2,247.7
20-02-2019 17:30,10281,13.5,158.3,19.91,11.38,1.551,30.19,28.95,25.98,-27.87,78.24,67.54,54.57,92.9,0.0,92.0,115.6
20-02-2019 18:00,10282,13.5,71.26,11.16,7.438,0.737,29.6,28.53,25.81,-26.35,85.8,63.65,51.33,92.1,0.0,58.51,60.0
20-02-2019 18:30,10283,12.82,10.68,1.66,1.293,-0.096,29.89,28.2,25.58,-26.09,89.8,60.4,48.73,92.8,0.0,12.23,13.29
20-02-2019 19:00,10284,12.79,-0.025,-0.046,-0.065,0.113,29.07,27.96,25.35,-27.06,92.2,58.8,47.38,92.3,0.0,2.317,3.105
20-02-2019 19:30,10285,12.75,-0.053,-0.046,-0.07,-0.029,31.66,27.74,25.26,-26.92,96.6,57.89,46.67,92.7,0.0,1.904,2.795
20-02-2019 20:00,10286,12.72,-0.058,-0.052,-0.069,-0.059,28.46,27.56,25.16,-27.07,94.4,57.09,46.05,92.4,0.0,1.827,2.479
20-02-2019 20:30,10287,12.72,-0.056,-0.052,-0.077,-0.086,26.93,27.27,25.02,-26.2,94.3,55.48,44.73,93.0,0.0,2.181,2.614
20-02-2019 21:00,10288,12.72,-0.052,-0.057,-0.073,-0.16,26.5,27.13,24.86,-25.93,92.8,54.87,44.27,93.2,0.0,1.595,2.116
20-02-2019 21:30,10289,12.71,-0.054,-0.065,-0.074,-0.263,26.41,26.88,24.61,-24.63,93,53.89,43.41,93.8,0.0,1.764,2.415
20-02-2019 22:00,10290,12.68,-0.06,-0.063,-0.072,-0.185,26.54,26.82,24.56,-28.07,94,52.66,42.43,94.5,0.0,1.675,2.331
20-02-2019 22:30,10291,12.68,-0.056,-0.076,-0.073,-0.177,27.73,26.84,24.52,-27.4,97,51.94,41.88,94.4,0.0,2.124,2.684
20-02-2019 23:00,10292,12.68,-0.043,-0.095,-0.07,-0.28,34.24,26.67,24.46,-26.22,NAN,51.6,41.6,94.5,0.0,1.747,2.23
20-02-2019 23:30,10293,12.65,-0.016,-0.082,-0.075,-0.516,34.47,26.78,24.44,-26.53,104.1,51.3,41.32,94.8,0.508,1.737,2.408
21-02-2019 00:00,10294,12.64,0.035,-0.061,-0.07,-0.447,34,26.65,24.4,-26.8,104.4,51.22,41.25,95.3,1.27,1.555,2.233
21-02-2019 00:30,10295,12.63,0.058,-0.064,-0.071,-0.31,33.61,26.68,24.39,-26.58,NAN,51.75,41.72,95.5,0.0,1.943,2.479
21-02-2019 01:00,10296,12.62,0.057,-0.082,-0.071,-0.301,30.4,26.61,24.35,-27.22,102.3,52.16,41.99,95.4,0.254,1.898,2.468
21-02-2019 01:30,10297,12.6,0.065,-0.086,-0.072,-0.255,27.45,26.53,24.26,-25.78,99.5,52.13,42.0,95.3,0.0,1.481,2.402
21-02-2019 02:00,10298,12.6,0.063,-0.095,-0.071,-0.159,27.27,26.49,24.22,-26.82,99.4,51.9,41.9,95.5,0.0,1.755,2.45
21-02-2019 02:30,10299,12.58,0.063,-0.097,-0.077,-0.189,26.94,26.45,24.17,-33.63,99.3,51.75,41.73,95.5,0.0,1.704,2.615
21-02-2019 03:00,10300,12.58,0.065,-0.114,-0.075,-0.189,27.25,26.37,24.04,-34.47,99.8,51.38,41.49,95.4,0.0,1.551,2.554
21-02-2019 03:30,10301,12.55,0.064,-0.147,-0.078,-0.181,26.85,26.3,23.97,-38.79,99.5,51.3,41.37,95.5,0.0,1.781,2.573
21-02-2019 04:00,10302,12.56,0.071,-0.122,-0.077,-0.072,26.46,26.27,23.97,-39.51,99.2,51.11,41.19,95.4,0.0,1.697,2.416
21-02-2019 04:30,10303,12.56,0.068,-0.128,-0.073,0.063,26.23,26.29,23.98,-39.53,99.1,50.73,40.9,95.5,0.0,1.864,2.561
21-02-2019 05:00,10304,12.57,0.067,-0.146,-0.072,0.216,26.13,26.22,23.94,-37.94,99.1,50.98,41.08,95.7,0.0,1.455,2.231
21-02-2019 05:30,10305,12.53,0.068,-0.152,-0.066,0.2,26.15,26.2,23.92,-37.95,99.3,50.92,41.08,95.7,0.0,1.667,2.42
21-02-2019 06:00,10306,12.53,0.101,-0.156,-0.062,0.204,26.21,26.15,23.97,-38.68,99.3,50.9,40.97,95.8,0.0,1.477,2.293
21-02-2019 06:30,10307,12.53,5.962,0.771,0.843,0.44,26.22,26.31,24.02,-38.92,99.4,50.74,40.85,95.7,0.0,5.469,6.629
21-02-2019 07:00,10308,12.57,54.74,7.004,6.406,1.008,26.28,26.36,24.11,-39.38,99.3,51.01,41.15,95.8,0.0,39.4,44.58
21-02-2019 07:30,10309,13.26,182.0,21.55,16.46,2.195,26.81,26.78,24.35,-39.56,98.7,53.15,42.81,95.8,0.0,121.0,146.9
21-02-2019 08:00,10310,13.5,202.1,28.67,27.03,3.755,27.49,27.24,24.71,-38.9,98.4,56.09,45.25,95.8,0.0,150.2,155.0
21-02-2019 08:30,10311,14.06,268.6,39.7,35.43,4.905,29.28,27.69,25.13,-38.37,97.7,58.88,47.42,95.8,0.0,197.8,204.1
21-02-2019 09:00,10312,13.87,217.5,33.81,34.24,4.951,30.38,28.02,25.34,-38.32,96.9,60.31,48.59,95.9,0.0,158.0,165.7
21-02-2019 09:30,10313,14.06,156.4,24.09,22.4,3.353,30.07,27.98,25.43,-38.67,97.3,59.2,47.64,96.0,0.0,102.2,106.1
21-02-2019 10:00,10314,13.5,262.0,40.92,37.67,5.283,28.54,28.26,25.65,-37.97,92.4,61.27,49.24,96.1,0.0,175.4,181.5
21-02-2019 10:30,10315,13.39,127.4,19.68,20.24,3.907,26.75,27.33,25.08,-38.01,95,57.2,46.34,95.3,2.286,86.3,90.6
21-02-2019 11:00,10316,13.43,89.1,16.41,14.21,2.796,25.02,27.87,23.61,-15.64,96.4,53.48,43.13,95.0,6.35,51.67,54.07
21-02-2019 11:30,10317,13.31,46.48,7.276,7.331,1.685,24.16,32.97,23.0,-1.475,96.9,52.18,42.01,95.8,2.54,23.14,24.8
21-02-2019 12:00,10318,13.27,45.87,6.94,6.518,1.751,24.23,35.71,22.99,12.7,97.3,52.75,42.33,95.6,0.508,23.18,24.72
21-02-2019 12:30,10319,13.53,87.5,15.15,14.19,3.503,24.34,35.99,23.13,12.9,97.4,52.66,42.33,95.7,2.54,46.92,49.11
21-02-2019 13:00,10320,13.5,132.8,19.53,21.94,5.237,24.52,36.51,23.29,12.61,97.6,53.31,42.86,95.4,2.286,75.05,79.49
21-02-2019 13:30,10321,13.37,56.6,8.46,8.75,2.499,24.63,36.14,23.44,13.05,97.7,53.57,43.0,95.7,0.508,34.62,36.71
21-02-2019 14:00,10322,13.39,48.79,8.14,7.126,2.221,24.59,36.28,23.46,13.21,97.8,51.23,40.43,95.8,0.508,26.84,28.44
21-02-2019 14:30,10323,13.51,54.9,9.54,8.18,2.475,24.6,36.2,23.56,9.34,97.7,51.91,41.06,91.8,2.286,31.99,33.92
21-02-2019 15:00,10324,13.5,58.13,10.31,8.7,2.694,24.61,36.54,23.61,11.68,97.9,52.05,41.26,94.1,1.524,35.24,36.84
21-02-2019 15:30,10325,13.5,82.9,14.4,12.2,3.288,24.72,36.34,23.65,12.46,97.8,51.84,41.05,94.9,1.27,55.33,57.43
21-02-2019 16:00,10326,13.52,158.5,26.34,23.99,2.253,24.97,36.67,23.75,12.63,97.6,52.24,41.27,95.0,0.254,114.8,119.2
21-02-2019 16:30,10327,13.5,172.1,28.93,27.34,2.304,25.3,36.98,23.97,12.92,96.6,52.81,41.79,95.0,0.0,129.0,135.3
21-02-2019 17:00,10328,13.52,135.9,24.11,21.24,2.615,25.38,36.87,24.13,11.97,95.8,52.68,41.76,94.0,0.0,104.9,108.8
21-02-2019 17:30,10329,13.5,94.5,16.24,14.67,1.94,25.51,37.2,24.21,12.5,95.1,52.78,41.95,94.4,0.0,75.86,79.14
21-02-2019 18:00,10330,13.04,38.57,6.517,5.594,1.671,25.39,36.79,24.14,12.8,95.8,52.27,41.54,94.8,0.0,33.75,35.47
21-02-2019 18:30,10331,12.79,4.548,0.639,0.517,1.309,25.14,35.46,24.11,12.57,97.2,51.32,40.93,95.1,0.0,5.431,6.312
21-02-2019 19:00,10332,12.75,0.127,-0.09,-0.125,1.147,25,35.48,23.98,12.33,97.6,51.52,41.02,95.0,0.0,1.659,2.611
21-02-2019 19:30,10333,12.72,0.122,-0.077,-0.099,1.212,24.98,35.34,23.94,12.52,97.4,51.46,40.99,95.1,0.0,1.66,2.609
21-02-2019 20:00,10334,12.7,0.116,-0.068,-0.078,1.134,24.94,35.28,23.9,12.44,97.1,51.46,41.02,95.3,0.0,1.893,2.708
21-02-2019 20:30,10335,12.68,0.13,-0.055,-0.065,1.017,24.9,35.18,23.82,12.4,96.7,51.41,41.01,95.4,0.0,1.851,2.68
21-02-2019 21:00,10336,12.71,0.129,-0.071,-0.043,0.976,24.81,35.0,23.68,12.42,96.7,51.37,41.0,95.5,0.0,1.825,2.581
21-02-2019 21:30,10337,12.71,0.124,-0.069,-0.02,1.036,24.69,35.07,23.59,12.56,97,51.48,41.18,95.8,0.0,1.595,2.458
21-02-2019 22:00,10338,12.71,0.133,-0.07,-0.025,1.093,24.55,35.01,23.5,12.48,97.3,51.44,41.18,95.9,0.0,1.779,2.707
21-02-2019 22:30,10339,12.7,0.141,-0.053,-0.01,1.041,24.45,34.82,23.38,12.14,97.6,51.47,41.18,95.8,0.0,1.786,2.573
21-02-2019 23:00,10340,12.68,0.133,-0.034,-0.01,1.094,24.38,34.84,23.27,11.9,97.7,51.58,41.32,95.6,0.0,1.71,2.446
21-02-2019 23:30,10341,12.67,0.145,0.042,-0.005,0.941,24.21,34.86,23.21,11.88,97.8,51.62,41.36,95.7,0.0,1.884,2.588
22-02-2019 00:00,10342,12.65,0.13,0.038,-0.012,0.873,24.03,34.87,23.25,11.81,97.9,51.6,41.32,95.7,0.0,1.781,2.602
22-02-2019 00:30,10343,12.65,0.134,0.043,-0.006,0.909,23.95,34.81,23.13,12.0,97.9,51.67,41.42,95.9,0.0,1.741,2.345
22-02-2019 01:00,10344,12.68,0.141,0.05,-0.004,0.509,23.91,34.65,23.04,12.01,97.9,50.78,40.68,95.8,0.0,1.651,2.714
22-02-2019 01:30,10345,13.0,0.162,0.036,0.006,0.436,23.79,34.72,22.95,11.52,97.9,50.17,40.25,95.9,0.254,1.813,2.642
22-02-2019 02:00,10346,13.01,0.165,0.013,0.01,0.433,23.67,34.7,22.88,1.024,97.9,49.88,40.1,96.0,0.0,1.782,2.355
22-02-2019 02:30,10347,13.0,0.174,0.008,0.017,0.538,23.66,34.65,22.82,-14.22,97.7,49.85,40.06,96.2,0.0,1.914,2.448
22-02-2019 03:00,10348,13.0,0.172,-0.018,0.019,1.255,23.59,34.93,22.81,-3.945,97.7,50.01,40.19,96.1,0.0,1.827,2.441
22-02-2019 03:30,10349,13.0,0.176,-0.039,0.022,2.721,23.66,34.88,22.81,-2.178,97.8,49.94,40.17,96.2,0.0,1.44,2.313
22-02-2019 04:00,10350,12.98,0.182,-0.053,0.035,3.326,23.73,36.76,22.89,-3.065,97.9,50.97,41.0,96.2,0.0,1.536,2.219
22-02-2019 04:30,10351,12.99,0.178,-0.084,0.032,3.375,23.84,36.12,22.94,-7.522,98,50.62,40.73,96.2,0.0,1.478,2.418
22-02-2019 05:00,10352,12.98,0.177,-0.116,0.031,3.31,23.76,37.29,23.02,-7.503,98.1,51.1,41.09,96.2,0.0,1.789,2.715
22-02-2019 05:30,10353,12.97,0.177,-0.135,0.028,3.206,23.7,37.47,22.93,-6.34,98,51.25,41.21,96.2,0.0,1.88,2.633
22-02-2019 06:00,10354,12.98,0.238,-0.133,0.039,2.988,23.68,37.77,22.89,-5.141,98,51.43,41.32,96.2,0.0,1.558,2.236
22-02-2019 06:30,10355,12.97,11.6,1.845,1.483,2.993,23.77,38.56,23.02,-8.2,97.8,51.63,41.5,96.2,0.0,10.27,11.26
22-02-2019 07:00,10356,13.2,84.5,10.14,6.318,3.277,24.01,39.19,23.06,-8.82,97.2,52.52,42.19,96.1,0.0,51.1,73.17
22-02-2019 07:30,10357,13.85,137.6,16.16,7.947,3.0,24.49,40.01,23.29,-10.39,95.3,53.65,42.96,96.1,0.0,78.27,105.0
22-02-2019 08:00,10358,13.93,271.2,19.04,14.62,3.525,25.47,40.9,23.55,-8.47,93.4,56.02,44.78,96.1,0.0,87.4,195.6
22-02-2019 08:30,10359,14.16,352.6,51.11,18.33,4.664,27.61,42.28,24.08,-8.51,91.3,59.49,47.48,96.0,0.0,130.6,251.2
22-02-2019 09:00,10360,14.17,799.6,90.3,24.06,5.042,29.04,41.75,24.77,-8.08,85.5,66.32,53.05,95.9,0.0,122.8,574.4
22-02-2019 09:30,10361,14.11,844.0,364.1,114.4,4.973,30.38,42.18,26.01,-34.3,83.8,64.55,51.51,96.3,0.0,262.2,634.8
22-02-2019 10:00,10362,13.51,985.0,164.2,178.5,6.706,32.15,40.38,26.72,-39.21,83.5,65.57,52.25,96.5,0.0,314.9,749.3
22-02-2019 10:30,10363,13.5,799.9,144.9,141.2,8.22,32.07,32.98,27.27,-39.18,83.7,62.05,49.72,94.0,0.0,385.7,620.6
22-02-2019 11:00,10364,13.49,978.0,261.6,125.1,7.943,33.11,35.96,27.8,-33.75,82,64.11,51.45,91.1,0.0,404.0,797.6
22-02-2019 11:30,10365,13.5,766.1,98.4,118.6,12.31,34.2,37.59,27.75,-30.53,82.5,67.21,53.79,90.5,0.0,539.0,621.0
22-02-2019 12:00,10366,13.5,839.0,83.9,158.5,13.97,32.57,40.44,28.06,-27.26,78.55,70.46,56.21,90.7,0.0,501.4,675.0
22-02-2019 12:30,10367,13.47,582.2,64.8,96.9,12.01,33.9,39.73,28.24,-30.85,77.63,71.34,56.83,91.1,0.0,415.8,469.8
22-02-2019 13:00,10368,13.49,622.8,67.9,134.6,18.83,32.87,38.26,27.81,-33.73,81.3,69.42,55.42,91.2,0.0,424.9,503.6
22-02-2019 13:30,10369,13.5,709.0,62.36,244.1,22.13,31.88,37.68,27.4,-32.93,84,68.69,55.03,91.7,0.0,358.9,562.4
22-02-2019 14:00,10370,13.47,1141.0,85.0,283.6,18.33,34.28,37.65,28.29,-26.25,76.6,72.63,57.88,90.0,0.0,459.8,874.0
22-02-2019 14:30,10371,13.47,1060.0,68.23,154.0,16.58,33.89,36.37,29.27,-7.27,76.02,74.07,59.22,88.0,0.0,464.1,819.0
22-02-2019 15:00,10372,13.47,720.7,135.9,115.0,7.616,34.9,38.02,28.28,-2.282,82.9,72.91,58.49,90.7,0.0,265.2,536.4
22-02-2019 15:30,10373,13.48,727.1,69.2,61.73,6.797,33.64,39.26,28.66,-2.612,75.64,75.96,60.93,87.3,0.0,312.4,559.8
22-02-2019 16:00,10374,13.48,211.2,29.87,28.67,3.452,33.99,37.77,27.95,-2.674,78.77,72.64,58.31,89.0,0.0,167.8,173.2
22-02-2019 16:30,10375,13.48,367.9,57.98,40.17,4.708,37.06,38.37,27.69,-2.667,80.1,73.91,59.23,91.8,0.0,202.8,285.8
22-02-2019 17:00,10376,13.48,109.1,13.92,13.75,2.051,35.58,38.19,27.78,-3.119,81.9,71.85,57.48,91.7,0.0,86.9,93.7
22-02-2019 17:30,10377,13.12,43.54,5.564,6.015,1.322,29.68,37.33,27.22,-4.155,79.02,69.3,55.55,90.6,0.0,36.72,38.8
22-02-2019 18:00,10378,12.76,16.75,2.027,2.202,1.143,29.03,36.96,26.76,-7.63,81.9,66.38,53.15,90.9,0.0,14.24,14.88
22-02-2019 18:30,10379,12.72,4.686,0.684,0.601,1.197,33.01,36.21,26.38,-5.273,87.2,64.87,51.93,91.0,0.0,5.23,6.446
22-02-2019 19:00,10380,12.68,-0.046,0.085,-0.041,0.992,36.61,35.45,25.97,-9.55,NAN,63.59,50.95,91.2,0.0,2.535,3.097
22-02-2019 19:30,10381,12.65,-0.08,0.076,-0.065,-0.052,29.18,35.72,25.58,-14.3,88.1,62.31,49.92,90.8,0.0,2.332,3.199
22-02-2019 20:00,10382,12.64,-0.074,0.077,-0.066,0.364,28.9,37.5,25.22,-11.84,88.7,62.32,50.0,92.1,0.0,1.86,2.306
22-02-2019 20:30,10383,12.62,-0.08,0.082,-0.062,0.647,29.55,34.72,24.93,-10.1,90.6,60.5,48.62,92.4,0.0,1.838,2.572
22-02-2019 21:00,10384,12.6,-0.079,0.093,-0.049,0.54,29.08,33.39,24.85,-7.281,91.4,59.7,47.93,93.5,0.0,1.554,2.207
22-02-2019 21:30,10385,12.56,-0.072,0.098,-0.042,0.804,29.17,33.23,24.9,-3.388,92.7,59.55,47.85,94.2,0.0,1.578,2.184
22-02-2019 22:00,10386,12.57,-0.074,0.092,-0.045,1.098,29.35,33.22,24.92,-3.502,92.9,59.37,47.74,94.8,0.0,1.639,2.212
22-02-2019 22:30,10387,12.52,-0.069,0.092,-0.047,1.286,30.01,33.18,24.93,-3.731,93,59.24,47.59,94.3,0.0,1.596,2.025
22-02-2019 23:00,10388,12.53,-0.076,0.094,-0.051,1.427,33.42,32.8,24.89,-4.275,96.8,59.01,47.5,94.2,0.0,1.971,2.711
22-02-2019 23:30,10389,12.52,-0.072,0.087,-0.055,1.765,34.25,32.46,24.79,-3.89,NAN,58.24,46.78,93.4,0.0,1.775,2.311
23-02-2019 00:00,10390,12.49,-0.065,0.077,-0.054,1.851,29.54,32.43,24.7,-3.288,95.7,57.83,46.49,93.4,0.0,2.233,2.861
23-02-2019 00:30,10391,12.49,-0.067,0.077,-0.058,1.851,27.81,32.47,24.62,-3.728,95.7,57.55,46.22,94.3,0.0,1.919,2.554
23-02-2019 01:00,10392,12.48,-0.053,0.066,-0.058,1.599,28.64,32.04,24.52,-9.5,97.3,57.04,45.93,94.7,0.0,1.785,2.478
23-02-2019 01:30,10393,12.49,-0.058,0.071,-0.057,1.566,34.08,31.27,24.43,-13.05,NAN,56.39,45.49,94.7,0.0,1.95,2.448
23-02-2019 02:00,10394,12.48,-0.058,0.053,-0.065,1.494,28.26,30.44,24.36,-17.62,99.6,55.48,44.63,95.2,0.0,1.869,2.626
23-02-2019 02:30,10395,12.47,-0.057,0.037,-0.07,1.562,26.45,29.88,24.2,-7.867,98.1,54.92,44.21,95.6,0.0,1.805,2.633
23-02-2019 03:00,10396,12.47,-0.047,0.035,-0.061,1.574,26.05,28.56,24.03,21.21,98.3,54.39,43.81,95.4,0.0,1.608,2.382
23-02-2019 03:30,10397,12.45,-0.045,0.021,-0.065,1.458,25.92,27.75,23.91,21.13,98.2,53.83,43.31,95.4,0.0,1.593,2.529
23-02-2019 04:00,10398,12.44,-0.039,-0.001,-0.066,1.582,25.86,27.73,23.79,21.07,98.3,53.51,43.1,95.6,0.0,2.013,2.447
23-02-2019 04:30,10399,12.44,-0.015,-0.024,-0.059,1.416,26.03,27.04,23.65,18.96,98.3,52.84,42.55,95.5,0.0,1.801,2.646
23-02-2019 05:00,10400,12.44,-0.017,-0.025,-0.07,1.142,26.31,26.54,23.57,-20.7,98.7,52.24,42.19,96.0,0.0,1.513,2.136
23-02-2019 05:30,10401,12.41,-0.017,-0.023,-0.062,1.155,27.33,26.42,23.51,-40.09,99.9,51.85,41.82,96.2,0.0,1.206,2.185
23-02-2019 06:00,10402,12.41,0.077,-0.013,-0.059,1.18,27.46,27.38,23.46,-40.33,99.2,52.06,41.95,96.2,0.0,2.141,2.762
23-02-2019 06:30,10403,12.41,15.65,1.731,1.322,1.2,27.56,28.17,23.42,-40.35,97.4,52.16,42.1,96.0,0.0,12.06,13.37
23-02-2019 07:00,10404,12.57,64.84,7.067,5.094,2.136,27.63,28.65,23.46,-40.81,97.2,52.89,42.57,95.9,0.0,39.16,46.17
23-02-2019 07:30,10405,13.02,274.9,16.19,8.75,2.987,27.71,29.25,23.69,-41.72,92.2,57.82,46.66,95.2,0.0,66.56,208.4
23-02-2019 08:00,10406,13.71,441.5,18.21,14.52,4.38,32.47,30.26,24.43,-41.55,90.4,64.14,52.13,95.5,0.0,83.4,335.8
23-02-2019 08:30,10407,14.13,585.7,25.68,40.63,4.986,32.78,31.25,25.43,-41.43,87.5,66.14,53.85,94.8,0.0,101.2,435.8
23-02-2019 09:00,10408,14.12,734.0,73.62,24.94,3.998,36.31,32.53,26.51,-40.2,84,68.14,55.33,93.1,0.0,116.8,546.8
23-02-2019 09:30,10409,14.1,892.0,376.5,103.3,5.387,32.08,33.64,27.43,-21.73,73.36,71.66,58.03,88.2,0.0,121.5,671.5
23-02-2019 10:00,10410,14.11,998.0,105.7,337.9,4.42,31.34,34.25,28.3,0.612,68.48,75.12,60.75,85.7,0.0,127.4,752.4
23-02-2019 10:30,10411,13.47,1120.0,169.8,143.1,5.303,34.59,34.36,29.04,23.09,67.77,74.33,60.03,84.3,0.0,139.3,838.0
23-02-2019 11:00,10412,13.48,1182.0,296.0,99.8,5.315,33.78,40.24,29.86,-0.89,62.53,77.19,62.2,81.5,0.0,148.6,893.0
23-02-2019 11:30,10413,13.46,1269.0,127.6,60.27,14.51,32.69,44.31,30.45,19.91,59.64,79.09,63.77,77.87,0.0,170.7,944.0
23-02-2019 12:00,10414,13.46,1379.0,41.39,186.6,21.51,32.74,42.49,31.14,25.41,56.51,78.73,63.45,76.54,0.0,221.6,1042.0
23-02-2019 12:30,10415,13.47,845.0,54.0,113.9,20.09,32.48,39.11,31.06,26.23,56.7,77.49,62.34,72.42,0.0,365.3,707.9
23-02-2019 13:00,10416,13.46,1082.0,65.75,347.3,343.3,32.4,39.3,30.95,25.84,56.81,77.83,62.55,73.39,0.0,339.3,817.0
23-02-2019 13:30,10417,13.46,612.6,63.33,204.3,16.58,30.99,35.98,29.64,24.98,64.7,75.18,61.06,80.9,0.254,341.4,495.7
23-02-2019 14:00,10418,13.46,361.8,62.06,61.17,10.33,31.81,36.13,26.67,22.93,73.1,73.52,60.07,91.0,0.0,273.6,294.7
23-02-2019 14:30,10419,13.46,846.0,235.4,123.5,19.18,33.53,33.9,27.48,22.5,65.09,75.02,59.75,94.5,0.0,435.7,718.9
23-02-2019 15:00,10420,13.47,442.4,79.31,73.88,11.41,30.62,35.63,28.73,23.67,70.12,74.9,60.12,92.1,0.0,299.1,347.7
23-02-2019 15:30,10421,13.48,420.0,123.8,71.2,9.14,30.93,36.95,27.82,22.66,74.31,74.42,59.88,91.7,0.0,230.7,306.7
23-02-2019 16:00,10422,13.45,427.1,189.0,48.28,7.346,31.45,44.79,28.43,22.97,70.97,79.07,63.74,91.2,0.0,204.8,312.7
23-02-2019 16:30,10423,13.46,156.6,31.48,19.53,5.329,31.3,43.98,28.14,23.03,71.96,77.46,62.3,90.7,0.0,114.7,124.7
23-02-2019 17:00,10424,13.47,163.8,33.92,17.25,4.552,29.68,43.22,27.56,22.72,79.4,75.12,60.49,91.1,0.0,107.9,124.2
23-02-2019 17:30,10425,13.46,125.4,24.45,16.12,4.813,29.39,43.57,27.84,23.06,81.6,74.97,60.26,92.4,0.0,97.3,103.0
23-02-2019 18:00,10426,13.46,43.4,7.276,5.526,3.957,28.64,42.81,27.43,23.27,83.6,71.57,57.8,93.9,0.254,42.58,44.84
23-02-2019 18:30,10427,12.82,8.74,1.568,1.133,3.409,29.16,38.29,26.45,22.7,85.5,67.33,54.27,93.9,0.0,9.15,10.18
23-02-2019 19:00,10428,12.79,-0.046,0.143,-0.054,1.695,33.75,38.47,26.23,22.39,94.7,66.02,53.22,95.2,0.0,1.977,2.528
23-02-2019 19:30,10429,12.76,-0.068,0.129,-0.057,2.182,32.08,29.11,26.13,22.67,96,60.76,48.93,95.7,0.0,2.226,2.661
23-02-2019 20:00,10430,12.74,-0.064,0.106,-0.071,2.793,30.78,29.15,25.93,22.65,95,60.07,48.44,95.9,0.762,3.225,3.775
23-02-2019 20:30,10431,12.71,-0.067,0.087,-0.087,2.882,34.44,32.27,25.41,21.91,98.6,60.63,48.93,96.0,0.0,2.543,3.075
23-02-2019 21:00,10432,12.72,-0.071,0.087,-0.098,1.979,34.96,27.35,24.73,-16.41,NAN,57.24,46.18,95.9,0.0,1.86,2.539
23-02-2019 21:30,10433,12.7,-0.061,0.108,-0.091,1.795,29.65,27.88,24.38,0.447,94.6,57.41,46.3,96.7,0.0,1.616,2.448
23-02-2019 22:00,10434,12.69,-0.066,0.112,-0.083,1.873,30.36,28.26,24.16,11.67,96.2,57.41,46.32,96.3,0.0,1.595,2.276
23-02-2019 22:30,10435,12.68,-0.066,0.12,-0.082,1.836,29.53,29.47,24.07,20.55,96.3,57.91,46.72,96.5,0.0,2.04,2.767
23-02-2019 23:00,10436,12.66,-0.062,0.123,-0.079,1.997,31.08,30.11,24.02,20.99,NAN,58.14,46.96,96.9,0.0,1.837,2.417
23-02-2019 23:30,10437,12.64,-0.057,0.114,-0.086,2.174,29.33,30.08,23.92,20.85,100.8,57.68,46.67,96.8,0.0,1.847,2.349
24-02-2019 00:00,10438,12.64,-0.053,0.111,-0.08,2.184,30.66,28.71,23.79,19.82,102,56.82,45.88,96.3,0.0,1.748,2.418
24-02-2019 00:30,10439,12.63,-0.06,0.111,-0.072,2.043,30.63,27.23,23.74,17.18,101.6,56.05,45.33,96.5,0.0,1.59,2.226
24-02-2019 01:00,10440,12.64,-0.05,0.101,-0.086,2.339,30.74,27.04,23.75,17.94,102.4,56.09,45.32,96.7,0.0,1.695,2.63
24-02-2019 01:30,10441,12.62,-0.055,0.101,-0.088,2.757,31.18,26.98,23.74,20.03,102.5,56.03,45.32,96.7,0.0,2.101,2.792
24-02-2019 02:00,10442,12.6,-0.051,0.091,-0.099,3.028,32.88,26.87,23.67,20.36,NAN,55.9,45.33,96.7,0.0,1.686,2.258
24-02-2019 02:30,10443,12.6,-0.047,0.082,-0.102,3.258,34.41,26.82,23.6,20.75,NAN,55.69,45.06,96.6,0.0,1.772,2.43
24-02-2019 03:00,10444,12.6,-0.042,0.074,-0.096,2.884,30.59,25.84,23.5,20.57,NAN,54.97,44.47,96.9,0.254,1.547,2.273
24-02-2019 03:30,10445,12.58,-0.05,0.064,-0.093,2.633,29.86,25.25,23.54,20.9,102.4,54.27,43.91,96.9,0.0,1.819,2.576
24-02-2019 04:00,10446,12.56,-0.059,0.048,-0.094,2.593,30.72,25.22,23.49,20.81,102.7,53.99,43.61,96.6,0.0,1.721,2.552
24-02-2019 04:30,10447,12.56,-0.059,0.04,-0.086,2.071,30.56,25.12,23.36,-22.34,102.4,53.53,43.36,96.4,0.0,1.833,2.592
24-02-2019 05:00,10448,12.56,-0.058,0.028,-0.09,1.93,31.85,25.13,23.44,-25.29,NAN,53.37,43.32,97.0,0.0,1.49,2.322
24-02-2019 05:30,10449,12.57,-0.049,0.026,-0.078,2.227,27.85,25.11,23.37,-26.56,99.6,52.99,42.89,97.1,0.0,1.692,2.358
24-02-2019 06:00,10450,12.57,0.09,0.043,-0.061,2.561,27.98,25.44,23.33,3.036,99.4,52.99,42.72,97.2,0.0,1.823,2.389
24-02-2019 06:30,10451,12.58,16.99,2.281,1.642,2.61,28.45,25.2,23.28,14.28,99.9,52.8,42.62,97.2,0.0,15.04,16.8
24-02-2019 07:00,10452,12.85,132.6,11.45,8.5,3.583,29.36,25.24,23.4,12.41,99.3,53.99,43.58,97.2,0.0,68.02,115.3
24-02-2019 07:30,10453,13.54,248.6,21.92,16.06,4.821,28.18,25.76,23.76,12.11,95.7,56.66,45.75,97.1,0.0,131.8,197.6
24-02-2019 08:00,10454,14.11,350.0,30.19,25.67,6.032,27.08,26.22,24.2,12.27,93.2,58.69,47.46,97.1,0.0,172.7,271.6
24-02-2019 08:30,10455,14.09,517.9,35.86,37.05,6.311,27.84,26.88,24.81,11.86,89,61.24,49.56,96.4,0.0,182.8,389.0
24-02-2019 09:00,10456,14.12,809.0,115.2,39.62,5.497,31.59,28.03,25.75,12.44,85.1,64.64,52.46,96.1,0.0,189.7,596.5
24-02-2019 09:30,10457,13.48,922.0,274.8,90.2,7.139,31.6,29.17,26.83,13.12,78.66,68.18,55.57,93.9,0.0,220.5,687.8
24-02-2019 10:00,10458,13.48,898.0,76.5,211.3,7.105,36.71,29.86,27.46,14.41,78.97,70.07,57.13,90.9,0.0,262.9,691.8
24-02-2019 10:30,10459,13.46,973.0,344.7,76.65,7.556,35.17,30.12,27.66,14.86,76.49,70.73,57.7,90.1,0.0,280.8,731.8
24-02-2019 11:00,10460,13.5,890.0,226.9,67.57,6.843,31.29,31.88,28.33,14.5,71.19,72.22,58.83,89.0,0.0,277.6,684.9
24-02-2019 11:30,10461,13.49,1457.0,105.5,128.0,16.36,30.82,35.54,29.27,15.63,66.32,75.06,61.32,82.7,0.0,359.5,1099.0
24-02-2019 12:00,10462,13.47,653.9,62.19,101.1,17.39,31.05,36.49,29.28,23.04,65.48,75.27,61.44,81.4,0.0,385.4,534.0
24-02-2019 12:30,10463,13.46,629.9,61.14,97.1,19.69,31.2,36.23,29.04,22.76,65.18,75.59,61.58,83.6,0.0,397.2,506.2
24-02-2019 13:00,10464,13.47,735.6,66.53,176.8,47.85,31.43,36.25,29.01,17.11,63.75,75.78,61.65,84.4,0.0,446.8,575.5
24-02-2019 13:30,10465,13.47,1190.0,79.45,475.9,34.97,33.33,37.69,29.93,19.9,62.17,77.53,63.07,81.2,0.0,468.6,920.0
24-02-2019 14:00,10466,13.46,590.1,49.95,154.2,14.86,33.61,38.02,29.83,25.48,62.17,77.16,62.96,77.18,0.0,338.7,477.6
24-02-2019 14:30,10467,13.45,1334.0,96.1,202.8,17.35,33.8,40.07,30.49,25.7,60.24,79.19,64.58,82.0,0.0,351.0,970.0
24-02-2019 15:00,10468,13.46,1059.0,152.8,322.5,12.02,32.25,44.32,30.75,26.0,56.78,81.4,66.32,80.2,0.0,288.5,761.8
24-02-2019 15:30,10469,13.46,740.3,81.5,50.34,8.2,31.86,44.28,30.49,25.94,55.76,81.0,66.08,77.46,0.0,209.8,537.9
24-02-2019 16:00,10470,13.46,717.8,57.28,45.73,7.049,32.22,44.57,30.38,25.67,55.46,81.5,66.48,78.49,0.0,193.6,523.4
24-02-2019 16:30,10471,13.46,315.6,45.04,28.71,6.78,31.43,42.93,30.22,25.8,56.16,79.88,65.2,75.9,0.0,160.9,241.2
24-02-2019 17:00,10472,13.45,175.8,24.04,21.6,5.647,31.61,40.87,29.22,25.52,60.86,77.87,63.52,78.84,0.0,131.4,136.5
24-02-2019 17:30,10473,13.46,100.3,13.14,12.3,4.081,33.74,42.02,28.66,25.16,67.34,77.61,63.11,81.3,0.0,77.54,80.8
24-02-2019 18:00,10474,13.09,50.18,5.565,4.455,2.038,32.16,41.34,28.05,24.85,69.3,76.53,62.18,83.0,0.0,34.53,38.36
24-02-2019 18:30,10475,12.8,8.69,1.239,0.839,1.049,31.2,40.79,27.59,24.72,71.1,74.28,60.38,84.5,0.0,9.21,10.08
24-02-2019 19:00,10476,12.76,-0.043,0.142,-0.084,0.662,29.61,35.77,27.04,24.48,73.44,70.64,57.43,88.4,0.0,2.184,2.583
24-02-2019 19:30,10477,12.74,-0.084,0.141,-0.079,0.467,30.44,33.75,26.54,24.14,75.79,69.1,56.23,89.0,0.0,1.897,2.722
24-02-2019 20:00,10478,12.71,-0.08,0.146,-0.076,0.144,31.15,31.84,26.18,24.03,79.92,67.32,54.84,89.8,0.0,2.209,3.054
24-02-2019 20:30,10479,12.72,-0.081,0.134,-0.073,0.164,30.13,33.28,25.87,23.97,81.5,66.74,54.4,89.0,0.0,2.095,2.823
24-02-2019 21:00,10480,12.68,-0.077,0.131,-0.076,0.319,29.2,36.51,25.74,23.84,81.2,67.88,55.29,89.1,0.0,1.728,1.864
24-02-2019 21:30,10481,12.67,-0.074,0.136,-0.062,1.077,29.04,35.14,25.54,23.59,81.2,67.1,54.65,90.0,0.0,1.472,2.058
24-02-2019 22:00,10482,12.65,-0.075,0.139,-0.051,-0.302,28.97,32.17,25.46,23.04,81.1,65.45,53.32,91.0,0.0,1.53,2.129
24-02-2019 22:30,10483,12.64,-0.073,0.138,-0.056,-0.759,29.36,31.48,25.41,23.15,83.9,64.3,52.41,92.6,0.0,2.063,2.574
24-02-2019 23:00,10484,12.64,-0.074,0.125,-0.068,0.149,30.5,32.08,25.28,23.22,84.6,64.15,52.35,92.4,0.0,1.636,2.226
24-02-2019 23:30,10485,12.64,-0.08,0.127,-0.066,0.854,31.09,32.76,25.08,23.14,82.9,64.89,52.99,92.7,0.0,1.638,2.337
25-02-2019 00:00,10486,12.61,-0.077,0.128,-0.066,0.394,35.81,31.59,25.12,23.23,90.6,63.84,52.15,92.2,0.0,2.192,2.828
25-02-2019 00:30,10487,12.6,-0.069,0.129,-0.059,0.344,36.72,31.08,25.05,22.4,94.3,63.03,51.52,91.2,0.0,1.664,2.311
25-02-2019 01:00,10488,12.6,-0.072,0.128,-0.061,0.549,31.06,30.97,24.93,20.98,90,62.35,50.96,91.0,0.0,1.969,2.525
25-02-2019 01:30,10489,12.57,-0.073,0.111,-0.071,0.678,30.24,33.6,24.77,21.44,91,62.85,51.34,92.0,0.0,2.577,3.666
25-02-2019 02:00,10490,12.56,-0.07,0.097,-0.087,0.507,28.47,35.91,24.49,14.46,92.1,62.99,51.38,92.7,0.0,1.967,2.642
25-02-2019 02:30,10491,12.56,-0.065,0.104,-0.075,0.387,26.62,27.93,24.27,13.66,90.9,58.58,47.81,93.6,0.0,1.661,1.996
25-02-2019 03:00,10492,12.57,-0.061,0.098,-0.079,0.426,26.15,27.2,24.13,12.27,92.8,57.76,47.21,92.8,0.0,2.051,2.608
25-02-2019 03:30,10493,12.52,-0.06,0.085,-0.092,0.748,25.7,26.65,23.95,12.01,93.7,57.06,46.58,93.3,0.0,1.691,2.355
25-02-2019 04:00,10494,12.52,-0.055,0.095,-0.08,0.673,25.67,26.33,23.95,12.96,94,56.63,46.2,94.3,0.0,1.942,2.806
25-02-2019 04:30,10495,12.53,-0.064,0.074,-0.089,0.58,25.8,26.22,23.75,13.31,93.6,56.27,45.81,94.3,0.0,1.579,2.154
25-02-2019 05:00,10496,12.52,-0.062,0.081,-0.09,0.76,25.83,25.91,23.61,12.5,93.1,55.95,45.6,94.4,0.0,1.605,2.164
25-02-2019 05:30,10497,12.49,-0.056,0.073,-0.087,0.935,26.39,25.99,23.47,12.48,96.3,55.68,45.52,95.2,0.0,2.047,2.878
25-02-2019 06:00,10498,12.49,0.088,0.084,-0.08,0.901,28.31,28.1,23.33,12.27,100.3,56.44,46.02,95.3,0.0,1.937,2.607
25-02-2019 06:30,10499,12.51,18.24,2.094,1.478,1.079,28.67,34.39,23.22,11.91,98.1,59.44,48.58,95.8,0.0,13.9,15.56
25-02-2019 07:00,10500,12.75,136.3,10.52,7.779,2.457,29.25,35.47,23.42,12.04,95.4,62.03,50.63,96.0,0.0,59.7,101.1
25-02-2019 07:30,10501,13.46,282.7,19.28,8.91,2.691,27.95,35.53,23.76,12.06,86.6,67.24,55.2,95.6,0.0,68.18,206.4
25-02-2019 08:00,10502,14.01,443.2,20.29,12.6,3.354,35.64,36.62,24.48,12.04,87.5,71.91,59.23,95.6,0.0,87.9,321.3
25-02-2019 08:30,10503,14.12,587.7,24.96,33.38,3.663,35.35,37.66,25.61,12.46,86,72.55,59.74,94.8,0.0,94.4,409.5
25-02-2019 09:00,10504,14.13,753.1,79.61,37.92,3.756,31.68,39.04,26.46,12.73,75.98,75.62,62.21,92.3,0.0,108.7,526.4
25-02-2019 09:30,10505,14.13,922.0,265.0,84.0,3.693,35.98,41.54,27.21,13.24,74.76,78.7,64.64,89.6,0.0,126.5,652.8
25-02-2019 10:00,10506,13.47,1084.0,46.71,430.7,4.447,36.72,32.88,28.17,14.87,70.59,74.42,61.12,83.0,0.0,127.2,765.7
25-02-2019 10:30,10507,13.47,1242.0,431.0,173.0,9.49,32.72,31.47,29.07,5.222,61.66,73.87,60.77,82.2,0.0,123.8,872.0
25-02-2019 11:00,10508,13.5,1337.0,530.0,80.0,8.01,40.14,31.67,29.6,14.55,66.9,74.31,61.2,78.89,0.0,148.9,948.0
25-02-2019 11:30,10509,13.48,1308.0,64.85,128.2,16.53,38.08,31.96,30.36,10.73,64.08,74.47,61.27,75.73,0.0,266.6,931.0
25-02-2019 12:00,10510,13.47,955.0,66.84,129.5,33.2,40.03,31.81,30.39,14.58,67.26,74.92,61.64,77.91,0.0,430.7,725.6
25-02-2019 12:30,10511,13.47,1155.0,89.3,139.1,35.44,39.62,31.41,30.25,11.58,68.31,74.88,61.79,74.29,0.0,541.2,863.0
25-02-2019 13:00,10512,13.46,885.0,87.5,172.3,59.39,39.18,31.06,29.71,8.61,68.45,74.83,61.72,78.54,0.0,602.2,682.4
25-02-2019 13:30,10513,13.43,610.2,68.09,91.7,15.26,38.43,30.34,28.97,7.766,70.79,74.1,61.25,81.8,0.0,455.3,473.1
25-02-2019 14:00,10514,13.44,804.0,89.1,138.8,23.08,35.99,30.54,29.14,7.345,68.76,74.41,61.4,82.5,0.0,578.2,623.7
25-02-2019 14:30,10515,13.47,782.5,72.78,110.3,16.23,35.65,30.73,29.2,7.374,65.45,74.48,61.62,79.95,0.0,448.6,582.3
25-02-2019 15:00,10516,13.47,1091.0,65.19,360.1,5.104,35.79,31.45,29.6,7.258,65.58,74.83,61.84,79.67,0.0,196.3,707.4
25-02-2019 15:30,10517,13.46,952.0,128.5,57.47,4.19,35.95,32.01,30.15,7.909,63.39,75.35,62.39,76.09,0.0,187.7,632.5
25-02-2019 16:00,10518,13.47,600.2,83.4,61.31,6.111,36.22,31.66,29.7,7.666,64.4,75.59,62.56,79.3,0.0,292.7,416.7
25-02-2019 16:30,10519,13.46,285.3,41.42,31.69,3.761,35.82,30.88,29.31,7.496,65.91,74.45,61.54,82.1,0.0,185.3,211.2
25-02-2019 17:00,10520,13.46,283.1,32.66,22.81,2.967,33.89,30.2,28.8,6.456,69.52,73.61,60.8,83.2,0.0,138.6,189.7
25-02-2019 17:30,10521,13.47,84.7,9.43,9.71,0.892,34.08,29.27,28.36,3.263,74.97,71.66,59.23,85.8,0.0,62.45,68.21
25-02-2019 18:00,10522,13.43,43.24,5.014,5.503,0.075,36.13,28.43,27.56,18.83,79.05,70.42,58.21,85.9,0.0,33.06,34.3
25-02-2019 18:30,10523,12.81,10.66,1.328,1.368,-0.855,32.02,28.01,27.11,2.516,79.73,68.01,56.11,86.3,0.0,12.26,13.09
25-02-2019 19:00,10524,12.76,-0.032,0.06,-0.068,-0.972,28.66,27.2,26.53,3.708,83,65.45,54.05,86.7,0.0,3.535,3.947
25-02-2019 19:30,10525,12.73,-0.064,0.063,-0.072,-0.267,31.59,26.64,25.97,15.98,87.5,64.62,53.4,88.1,0.0,2.374,2.919
25-02-2019 20:00,10526,12.72,-0.07,0.073,-0.066,-0.933,29.25,26.28,25.49,21.19,90.4,62.61,51.75,89.6,0.0,2.7,3.275
25-02-2019 20:30,10527,12.71,-0.061,0.064,-0.071,-1.342,26.59,26.41,25.11,-19.7,89.7,60.99,50.31,90.5,0.0,1.917,2.9
25-02-2019 21:00,10528,12.68,-0.056,0.071,-0.071,-1.448,31.2,30.79,24.8,-36.18,95.5,62.55,51.63,90.7,0.0,1.969,2.51
25-02-2019 21:30,10529,12.68,-0.065,0.073,-0.068,-1.326,29.4,28.86,24.65,-7.871,94.2,61.42,50.72,90.2,0.0,1.599,2.442
25-02-2019 22:00,10530,12.67,-0.063,0.067,-0.062,-0.986,27.5,27.54,24.5,22.49,93.9,60.59,49.86,91.2,0.0,1.687,2.723
25-02-2019 22:30,10531,12.64,-0.068,0.075,-0.066,-0.755,27.13,27.06,24.37,22.67,94.3,60.07,49.58,92.3,0.0,1.647,2.236
25-02-2019 23:00,10532,12.64,-0.059,0.077,-0.063,-0.899,28.52,27.17,24.32,22.51,96.7,59.87,49.5,92.7,0.0,1.752,2.33
25-02-2019 23:30,10533,12.62,-0.054,0.078,-0.064,-0.903,32.51,27.39,24.26,22.01,101.1,59.78,49.28,92.8,0.0,1.65,2.513
26-02-2019 00:00,10534,12.6,-0.064,0.067,-0.069,-0.892,30.01,27.32,24.17,18.63,98.8,59.43,49.1,93.0,0.0,1.689,2.468
26-02-2019 00:30,10535,12.61,-0.064,0.07,-0.067,-0.82,27.61,27.12,24.05,21.3,97.2,59.21,48.83,93.7,0.0,1.743,2.314
26-02-2019 01:00,10536,12.6,-0.055,0.069,-0.068,-0.717,26.33,27.43,23.94,21.65,96.8,59.12,48.79,94.0,0.0,1.733,2.61
26-02-2019 01:30,10537,12.56,-0.047,0.063,-0.071,-0.738,26.51,29.9,23.9,21.32,97.1,59.98,49.59,93.7,0.0,1.828,2.423
26-02-2019 02:00,10538,12.56,-0.052,0.057,-0.066,-0.785,26.82,31.55,23.87,21.32,97.1,60.52,49.91,93.8,0.0,1.652,2.448
26-02-2019 02:30,10539,12.56,-0.051,0.053,-0.077,-0.663,27.62,32.29,23.74,21.02,98.2,60.68,50.12,94.3,0.0,1.669,2.403
26-02-2019 03:00,10540,12.55,-0.03,0.061,-0.062,-0.734,27.44,35.06,23.63,20.58,97.6,61.93,51.1,94.4,0.0,1.667,2.246
26-02-2019 03:30,10541,12.57,-0.034,0.063,-0.057,-0.907,27.39,36.28,23.54,20.24,97.9,62.29,51.31,94.6,0.0,1.748,2.228
26-02-2019 04:00,10542,12.57,-0.033,0.068,-0.044,-0.882,27.66,34.96,23.51,19.32,97.9,61.47,50.63,94.8,0.0,1.429,2.289
26-02-2019 04:30,10543,12.6,-0.032,0.061,-0.038,-0.921,27.46,34.46,23.54,18.71,97.8,61.09,50.39,94.3,0.0,1.587,2.34
26-02-2019 05:00,10544,12.58,-0.031,0.065,-0.05,-1.036,27.35,34.73,23.54,19.2,98.2,61.11,50.35,94.8,0.0,1.687,2.518
26-02-2019 05:30,10545,12.56,-0.03,0.052,-0.046,-0.866,27.24,34.79,23.51,19.3,98,61.07,50.29,95.2,0.0,1.504,2.291
26-02-2019 06:00,10546,12.53,0.044,0.069,-0.039,-0.958,27.04,34.83,23.44,-2.314,98.3,60.5,49.69,95.8,0.0,1.778,2.551
26-02-2019 06:30,10547,12.56,6.428,0.923,0.863,-1.011,26.93,35.54,23.44,-33.67,97.9,59.79,48.8,96.1,0.0,4.87,5.774
26-02-2019 07:00,10548,12.58,73.3,9.56,7.76,0.06,27.08,36.94,23.51,-34.47,97.6,61.47,50.19,96.2,0.0,51.63,54.54
26-02-2019 07:30,10549,13.35,354.9,28.95,15.12,1.962,27.98,39.32,24.07,-33.79,93,67.55,55.36,96.1,0.0,138.4,251.8
26-02-2019 08:00,10550,14.09,441.5,47.25,33.57,3.677,28.57,41.32,25.07,-28.4,86.9,71.43,58.72,95.0,0.0,243.9,323.4
26-02-2019 08:30,10551,14.11,347.4,42.17,42.97,5.784,27.64,39.87,25.4,-28.62,87.6,70.23,57.82,93.4,0.0,248.0,258.5
26-02-2019 09:00,10552,14.09,583.9,75.26,57.81,6.792,29.8,40.0,25.66,-34.56,86.2,73.66,60.62,94.3,0.0,356.3,411.5
26-02-2019 09:30,10553,13.46,496.7,65.37,63.42,8.6,27.81,37.42,26.35,-21.2,79.55,72.7,59.76,92.3,0.0,350.3,362.0
26-02-2019 10:00,10554,13.47,706.6,86.0,106.6,9.63,28.98,38.81,26.81,-14.35,76.97,74.7,61.61,89.7,0.0,413.4,508.1
26-02-2019 10:30,10555,13.48,638.0,84.4,83.5,12.27,29.25,39.66,26.71,-33.43,77.65,75.39,62.23,91.6,0.0,431.6,464.1
26-02-2019 11:00,10556,13.47,965.0,137.4,131.0,21.54,30.77,35.35,27.39,-26.34,74.3,75.2,62.07,89.5,0.0,623.2,712.8
26-02-2019 11:30,10557,13.49,969.0,96.8,141.3,28.29,36.42,31.78,28.19,-21.27,75.56,74.3,61.51,87.4,0.0,622.2,708.4
26-02-2019 12:00,10558,13.47,939.0,82.5,154.7,32.28,34.63,31.5,28.52,-29.45,72.24,74.47,61.72,86.8,0.0,523.1,687.9
26-02-2019 12:30,10559,13.45,691.0,65.59,107.0,19.47,39.55,31.74,28.74,-28.5,75.8,74.6,61.81,84.7,0.0,446.0,509.8
26-02-2019 13:00,10560,13.47,717.1,64.02,151.5,26.8,41.38,31.04,28.01,-29.41,79.91,73.5,60.68,88.6,0.0,421.7,510.1
26-02-2019 13:30,10561,13.46,840.0,66.36,217.0,20.83,35.86,31.87,28.9,-15.47,72.4,74.62,61.63,87.8,0.0,424.7,612.3
26-02-2019 14:00,10562,13.46,1298.0,56.45,202.7,34.28,36.95,33.97,29.77,0.98,70.61,76.11,62.81,80.0,0.0,325.2,876.0
26-02-2019 14:30,10563,13.44,1144.0,62.28,118.8,13.15,39.11,37.46,29.88,0.574,71.03,78.3,64.77,79.98,0.0,322.3,762.1
26-02-2019 15:00,10564,13.46,644.5,72.11,98.5,14.82,40.02,32.94,29.62,0.745,76.6,75.52,62.47,81.8,0.0,412.9,472.4
26-02-2019 15:30,10565,13.47,577.5,96.0,69.79,9.11,41.72,32.1,28.86,-0.622,82.2,74.76,61.82,82.6,0.0,328.9,412.6
26-02-2019 16:00,10566,13.47,664.1,172.3,50.56,4.941,38.84,32.46,28.69,-0.703,79.94,75.38,62.31,86.3,0.0,247.5,434.1
26-02-2019 16:30,10567,13.46,392.9,136.9,38.34,3.312,36.9,32.67,28.81,0.139,77.82,75.78,62.45,88.1,0.0,190.7,268.2
26-02-2019 17:00,10568,13.46,130.0,15.44,10.99,1.132,36,31.23,28.1,-0.416,84.8,72.39,59.56,90.1,0.0,73.79,85.4
26-02-2019 17:30,10569,13.46,226.7,22.82,20.62,2.228,34.9,30.99,27.81,-1.844,82.7,72.88,59.88,91.7,0.0,119.1,148.9
26-02-2019 18:00,10570,13.46,119.9,13.35,10.44,0.566,37.31,29.84,26.99,-4.146,93.7,68.43,56.42,92.1,0.0,79.02,92.5
26-02-2019 18:30,10571,12.8,12.55,1.491,1.368,-0.652,34.76,28.69,26.11,4.891,NAN,64.69,53.13,94.8,0.0,13.21,14.52
26-02-2019 19:00,10572,12.73,-0.029,0.148,-0.086,-0.787,29.88,29.46,25.64,11.83,96.1,63.22,51.97,94.7,0.0,2.988,3.561
26-02-2019 19:30,10573,12.73,-0.072,0.139,-0.091,-1.31,27.79,28.79,25.1,-25.23,94.6,61.75,50.73,94.0,0.0,2.252,2.905
26-02-2019 20:00,10574,12.72,-0.062,0.138,-0.084,-0.161,31.9,27.73,24.74,-36.8,99.2,61.05,50.14,94.3,0.0,2.097,3.004
26-02-2019 20:30,10575,12.72,-0.064,0.13,-0.081,-1.105,28.71,29.04,24.53,-38.05,95.6,61.24,50.26,95.5,0.0,1.422,1.774
26-02-2019 21:00,10576,12.69,-0.066,0.112,-0.077,-1.436,27.73,29.63,24.53,-37.06,93.1,61.24,50.24,95.4,0.0,1.539,2.143
26-02-2019 21:30,10577,12.68,-0.067,0.093,-0.079,-1.3,27.44,29.57,24.59,-37.37,94.8,60.55,49.62,95.9,0.0,1.917,2.855
26-02-2019 22:00,10578,12.65,-0.07,0.077,-0.072,-1.244,27.25,29.54,24.5,-36.71,92,60.24,49.34,94.7,0.0,1.383,1.928
26-02-2019 22:30,10579,12.64,-0.073,0.084,-0.064,-0.625,26.94,29.26,24.27,-33.78,90.7,60.09,49.34,93.7,0.0,2.202,3.051
26-02-2019 23:00,10580,12.63,-0.08,0.081,-0.071,-1.366,26.64,28.9,23.9,-35.33,90.6,59.55,48.87,93.7,0.0,1.844,2.632
26-02-2019 23:30,10581,12.62,-0.061,0.097,-0.068,-0.717,27.13,32.66,23.78,-37.8,85.4,62.39,51.16,93.9,0.0,1.014,1.366
27-02-2019 00:00,10582,12.6,-0.079,0.084,-0.058,-1.539,26.86,33.39,24.17,-38.63,88.4,62.44,51.24,93.7,0.0,2.016,2.781
27-02-2019 00:30,10583,12.61,-0.071,0.068,-0.067,-1.456,26.65,33.13,24.1,-38.64,90.1,62.04,50.95,93.6,0.0,2.057,2.72
27-02-2019 01:00,10584,12.58,-0.076,0.066,-0.066,-1.386,26.43,33.13,23.96,-38.63,91.6,61.74,50.61,93.6,0.0,1.559,2.3
27-02-2019 01:30,10585,12.61,-0.048,0.068,-0.058,-1.338,26.34,33.0,23.86,-38.61,92.9,61.44,50.46,94.0,0.0,1.735,2.38
27-02-2019 02:00,10586,12.65,-0.042,0.085,-0.056,-1.215,26.24,33.02,23.8,-38.69,94.1,61.12,50.18,95.0,0.0,1.712,2.263
27-02-2019 02:30,10587,12.62,-0.038,0.074,-0.065,-1.344,26.23,33.28,23.82,-38.62,95,60.87,49.87,95.3,0.0,1.957,2.337
27-02-2019 03:00,10588,12.57,-0.039,0.078,-0.051,-1.153,26.21,33.48,23.82,-38.72,95.1,60.84,49.91,95.3,0.0,1.488,2.128
27-02-2019 03:30,10589,12.61,-0.036,0.069,-0.056,-1.047,26.19,33.64,23.82,-38.75,95.6,60.75,49.72,95.7,0.0,1.4,2.215
27-02-2019 04:00,10590,12.58,-0.033,0.061,-0.047,-0.954,26.11,33.59,23.84,-38.99,96.2,60.49,49.49,95.6,0.0,1.788,2.664
27-02-2019 04:30,10591,12.58,-0.037,0.05,-0.056,-0.577,26.37,33.59,23.79,-38.87,96.6,60.25,49.38,96.0,0.0,1.744,2.811
27-02-2019 05:00,10592,12.56,-0.037,0.038,-0.059,-0.442,26.77,33.54,23.69,-38.51,96.3,59.96,49.1,95.1,0.0,1.858,2.819
27-02-2019 05:30,10593,12.56,-0.039,0.04,-0.057,-0.592,28.94,35.1,23.53,-38.44,98.6,60.58,49.68,95.1,0.0,1.579,2.386
27-02-2019 06:00,10594,12.56,0.028,0.052,-0.045,-0.573,34.01,37.94,23.46,-39.36,103.7,61.78,50.61,95.8,0.0,1.678,2.326
27-02-2019 06:30,10595,12.56,10.86,1.321,1.402,-0.431,35.96,36.78,23.46,-39.63,NAN,61.17,50.05,95.6,0.0,9.22,10.02
27-02-2019 07:00,10596,12.72,64.34,8.17,8.38,0.702,35.15,35.35,23.53,-39.91,102.8,60.96,49.94,95.7,0.0,48.46,50.19
27-02-2019 07:30,10597,13.31,150.9,18.77,20.09,1.679,35.55,35.22,23.79,-40.2,98.9,62.65,51.23,94.8,0.0,109.0,114.1
27-02-2019 08:00,10598,13.5,161.2,18.32,23.34,2.4,35.63,35.59,23.92,-40.29,98.5,64.24,52.61,93.7,0.0,116.6,121.5
27-02-2019 08:30,10599,13.71,191.1,21.84,25.33,2.628,35.65,35.96,24.02,-40.35,98.5,65.9,54.03,94.5,0.0,132.6,137.2
27-02-2019 09:00,10600,14.13,342.1,38.34,44.2,5.499,32,36.12,24.35,-40.38,95.1,67.78,55.58,94.3,0.0,236.8,245.2
27-02-2019 09:30,10601,14.09,574.0,72.29,72.48,8.32,26.89,37.3,24.97,-40.14,87.5,71.65,58.73,94.7,0.0,370.5,408.0
27-02-2019 10:00,10602,14.11,909.0,98.9,156.4,10.58,28.29,39.07,26.05,-39.55,81.9,75.98,62.54,94.5,0.0,531.5,660.2
27-02-2019 10:30,10603,13.46,843.0,253.0,128.1,9.19,30.24,34.75,27.42,18.02,78.49,75.55,62.35,91.7,0.0,453.9,625.8
27-02-2019 11:00,10604,13.48,628.8,65.48,66.95,8.64,29.95,33.12,27.33,19.28,79.71,72.29,59.57,90.5,0.0,352.4,451.2
27-02-2019 11:30,10605,13.47,764.4,57.95,79.45,8.91,30.58,32.89,27.71,-9.81,75.75,72.8,60.04,88.5,0.0,358.7,558.8
27-02-2019 12:00,10606,13.49,992.0,76.52,185.9,22.02,30.75,31.75,27.43,-38.52,77.64,71.89,59.3,88.8,0.0,453.7,699.1
27-02-2019 12:30,10607,13.47,1385.0,83.9,148.8,20.72,39.1,32.07,28.92,-17.87,76.62,74.59,61.56,86.7,0.0,474.3,1001.0
27-02-2019 13:00,10608,13.47,881.0,67.36,176.2,222.3,40.03,32.02,28.92,-8.49,78.87,74.36,61.43,82.1,0.0,429.6,644.4
27-02-2019 13:30,10609,13.45,858.0,65.46,321.4,27.45,39.99,32.06,28.59,-6.504,79.74,74.09,61.19,81.9,0.508,388.5,623.2
27-02-2019 14:00,10610,13.49,527.6,57.26,116.5,11.24,29.51,27.96,25.53,-23.83,88.4,65.13,54.12,92.9,0.762,312.9,388.2
27-02-2019 14:30,10611,13.47,1271.0,73.0,131.5,9.29,30.85,29.93,26.59,-34.42,80.6,69.4,57.17,96.9,0.0,311.6,836.0
27-02-2019 15:00,10612,13.47,1124.0,75.08,271.7,7.811,33.14,31.46,28.11,-33.99,70.08,73.8,61.02,90.3,0.0,284.9,762.7
27-02-2019 15:30,10613,13.5,806.0,125.2,47.17,3.275,38.56,31.72,28.13,-33.65,76.82,75.19,63.16,91.2,0.254,221.9,538.7
27-02-2019 16:00,10614,13.49,813.0,163.4,55.78,4.102,36.08,32.52,28.62,-33.79,71.71,76.62,64.55,91.3,0.0,257.0,557.2
27-02-2019 16:30,10615,13.5,525.0,53.19,51.51,1.949,37.33,32.1,28.37,-34.61,72.57,75.8,63.58,89.5,0.0,134.2,343.6
27-02-2019 17:00,10616,13.51,418.2,26.82,18.18,2.062,37.7,32.41,28.4,-34.62,70.95,76.13,63.77,88.0,0.0,100.2,273.3
27-02-2019 17:30,10617,13.5,158.3,12.66,10.28,0.619,36.94,31.44,28.1,-34.5,71.37,74.59,62.22,89.0,0.0,69.56,107.5
27-02-2019 18:00,10618,12.89,37.04,4.738,3.281,-0.305,33.17,30.39,27.4,-34.84,74.3,71.1,59.2,87.4,0.0,24.12,24.94
27-02-2019 18:30,10619,12.78,8.09,0.972,0.688,-0.441,33,29.47,26.77,-35.3,81.1,68.07,56.53,86.8,0.0,7.263,7.901
27-02-2019 19:00,10620,12.76,-0.015,0.056,-0.096,-0.483,29.98,28.86,26.27,-35.37,78.02,67.06,55.55,88.4,0.0,2.119,2.722
27-02-2019 19:30,10621,12.74,-0.057,0.051,-0.08,-0.483,33.7,28.49,25.87,-36.13,83.3,66.16,54.85,90.4,0.0,1.926,2.497
27-02-2019 20:00,10622,12.71,-0.057,0.043,-0.083,-0.378,30.27,27.94,25.53,-36.09,79.2,65.54,54.32,90.2,0.0,1.704,2.328
27-02-2019 20:30,10623,12.71,-0.054,0.065,-0.063,-0.168,30,27.84,25.41,-36.35,80.1,65.24,53.97,92.1,0.0,1.389,2.139
27-02-2019 21:00,10624,12.71,-0.05,0.067,-0.079,-0.073,29.45,27.56,25.28,-36.93,90,63.17,52.21,93.7,0.254,4.494,5.646
27-02-2019 21:30,10625,12.7,-0.04,0.07,-0.109,0.002,30.91,26.75,24.76,-33.64,91.9,62.32,51.5,96.2,0.0,1.664,2.049
27-02-2019 22:00,10626,12.68,-0.034,0.082,-0.084,0.312,29.7,26.82,24.58,-7.714,97.4,61.72,50.93,97.4,0.0,2.413,2.883
27-02-2019 22:30,10627,12.65,-0.024,0.134,-0.094,-0.351,26.3,26.88,24.45,-30.58,96.3,61.14,50.39,97.2,0.0,1.851,2.57
27-02-2019 23:00,10628,12.66,0.006,0.203,-0.087,-0.318,26.29,26.88,24.35,-31.48,97,61.14,50.42,96.8,0.0,1.923,2.708
27-02-2019 23:30,10629,12.7,0.007,0.211,-0.086,-0.6,26.49,26.75,24.23,-36.06,96.8,60.93,50.16,96.9,0.0,1.792,2.573
28-02-2019 00:00,10630,12.69,0.001,0.21,-0.082,-0.487,26.4,26.7,24.1,-35.98,95.4,60.58,49.98,97.3,0.254,1.801,2.567
28-02-2019 00:30,10631,12.68,-0.005,0.217,-0.08,-0.412,26.45,26.51,23.91,-38.12,94.7,60.32,49.73,96.8,0.0,1.798,2.519
28-02-2019 01:00,10632,12.68,-0.016,0.206,-0.071,-0.376,27.03,26.82,23.84,-39.04,92.6,60.29,49.65,96.5,0.0,1.418,1.887
28-02-2019 01:30,10633,12.66,-0.026,0.195,-0.066,-0.224,27.09,27.02,23.83,-39.1,90.9,60.41,49.75,96.6,0.0,1.482,2.288
28-02-2019 02:00,10634,12.65,-0.025,0.18,-0.064,-0.095,26.91,26.92,23.81,-38.83,90.3,60.16,49.47,97.0,0.0,1.527,2.403
28-02-2019 02:30,10635,12.6,-0.021,0.171,-0.066,0.096,26.94,26.74,23.79,-39.27,89.2,59.92,49.3,97.0,0.0,1.678,2.453
28-02-2019 03:00,10636,12.63,-0.032,0.158,-0.075,0.283,26.82,26.65,23.7,-38.98,89.8,59.53,48.93,96.6,0.0,2.055,2.646
28-02-2019 03:30,10637,12.56,-0.027,0.146,-0.083,0.139,26.57,26.51,23.63,-38.44,91.5,59.07,48.69,96.5,0.0,1.875,2.678
28-02-2019 04:00,10638,12.61,-0.021,0.145,-0.074,0.006,26.2,26.89,23.54,-38.84,92.1,59.03,48.52,96.5,0.0,1.997,2.635
28-02-2019 04:30,10639,12.6,-0.021,0.14,-0.073,-0.005,26.4,28.58,23.53,-38.32,96.4,59.76,49.15,97.1,0.0,2.038,2.778
28-02-2019 05:00,10640,12.59,-0.011,0.131,-0.079,0.081,26.74,30.34,23.47,-38.59,98.2,60.31,49.6,97.1,0.0,1.881,2.696
28-02-2019 05:30,10641,12.59,-0.012,0.133,-0.084,-0.03,26.36,30.43,23.36,-38.11,97.3,60.28,49.52,96.7,0.0,1.819,2.643
28-02-2019 06:00,10642,12.56,0.129,0.146,-0.061,0.227,26.21,25.24,23.28,-38.52,97.6,57.74,47.48,96.9,0.0,1.696,2.338
28-02-2019 06:30,10643,12.56,10.93,1.422,1.035,0.355,26.1,25.15,23.19,-39.19,97.7,57.54,47.31,97.1,0.0,8.37,9.01
28-02-2019 07:00,10644,12.68,59.45,7.77,5.865,0.756,26.03,25.25,23.22,-39.65,98.2,57.84,47.52,97.4,0.0,42.02,43.62
28-02-2019 07:30,10645,13.2,154.5,18.32,18.27,2.212,26.33,25.67,23.54,-39.84,97.1,59.09,48.58,97.6,0.0,112.4,115.7
28-02-2019 08:00,10646,13.82,296.7,35.88,36.71,4.566,27.21,26.37,24.08,-40.03,94.5,62.47,51.31,97.5,0.0,219.6,225.1
28-02-2019 08:30,10647,14.16,301.6,35.01,40.1,5.259,28.9,27.26,24.77,-40.13,92.5,64.49,53.03,97.2,0.0,221.6,228.0
28-02-2019 09:00,10648,14.15,309.8,34.1,42.17,5.958,28.79,27.72,25.19,-39.93,88.9,65.12,53.42,96.8,0.0,223.6,231.6
28-02-2019 09:30,10649,14.14,686.6,83.7,76.59,7.995,29.69,28.39,25.81,-39.82,84.5,69.08,56.82,96.5,0.0,357.7,492.2
28-02-2019 10:00,10650,13.48,1014.0,142.4,169.0,5.271,31.57,30.06,27.06,-37.25,75.92,73.25,60.59,93.3,0.0,309.8,704.9
28-02-2019 10:30,10651,13.49,904.0,118.0,106.8,11.75,31.11,30.27,27.46,-39.32,74.85,71.97,59.5,89.2,0.0,505.1,664.5
28-02-2019 11:00,10652,13.49,904.0,93.8,95.5,10.99,31.21,31.1,27.92,-39.94,71.86,72.75,59.98,86.9,0.0,497.9,675.2
28-02-2019 11:30,10653,13.5,792.8,69.78,96.8,11.91,32.76,32.78,28.2,-40.08,71.82,74.01,61.13,84.6,0.0,435.7,577.7
28-02-2019 12:00,10654,13.49,684.0,63.98,116.3,17.13,41.37,34.15,28.2,-40.28,79.32,75.42,62.4,86.6,0.0,446.3,505.2
28-02-2019 12:30,10655,13.5,574.3,62.04,88.3,12.95,48.34,34.52,28.1,-40.33,84.3,75.63,62.52,87.1,0.0,385.1,424.7
28-02-2019 13:00,10656,13.48,898.0,77.29,315.4,93.2,40.02,33.51,28.63,-40.4,72.34,75.61,62.59,87.2,0.0,389.6,645.5
28-02-2019 13:30,10657,13.49,854.0,69.38,349.0,17.6,39.38,31.26,29.03,-38.09,70.74,75.03,62.37,84.2,0.0,437.1,621.2
28-02-2019 14:00,10658,13.47,644.1,62.42,99.2,13.92,37.2,31.25,28.97,-37.25,68.69,75.12,62.43,85.0,0.0,459.6,486.3
11-03-2019 13:30,11185,13.61,508.9,65.11,87.2,9.48,26.53,33.12,25.21,23.52,84.5,70.5,58.57,93.2,0.0,330.7,346.6
11-03-2019 14:00,11186,13.59,225.0,30.06,35.62,3.671,26.68,33.06,25.23,23.58,84.5,69.34,57.7,93.1,0.0,147.0,153.8
11-03-2019 14:30,11187,13.61,197.2,26.19,31.28,3.058,26.13,32.54,24.99,23.47,86.9,67.26,55.94,93.5,0.0,125.5,130.1
11-03-2019 15:00,11188,13.6,171.4,23.05,27.87,2.21,25.29,31.88,24.46,23.11,90.7,65.0,54.06,92.7,0.0,111.8,116.5
11-03-2019 15:30,11189,13.63,145.1,21.16,24.47,2.945,25.21,31.73,23.96,22.75,93.7,63.6,52.84,93.9,0.0,97.4,101.9
11-03-2019 16:00,11190,13.63,140.4,21.3,22.12,2.611,25.11,31.54,23.69,22.04,94,63.52,52.77,95.5,0.254,98.9,102.4
11-03-2019 16:30,11191,13.69,110.6,16.29,15.97,1.372,24.9,31.99,23.46,21.87,93.4,63.71,52.96,96.0,0.0,79.82,82.6
11-03-2019 17:00,11192,13.64,86.4,11.79,12.94,0.708,24.9,32.38,23.46,22.33,94.9,63.62,52.75,96.5,0.0,64.3,66.56
11-03-2019 17:30,11193,13.69,75.45,10.6,12.22,0.503,24.78,32.75,23.55,22.36,95.2,63.18,52.43,96.4,0.0,58.89,61.35
11-03-2019 18:00,11194,13.24,32.84,4.96,5.281,-0.269,24.66,32.78,23.53,22.41,95.7,62.44,51.82,96.4,0.0,28.15,29.56
11-03-2019 18:30,11195,12.96,2.442,0.397,0.323,-0.813,24.61,32.76,23.35,22.27,95.8,61.2,50.79,96.0,0.0,4.101,4.918
11-03-2019 19:00,11196,12.92,0.02,0.041,-0.039,-0.954,24.53,33.04,23.18,22.17,96.4,61.08,50.67,96.5,0.0,1.696,2.522
11-03-2019 19:30,11197,12.92,0.01,0.038,-0.045,-0.495,24.53,34.1,23.07,22.08,96.5,61.47,50.95,96.7,0.0,1.862,2.855
11-03-2019 20:00,11198,12.88,0.008,0.047,-0.044,-0.073,24.57,35.34,22.92,21.95,96.9,61.94,51.32,96.6,0.0,1.697,2.614
11-03-2019 20:30,11199,12.87,0.017,0.039,-0.034,-1.056,24.25,32.61,22.83,21.93,96.8,60.19,49.89,96.6,0.0,1.61,2.092
11-03-2019 21:00,11200,12.86,0.016,0.048,-0.036,-1.121,24.08,25.7,22.68,21.71,96.6,56.71,47.02,97.1,0.0,1.58,2.478
11-03-2019 21:30,11201,12.85,0.016,0.073,-0.028,-0.494,24.06,25.22,22.62,21.69,96.7,57.56,47.75,97.0,0.0,1.881,2.581
11-03-2019 22:00,11202,12.86,0.027,0.081,-0.034,-0.348,23.97,25.01,22.59,21.67,97,57.62,47.85,97.0,0.0,1.905,2.44
11-03-2019 22:30,11203,12.85,0.032,0.067,-0.028,-0.729,23.86,24.94,22.58,21.65,97.2,57.3,47.62,96.9,0.0,1.677,2.501
11-03-2019 23:00,11204,12.84,0.04,0.049,-0.028,-0.92,23.79,24.92,22.59,21.62,97.5,57.05,47.4,97.2,0.0,1.444,2.2
11-03-2019 23:30,11205,12.83,0.034,0.049,-0.028,-0.861,23.82,24.9,22.58,21.7,97.5,56.95,47.36,97.1,0.0,1.635,2.391
12-03-2019 00:00,11206,12.81,0.038,0.052,-0.027,-0.728,23.85,24.94,22.6,21.73,97.6,57.12,47.48,97.2,0.0,1.479,2.318
12-03-2019 00:30,11207,12.8,0.043,0.059,-0.031,-0.718,23.77,24.93,22.59,21.71,97.7,57.38,47.72,97.3,0.0,1.818,2.511
12-03-2019 01:00,11208,12.8,0.044,0.049,-0.025,-0.845,23.65,24.82,22.5,21.62,97.8,56.92,47.35,97.5,0.0,1.651,2.449
12-03-2019 01:30,11209,12.8,0.05,0.05,-0.026,-0.871,23.62,24.89,22.56,21.68,98,57.02,47.43,97.8,0.0,1.836,2.368
12-03-2019 02:00,11210,12.8,0.062,0.043,-0.022,-0.885,23.58,24.98,22.57,21.74,98.1,56.82,47.23,97.5,0.0,1.656,2.651
12-03-2019 02:30,11211,12.79,0.075,0.083,-0.026,-0.403,23.54,24.96,22.55,21.68,98.2,57.6,47.89,97.5,0.0,1.543,2.371
12-03-2019 03:00,11212,12.76,0.082,0.076,-0.029,-0.535,23.57,24.96,22.56,21.7,98.2,57.53,47.83,97.5,0.0,1.627,2.216
12-03-2019 03:30,11213,12.8,0.084,0.052,-0.028,-0.79,23.55,24.92,22.56,21.71,98.3,57.03,47.45,97.7,0.0,1.912,2.771
12-03-2019 04:00,11214,12.77,0.074,0.025,-0.026,-1.101,23.55,24.87,22.57,21.71,98.3,56.27,46.75,97.5,0.254,1.845,2.506
12-03-2019 04:30,11215,12.75,0.08,0.005,-0.038,-1.397,23.51,24.87,22.49,21.66,98.3,55.52,46.1,97.3,0.0,1.576,2.137
12-03-2019 05:00,11216,12.76,0.072,0.002,-0.03,-1.489,23.53,24.9,22.5,21.68,98.2,55.15,45.81,97.4,0.0,1.59,2.453
12-03-2019 05:30,11217,12.75,0.08,0.015,-0.03,-1.35,23.54,24.88,22.51,21.64,98.1,55.09,45.71,97.6,0.0,1.8,2.715
12-03-2019 06:00,11218,12.71,0.149,0.022,-0.017,-1.068,23.58,24.89,22.49,21.66,97.9,54.94,45.57,97.4,0.0,1.607,2.415
12-03-2019 06:30,11219,12.73,9.61,1.479,1.433,-0.705,23.64,24.9,22.51,21.69,97.6,54.94,45.59,97.3,0.0,9.0,9.67
12-03-2019 07:00,11220,12.87,44.91,6.745,6.626,-0.02,23.83,25.05,22.63,21.78,97,55.43,45.95,97.4,0.0,36.34,38.2
12-03-2019 07:30,11221,13.26,85.2,13.37,12.06,0.349,24.28,25.35,22.83,21.97,96.3,56.1,46.51,97.4,0.0,67.18,68.99
12-03-2019 08:00,11222,13.71,143.6,21.09,21.13,1.854,24.79,25.72,23.15,22.2,95.9,57.72,47.88,97.6,0.0,109.7,113.7
12-03-2019 08:30,11223,14.32,307.6,42.4,37.8,4.076,25.48,26.37,23.58,22.49,92.7,61.23,51.0,97.5,0.0,211.0,228.2
12-03-2019 09:00,11224,14.25,485.4,65.8,56.29,5.286,27.01,27.39,24.56,22.94,90.6,66.34,55.37,97.4,0.0,322.0,369.3
12-03-2019 09:30,11225,14.28,404.1,61.43,53.74,4.704,28.1,27.99,25.23,23.44,90.6,66.31,55.34,97.2,0.0,300.6,311.6
12-03-2019 10:00,11226,13.62,530.0,79.12,75.78,6.235,34.48,28.56,25.73,23.85,92.8,69.5,57.96,96.5,0.0,374.0,393.9
12-03-2019 10:30,11227,13.63,667.7,89.9,94.8,8.27,35.5,30.49,26.44,24.38,89.2,71.04,59.06,93.5,0.0,442.6,513.9
12-03-2019 11:00,11228,13.63,588.7,72.84,88.2,7.251,33.8,34.31,26.81,24.68,87.7,71.97,59.91,93.6,0.0,384.8,460.3
12-03-2019 11:30,11229,13.62,1074.0,97.0,144.6,12.01,35.61,33.51,27.73,25.23,82.3,74.12,61.55,93.8,0.0,469.7,807.0
12-03-2019 12:00,11230,13.61,437.2,60.72,73.19,7.442,35.87,32.56,27.61,25.28,88.1,71.84,59.61,91.0,0.0,294.4,333.9
12-03-2019 12:30,11231,13.59,1306.0,101.0,154.6,72.07,35.84,35.41,28.21,25.64,81.2,75.84,62.8,89.8,0.0,485.9,941.0
12-03-2019 13:00,11232,13.6,249.5,34.52,35.37,5.857,32.01,35.66,27.95,25.47,80.9,73.64,60.96,88.3,0.0,195.5,210.4
12-03-2019 13:30,11233,13.57,396.5,47.01,78.41,9.52,31.77,35.32,27.58,25.11,82.5,73.64,60.86,92.8,0.0,251.8,281.1
12-03-2019 14:00,11234,13.62,338.8,42.35,57.02,10.17,30.84,34.96,27.26,24.95,80.5,73.77,60.76,91.8,0.0,221.3,238.6
12-03-2019 14:30,11235,13.63,353.3,51.73,60.04,7.539,30.73,34.97,27.17,24.73,82.8,72.68,60.02,92.9,0.0,235.3,251.0
12-03-2019 15:00,11236,13.61,487.5,94.3,77.0,7.116,30.7,35.29,27.52,24.83,85,72.56,59.91,93.6,0.0,299.3,333.5
12-03-2019 15:30,11237,13.19,66.15,11.26,10.09,1.42,32.21,34.01,26.8,24.69,92.1,68.11,56.28,93.2,10.16,52.27,55.9
12-03-2019 16:00,11238,13.69,65.79,13.35,10.27,0.857,28.08,31.1,24.96,23.42,96.9,60.16,49.52,96.8,9.65,44.1,46.5
12-03-2019 16:30,11239,13.63,58.05,10.46,9.93,0.52,29.54,31.4,24.69,23.22,99.8,57.31,46.98,97.6,0.508,37.88,39.56
12-03-2019 17:00,11240,13.62,39.93,6.626,5.974,0.208,28.98,29.62,24.57,23.11,99.9,55.49,45.35,97.5,0.508,26.69,28.1
12-03-2019 17:30,11241,13.66,33.55,5.738,4.855,0.579,28.34,29.48,24.59,23.11,99.8,56.18,46.07,97.7,0.0,24.43,26.0
12-03-2019 18:00,11242,13.16,19.75,3.028,3.004,2.172,27.9,29.39,24.49,23.02,99.3,59.27,48.68,97.4,0.254,16.04,17.25
12-03-2019 18:30,11243,12.97,1.926,0.104,0.198,2.562,27.56,29.15,24.41,22.93,99.1,61.37,50.42,97.4,0.0,2.75,3.311
12-03-2019 19:00,11244,12.91,0.21,-0.317,-0.003,0.432,28.66,30.39,24.13,22.74,99.1,57.7,47.28,97.4,2.286,3.037,3.953
12-03-2019 19:30,11245,12.88,0.168,-0.451,-0.014,-1.452,26.36,29.99,23.28,22.02,97,52.51,42.91,96.7,0.0,2.294,3.22
12-03-2019 20:00,11246,12.87,0.158,-0.51,0.001,-2.368,25.58,28.51,22.97,21.74,97.1,48.76,39.81,97.4,0.0,1.814,2.766
12-03-2019 20:30,11247,12.88,0.166,-0.526,0.005,-2.287,25.33,27.95,22.74,21.66,97.1,48.3,39.48,97.3,0.0,1.802,2.657
12-03-2019 21:00,11248,12.83,0.168,-0.513,0.006,-2.216,24.77,27.68,22.62,21.59,97.4,48.1,39.31,97.4,0.0,1.721,2.378
12-03-2019 21:30,11249,12.83,0.171,-0.486,0.012,-1.146,24.53,28.91,22.47,21.44,97.4,49.78,40.74,97.4,0.0,2.094,2.94
12-03-2019 22:00,11250,12.83,0.188,-0.435,0.018,-0.597,24.12,29.23,22.33,21.33,96.5,51.23,41.96,97.6,0.0,1.495,2.373
12-03-2019 22:30,11251,12.81,0.178,-0.492,0.014,-1.57,23.34,29.04,22.22,21.23,97.5,50.06,41.0,97.7,0.0,1.854,2.828
12-03-2019 23:00,11252,12.79,0.173,-0.515,0.018,-1.937,23.29,27.64,22.02,21.03,95.7,48.6,39.79,97.8,0.254,1.706,2.676
12-03-2019 23:30,11253,12.78,0.189,-0.471,0.02,-1.421,23.24,26.52,21.8,20.84,95.4,49.19,40.29,97.8,0.0,1.454,2.215
13-03-2019 00:00,11254,12.75,0.188,-0.472,0.03,-1.449,23.23,25.73,21.75,20.79,95.3,48.71,39.92,98.0,0.0,1.205,2.335
13-03-2019 00:30,11255,12.78,0.19,-0.478,0.027,-1.67,23.17,25.42,21.75,20.78,95.1,48.6,39.79,98.2,0.0,1.396,2.156
13-03-2019 01:00,11256,12.77,0.185,-0.486,0.035,-1.819,23.38,25.38,21.78,20.82,94.2,48.14,39.36,98.2,0.0,1.39,1.832
13-03-2019 01:30,11257,12.76,0.212,-0.475,0.047,-1.404,23.33,25.4,21.84,20.91,95.4,48.5,39.66,98.2,0.0,1.63,2.102
13-03-2019 02:00,11258,12.76,0.217,-0.485,0.032,-1.161,23.3,25.5,21.95,21.0,96.1,48.51,39.68,98.2,0.0,1.518,2.551
13-03-2019 02:30,11259,12.74,0.229,-0.513,0.037,-1.344,23.34,25.51,21.96,21.03,97.1,48.21,39.43,98.1,0.0,1.498,2.159
13-03-2019 03:00,11260,12.72,0.257,-0.554,0.044,-1.512,23.46,25.73,22.18,21.22,97.8,48.17,39.31,98.2,0.0,1.606,2.528
13-03-2019 03:30,11261,12.72,0.264,-0.563,0.039,-1.541,23.41,25.86,22.34,21.39,98,48.36,39.56,98.0,0.0,1.559,2.271
13-03-2019 04:00,11262,12.72,0.257,-0.581,0.042,-1.684,23.4,25.9,22.37,21.42,98.1,48.06,39.29,98.1,0.0,1.638,2.411
13-03-2019 04:30,11263,12.72,0.277,-0.574,0.045,-1.595,23.44,25.96,22.44,21.45,98.2,48.62,39.76,98.2,0.0,1.653,2.291
13-03-2019 05:00,11264,12.71,0.26,-0.59,0.05,-1.828,23.46,25.92,22.43,21.4,98.3,48.21,39.38,98.1,0.0,1.616,2.207
13-03-2019 05:30,11265,12.72,0.272,-0.56,0.052,-1.373,23.66,26.03,22.53,21.49,98.3,48.3,39.42,98.1,0.0,1.47,2.107
13-03-2019 06:00,11266,12.71,0.399,-0.528,0.079,-1.251,23.8,26.2,22.62,21.56,98.4,49.09,40.05,98.1,0.0,1.715,2.47
13-03-2019 06:30,11267,12.72,8.87,0.961,1.379,1.625,23.88,26.26,22.75,21.65,98.4,50.67,41.41,98.1,0.0,8.19,9.27
13-03-2019 07:00,11268,12.84,44.03,6.806,7.12,-0.09,24.07,26.47,22.9,21.79,98.4,49.84,40.64,98.1,0.0,36.44,38.35
13-03-2019 07:30,11269,13.36,92.9,15.34,13.83,1.086,24.47,26.83,23.17,21.81,98.4,51.23,41.82,98.1,0.0,75.19,77.79
13-03-2019 08:00,11270,13.79,171.1,28.11,24.83,1.736,25.09,27.2,23.63,22.18,98.6,51.68,42.21,98.0,0.0,132.8,136.9
13-03-2019 08:30,11271,14.48,315.8,51.5,42.3,2.3,26.43,27.52,24.1,22.62,99.3,52.39,42.69,98.1,0.0,241.2,248.5
13-03-2019 09:00,11272,14.44,544.3,88.7,61.45,2.881,28.5,28.33,24.73,23.11,98.6,57.46,47.02,98.0,0.0,373.2,426.2
13-03-2019 09:30,11273,14.43,490.3,79.2,63.68,4.085,29.81,28.78,24.93,23.49,94.9,59.46,48.77,98.0,0.0,354.8,393.0
13-03-2019 10:00,11274,13.63,751.1,113.9,100.1,8.33,33.2,30.47,25.87,23.86,93.1,64.59,53.0,97.8,0.0,527.6,609.2
13-03-2019 10:30,11275,13.63,953.0,146.3,116.7,9.02,33.42,36.88,26.78,20.15,87.7,70.32,57.69,97.7,0.0,582.5,765.2
13-03-2019 11:00,11276,13.62,1114.0,286.0,139.0,12.54,36.9,36.68,27.93,24.38,86,71.72,58.95,95.1,0.0,537.7,870.0
13-03-2019 11:30,11277,13.62,1067.0,91.9,120.7,14.47,33.88,33.07,28.28,20.56,80.2,70.91,58.2,94.2,0.0,421.2,840.0
13-03-2019 12:00,11278,13.62,1026.0,113.0,161.5,27.46,34.27,41.11,28.85,25.3,76.66,76.05,62.62,90.8,0.0,445.5,822.0
13-03-2019 12:30,11279,13.58,1167.0,75.13,159.3,15.05,35.61,37.49,29.5,23.1,74.61,75.04,62.06,88.6,0.0,373.9,907.0
13-03-2019 13:00,11280,13.58,1125.0,78.54,392.7,103.8,41.44,34.35,29.67,25.45,78.96,74.53,61.68,85.3,0.0,384.6,863.0
13-03-2019 13:30,11281,13.59,1098.0,64.9,721.4,10.3,40.56,34.81,29.83,26.11,74.37,75.46,62.45,85.5,0.0,282.5,821.0
13-03-2019 14:00,11282,13.58,1176.0,62.87,222.9,6.908,42.38,40.01,30.29,24.77,73.79,78.7,65.11,86.3,0.0,289.7,870.0
13-03-2019 14:30,11283,13.57,1095.0,53.46,75.08,11.55,42.13,39.64,30.47,3.909,73.37,78.8,65.38,85.1,0.0,191.6,784.4
13-03-2019 15:00,11284,13.58,1091.0,44.17,59.73,7.687,39.73,34.28,30.75,-26.14,67.27,76.45,63.44,85.3,0.0,178.2,760.7
13-03-2019 15:30,11285,13.57,829.0,59.83,59.36,6.524,42.64,33.1,30.85,-25.1,69.01,76.0,63.05,83.5,0.0,261.0,597.2
13-03-2019 16:00,11286,13.57,220.8,28.53,36.43,2.209,NAN,31.52,29.89,-24.11,NAN,73.57,61.05,84.9,0.0,166.7,182.1
13-03-2019 16:30,11287,13.6,382.4,32.54,35.46,0.445,43.03,31.29,29.31,-24.42,77.52,74.07,61.27,85.3,0.0,156.7,267.5
13-03-2019 17:00,11288,13.58,420.1,26.2,28.98,-0.5,44.88,32.07,29.7,-24.89,75.47,75.47,62.26,86.5,0.0,92.2,289.1
13-03-2019 17:30,11289,13.58,222.2,12.72,9.59,-0.303,45.12,31.33,29.4,-25.17,76.16,74.81,61.73,84.0,0.0,58.31,146.3
13-03-2019 18:00,11290,13.39,83.4,6.491,5.825,0.278,44.87,30.59,28.96,-25.73,78.62,72.93,60.12,83.5,0.0,40.04,56.19
13-03-2019 18:30,11291,12.89,10.4,1.414,0.893,0.826,35.22,29.86,28.48,-25.49,74.21,68.76,56.57,83.9,0.0,12.98,14.16
13-03-2019 19:00,11292,12.85,0.0,0.137,-0.021,2.396,30.78,34.26,27.8,-12.59,73.13,69.95,57.45,86.8,0.0,2.558,3.11
13-03-2019 19:30,11293,12.83,-0.017,0.126,-0.032,2.041,28.68,33.16,27.2,22.3,75.76,68.45,56.3,89.1,0.0,2.873,3.344
13-03-2019 20:00,11294,12.83,-0.015,0.123,-0.035,0.491,27.81,29.66,26.55,14.1,82,64.64,53.1,90.2,0.0,2.514,3.122
13-03-2019 20:30,11295,12.79,-0.012,0.138,-0.021,1.915,27.88,29.34,26.15,21.84,81.1,64.57,53.01,91.4,0.0,1.647,2.276
13-03-2019 21:00,11296,12.78,-0.016,0.141,-0.021,1.631,27.51,30.74,25.92,23.6,82.6,64.69,53.13,90.9,0.0,1.677,2.302
13-03-2019 21:30,11297,12.75,-0.023,0.133,-0.023,-0.619,27.25,34.91,25.66,7.839,84.1,65.27,53.6,92.2,0.0,1.94,2.54
13-03-2019 22:00,11298,12.75,-0.02,0.121,-0.029,-1.824,26.8,28.52,25.31,-12.39,84.9,60.6,49.82,91.4,0.0,2.122,2.605
13-03-2019 22:30,11299,12.71,-0.019,0.124,-0.042,0.338,26.47,28.33,24.99,-34.84,85.8,60.95,50.12,92.2,0.0,1.755,2.717
13-03-2019 23:00,11300,12.71,-0.016,0.122,-0.031,1.629,26.32,26.82,24.68,-18.2,87,60.61,49.85,93.5,0.0,1.864,2.579
13-03-2019 23:30,11301,12.69,-0.016,0.119,-0.033,0.605,26.25,26.98,24.43,-29.27,87,59.57,48.97,93.8,0.0,1.891,2.597
14-03-2019 00:00,11302,12.66,-0.013,0.114,-0.034,0.924,25.95,28.77,24.15,21.05,90.2,60.08,49.36,94.5,0.0,1.742,2.363
14-03-2019 00:30,11303,12.64,-0.01,0.1,-0.04,-1.851,25.99,33.75,24.02,18.99,92.2,60.07,49.37,95.0,0.0,1.742,2.206
14-03-2019 01:00,11304,12.64,-0.002,0.074,-0.037,-3.717,25.77,29.36,23.94,21.18,93.9,56.89,46.75,95.5,0.0,2.252,2.736
14-03-2019 01:30,11305,12.64,0.003,0.062,-0.04,-2.811,25.24,26.47,23.84,7.03,96.3,54.81,45.07,95.7,0.0,1.747,2.382
14-03-2019 02:00,11306,12.63,-0.008,0.056,-0.033,-2.678,25.32,25.53,23.86,4.541,94.6,54.11,44.49,96.3,0.0,1.741,2.269
14-03-2019 02:30,11307,12.64,-0.015,0.052,-0.034,-2.237,25.43,25.63,23.91,4.509,93.2,54.26,44.56,96.0,0.0,1.647,2.345
14-03-2019 03:00,11308,12.6,-0.015,0.036,-0.035,-1.995,25.26,25.54,23.8,4.374,93.8,53.88,44.29,96.0,0.0,1.386,2.086
14-03-2019 03:30,11309,12.64,-0.012,0.036,-0.032,-2.141,25.17,25.59,23.84,3.877,93.7,53.64,44.07,96.4,0.0,1.96,2.562
14-03-2019 04:00,11310,12.64,-0.016,0.027,-0.041,-1.791,25.05,25.52,23.82,4.268,93.5,53.35,43.83,96.3,0.0,1.812,2.73
14-03-2019 04:30,11311,12.63,-0.011,0.031,-0.039,-1.441,24.79,25.46,23.8,3.08,93.7,53.01,43.49,95.7,0.0,1.586,2.251
14-03-2019 05:00,11312,12.61,-0.021,0.051,-0.032,-1.361,24.87,25.59,23.85,2.363,92.2,53.12,43.49,95.9,0.0,1.444,1.984
14-03-2019 05:30,11313,12.58,-0.013,0.07,-0.031,-1.423,24.92,25.73,23.93,2.588,92.1,53.14,43.49,95.8,0.0,1.593,2.386
14-03-2019 06:00,11314,12.6,0.116,0.082,-0.005,-1.984,24.9,25.72,23.96,2.848,92.5,53.11,43.48,95.8,0.0,1.683,2.407
14-03-2019 06:30,11315,12.59,9.23,1.322,1.459,-1.05,25.03,25.78,24.0,2.323,91.8,53.19,43.51,95.9,0.0,8.16,9.39
14-03-2019 07:00,11316,12.66,33.25,4.595,5.334,0.264,25.11,25.94,24.1,2.473,91.4,53.89,44.08,95.8,0.0,26.53,27.98
14-03-2019 07:30,11317,12.85,89.5,12.16,13.7,0.683,25.26,26.13,24.25,2.423,91.1,54.74,44.77,95.7,0.0,68.45,70.94
14-03-2019 08:00,11318,13.35,242.1,27.45,28.12,8.7,25.72,26.65,24.68,1.995,90,57.75,47.21,95.6,0.0,156.2,184.5
14-03-2019 08:30,11319,14.03,711.5,68.73,68.78,10.03,27.96,28.08,25.92,1.905,84.8,66.8,54.93,94.7,0.0,356.6,545.6
14-03-2019 09:00,11320,14.16,863.0,92.7,69.25,12.68,29.13,29.14,26.99,18.92,81.1,70.88,58.7,92.1,0.0,371.9,645.5
14-03-2019 09:30,11321,14.17,926.0,187.1,45.4,5.905,30.48,30.51,27.84,7.971,78.66,73.84,61.44,91.0,0.0,188.2,679.3
14-03-2019 10:00,11322,14.17,1010.0,98.3,69.32,17.42,31.1,35.22,28.37,-4.527,77.87,76.0,63.1,88.5,0.0,247.5,739.1
14-03-2019 10:30,11323,13.58,1145.0,138.4,69.07,14.95,31.27,31.19,28.99,25.31,74.34,73.26,60.79,87.2,0.0,350.1,869.0
14-03-2019 11:00,11324,13.58,1041.0,190.7,272.9,14.47,31,31.5,29.31,25.65,71.2,73.53,60.94,86.9,0.0,368.0,773.7
14-03-2019 11:30,11325,13.58,1045.0,109.2,108.5,14.24,31.26,32.01,29.79,15.78,69.39,73.78,61.17,84.3,0.0,352.0,809.0
14-03-2019 12:00,11326,13.59,1055.0,108.2,127.5,14.78,33.96,32.25,30.1,16.84,68.89,74.7,62.06,87.0,0.0,337.9,787.6
14-03-2019 12:30,11327,13.58,1073.0,78.68,162.7,46.45,43.68,32.58,30.53,19.2,73.54,75.54,62.83,82.3,0.0,379.3,799.9
14-03-2019 13:00,11328,13.59,856.0,60.87,201.3,103.8,41.29,32.8,30.81,19.5,69.09,75.67,63.07,82.4,0.0,344.8,638.7
14-03-2019 13:30,11329,13.57,1251.0,85.4,658.0,15.93,35.39,32.86,30.45,18.2,67.62,75.79,63.04,83.3,0.0,452.2,1026.0
14-03-2019 14:00,11330,13.59,822.0,88.9,164.0,23.5,34.73,32.47,29.55,17.35,72.7,74.43,61.99,88.9,0.0,476.9,631.7
14-03-2019 14:30,11331,13.59,1238.0,81.0,111.6,12.27,34.76,32.85,29.67,14.49,71.39,76.04,63.25,88.2,0.0,341.9,862.0
14-03-2019 15:00,11332,13.58,1144.0,92.7,68.6,7.259,35,35.02,30.55,-6.74,66.62,77.56,64.72,83.9,0.254,239.3,759.4
14-03-2019 15:30,11333,13.62,897.0,200.0,35.65,7.007,34.37,36.28,30.65,-27.11,62.31,79.24,67.27,82.5,2.286,176.4,598.2
14-03-2019 16:00,11334,13.62,836.0,120.7,40.06,7.844,34.21,36.46,30.61,-35.63,64.24,79.32,67.34,85.5,0.0,118.7,542.5
14-03-2019 16:30,11335,13.61,696.5,48.03,29.69,6.928,34.38,36.55,30.59,-34.59,62.42,79.44,67.37,83.5,0.0,140.0,447.0
14-03-2019 17:00,11336,13.61,306.1,22.17,23.86,7.938,33.13,36.06,30.43,-32.66,67.08,78.89,66.89,83.5,0.0,113.0,222.6
14-03-2019 17:30,11337,13.61,67.16,8.45,8.95,3.071,32.96,34.12,29.18,-30.58,75.84,76.11,64.54,86.1,0.0,48.33,53.68
14-03-2019 18:00,11338,13.52,49.91,5.871,5.812,1.409,29.39,32.49,28.17,-14.66,78.29,73.78,62.58,85.7,0.0,35.79,40.61
14-03-2019 18:30,11339,13.0,6.707,0.937,0.844,1.679,28.71,31.1,27.43,-3.523,81,69.93,59.21,87.0,0.0,8.33,10.35
14-03-2019 19:00,11340,12.95,0.008,0.049,-0.04,0.168,28.72,29.48,26.92,-39.23,84.6,66.53,56.27,89.0,0.0,1.168,2.697
14-03-2019 19:30,11341,12.92,-0.006,0.059,-0.037,0.365,29.37,28.97,26.67,-40.69,87.7,64.84,54.75,90.6,0.0,1.228,3.037
14-03-2019 20:00,11342,12.95,0.0,0.049,-0.046,0.284,29.06,28.65,26.37,-40.99,89.7,63.17,53.3,91.2,0.0,1.388,2.568
14-03-2019 20:30,11343,12.92,-0.003,0.034,-0.051,0.178,28.61,28.78,26.06,-40.57,90,62.26,52.52,92.6,0.0,0.827,2.274
14-03-2019 21:00,11344,12.91,-0.014,0.022,-0.049,0.26,28.25,33.23,25.77,-40.32,89.4,63.95,53.88,93.6,0.0,0.749,2.076
14-03-2019 21:30,11345,12.88,-0.018,0.005,-0.046,0.681,28.56,38.49,25.59,-40.12,85.1,67.22,56.56,94.1,0.0,0.649,1.725
14-03-2019 22:00,11346,12.88,-0.023,0.0,-0.056,0.709,28.61,37.34,25.46,-38.62,83.7,66.7,56.03,92.8,0.0,0.743,2.097
14-03-2019 22:30,11347,12.84,-0.011,0.003,-0.059,1.619,28.14,35.67,25.37,-16.07,86,65.2,54.75,92.6,0.0,1.242,2.676
14-03-2019 23:00,11348,12.83,-0.011,-0.018,-0.052,4.012,27.89,36.12,25.21,-13.95,86.1,65.34,54.8,93.1,0.0,0.78,2.369
14-03-2019 23:30,11349,12.82,-0.004,-0.072,-0.049,2.62,27.55,31.19,25.03,-36.91,86.3,62.27,52.16,93.5,0.0,1.02,2.482
15-03-2019 00:00,11350,12.83,-0.008,-0.084,-0.054,2.607,27.16,40.17,24.78,-36.81,86.6,66.35,55.59,93.6,0.0,0.907,2.4
15-03-2019 00:30,11351,12.81,-0.005,-0.093,-0.055,3.98,26.86,34.4,24.54,-37.13,86.6,63.15,52.89,94.2,0.0,0.727,2.443
15-03-2019 01:00,11352,12.79,-0.009,-0.111,-0.053,4.464,26.69,35.25,24.35,-33.4,87.8,62.91,52.68,94.5,0.0,1.062,2.764
15-03-2019 01:30,11353,12.8,-0.01,-0.084,-0.054,3.087,27.05,36.34,24.21,-32.69,88.4,62.94,52.74,94.8,0.0,0.813,2.335
15-03-2019 02:00,11354,12.77,-0.007,-0.097,-0.055,2.259,27,38.69,24.1,-31.47,87.8,63.78,53.41,94.8,0.0,0.872,2.128
15-03-2019 02:30,11355,12.76,-0.006,-0.119,-0.057,2.474,26.87,34.69,24.01,2.509,91.7,61.15,51.18,95.4,0.0,0.874,2.603
15-03-2019 03:00,11356,12.76,-0.005,-0.137,-0.053,2.222,26.89,34.53,23.93,-26.53,91.5,60.64,50.76,95.7,0.0,0.755,2.109
15-03-2019 03:30,11357,12.75,-0.012,-0.158,-0.052,2.855,26.75,35.87,24.01,-36.83,92.6,60.76,50.81,96.0,0.0,0.877,2.252
15-03-2019 04:00,11358,12.76,-0.007,-0.188,-0.053,3.137,26.77,35.52,24.16,-37.41,92.7,60.09,50.29,95.7,0.0,1.092,2.643
15-03-2019 04:30,11359,12.72,-0.006,-0.203,-0.06,3.457,26.75,35.17,24.03,-37.16,92.9,59.73,49.98,95.6,0.0,0.9,2.326
15-03-2019 05:00,11360,12.72,-0.007,-0.218,-0.051,3.393,26.88,34.66,23.93,-9.82,91.8,59.47,49.65,95.9,0.0,0.724,2.103
15-03-2019 05:30,11361,12.72,-0.007,-0.275,-0.049,4.101,26.63,34.32,23.94,21.86,93.1,59.12,49.37,95.7,0.0,0.796,2.152
15-03-2019 06:00,11362,12.71,0.109,-0.262,-0.027,3.319,26.55,34.31,24.06,21.96,93.7,58.84,49.09,96.0,0.0,0.767,1.951
15-03-2019 06:30,11363,12.72,7.873,0.772,1.116,4.402,26.51,33.91,24.22,22.07,94.2,58.73,48.98,95.8,0.0,4.933,6.778
15-03-2019 07:00,11364,12.78,46.14,5.962,6.896,4.759,26.74,34.21,24.31,22.04,93.2,59.37,49.49,95.8,0.0,32.09,34.63
15-03-2019 07:30,11365,13.13,77.94,10.4,11.74,5.809,26.75,34.55,24.52,22.18,93.7,60.6,50.57,96.0,0.0,54.73,58.4
15-03-2019 08:00,11366,13.36,141.0,19.83,19.7,6.197,26.86,34.76,24.7,22.3,94.3,61.81,51.66,95.9,0.0,95.3,101.1
15-03-2019 08:30,11367,14.15,271.7,36.1,37.19,9.3,27.44,35.32,25.11,22.52,91.6,66.42,55.43,96.1,0.0,188.3,198.8
15-03-2019 09:00,11368,14.28,319.1,45.95,46.85,12.16,28.28,35.93,25.65,18.74,90.7,69.19,57.71,95.8,0.0,215.7,233.2
15-03-2019 09:30,11369,14.23,320.9,41.28,48.33,10.35,30.22,36.52,26.23,12.81,90.3,71.15,59.5,95.6,0.0,217.6,232.5
15-03-2019 10:00,11370,14.29,450.6,60.69,72.09,13.67,29.47,36.58,26.26,22.99,87.8,72.63,60.62,94.2,0.0,300.6,317.2
15-03-2019 10:30,11371,13.69,367.4,46.82,58.1,13.77,29.14,36.98,26.41,22.88,88,72.15,60.21,94.0,0.0,241.5,261.3
15-03-2019 11:00,11372,13.69,448.6,68.24,68.97,15.74,28.78,36.5,26.38,22.86,86.6,71.36,59.53,92.9,0.0,295.7,309.1
15-03-2019 11:30,11373,13.63,464.0,64.97,76.53,16.26,28.24,35.96,25.99,22.68,88.2,70.75,59.1,91.3,0.0,303.3,316.1
15-03-2019 12:00,11374,13.64,452.5,63.31,70.97,14.18,28.11,35.53,25.7,22.49,89.8,69.65,58.21,92.5,0.0,296.6,312.8
15-03-2019 12:30,11375,13.7,627.0,96.4,107.5,21.9,27.58,35.26,25.3,22.32,88,69.2,57.92,90.3,0.0,424.2,445.6
15-03-2019 13:00,11376,13.65,438.9,68.3,71.34,14.42,27.26,34.7,24.9,22.1,89.6,67.51,56.36,91.2,0.0,294.2,306.4
15-03-2019 13:30,11377,13.7,424.9,62.76,76.8,14.23,27.55,34.52,24.65,21.74,93.5,66.12,55.0,92.7,0.254,282.4,300.5
15-03-2019 14:00,11378,13.69,335.6,54.44,54.99,13.15,27.36,34.27,24.39,21.58,95.1,64.17,53.41,95.4,0.508,231.6,243.2
15-03-2019 14:30,11379,13.7,399.7,63.39,65.06,13.15,27.32,34.29,24.34,21.41,94.3,64.16,53.42,96.0,0.0,278.1,289.9
15-03-2019 15:00,11380,13.68,382.4,56.47,58.79,11.58,27.77,34.65,24.58,21.47,92.2,67.2,55.89,96.1,0.0,263.7,273.8
15-03-2019 15:30,11381,13.68,186.5,27.07,26.49,6.782,28.16,34.82,24.74,21.63,91.2,67.91,56.4,96.4,0.0,132.3,138.9
15-03-2019 16:00,11382,13.69,157.1,21.13,24.48,7.206,27.89,34.84,24.72,21.66,90.9,66.72,55.36,96.2,0.0,104.7,111.6
15-03-2019 16:30,11383,13.7,161.3,21.86,25.07,6.441,27.83,35.02,24.79,21.76,93.4,66.02,54.79,96.9,0.0,109.9,116.5
15-03-2019 17:00,11384,13.69,206.2,28.3,30.87,7.189,28.05,35.1,24.95,21.94,91.8,66.82,55.41,96.9,0.0,143.9,154.0
15-03-2019 17:30,11385,13.69,120.4,17.21,15.09,6.223,27.92,35.03,24.96,21.93,91.6,66.39,55.08,96.1,0.0,86.2,93.9
15-03-2019 18:00,11386,13.35,60.91,8.67,7.154,5.82,27.56,34.79,24.7,21.74,92.2,64.91,53.81,95.4,0.0,46.8,51.05
15-03-2019 18:30,11387,12.88,4.094,0.515,0.422,4.279,27.26,34.13,24.31,21.53,94.8,61.66,51.0,95.7,0.0,4.779,6.909
15-03-2019 19:00,11388,12.87,0.009,-0.054,-0.066,2.93,26.48,33.66,23.99,21.29,96.1,60.09,49.65,96.1,0.0,1.203,2.844
15-03-2019 19:30,11389,12.83,0.008,-0.067,-0.064,3.601,25.98,33.09,23.79,21.1,96.3,59.96,49.6,96.4,0.0,0.998,2.356
15-03-2019 20:00,11390,12.84,0.015,-0.065,-0.056,3.21,25.42,34.65,23.73,21.03,96.6,61.3,50.8,96.6,0.0,1.035,2.607
15-03-2019 20:30,11391,12.8,0.018,-0.08,-0.056,2.443,25.3,36.89,23.65,20.99,97.3,63.21,52.49,96.2,0.0,0.953,2.534
15-03-2019 21:00,11392,12.78,0.014,-0.092,-0.054,2.566,25.49,38.26,23.48,20.74,97.5,62.49,51.71,96.2,0.0,0.851,2.539
15-03-2019 21:30,11393,12.77,0.01,-0.145,-0.047,2.454,25.28,32.81,23.38,20.64,97.3,59.32,49.06,96.5,0.0,0.924,2.718
15-03-2019 22:00,11394,12.76,0.01,-0.175,-0.057,2.957,25.09,33.98,23.26,20.48,97.3,59.14,48.89,96.6,0.0,0.736,2.217
15-03-2019 22:30,11395,12.75,0.003,-0.186,-0.053,2.175,25.21,32.65,23.14,20.36,97.1,57.89,47.81,96.5,0.0,0.98,2.732
15-03-2019 23:00,11396,12.72,0.013,-0.203,-0.047,1.381,25.11,32.81,23.07,20.33,97.1,57.75,47.69,96.8,0.0,1.03,2.436
15-03-2019 23:30,11397,12.72,0.011,-0.227,-0.047,1.69,25.13,33.09,23.05,20.23,97.9,57.7,47.62,96.7,0.0,0.947,2.628
16-03-2019 00:00,11398,12.72,0.004,-0.245,-0.049,1.904,25.14,33.27,23.03,20.28,97,57.76,47.67,96.8,0.0,0.84,2.598
16-03-2019 00:30,11399,12.68,0.004,-0.213,-0.037,1.941,25.05,33.43,23.0,20.26,97.3,57.45,47.35,96.6,0.0,0.926,2.436
16-03-2019 01:00,11400,12.67,0.016,-0.241,-0.043,2.963,25.17,33.74,22.99,20.23,97.4,57.63,47.49,96.6,0.0,0.769,2.296
16-03-2019 01:30,11401,12.66,0.015,-0.246,-0.041,3.805,25.19,34.14,23.02,20.09,97.9,57.68,47.52,96.7,0.0,1.08,2.519
16-03-2019 02:00,11402,12.65,0.027,-0.241,-0.041,4.282,25.76,34.49,22.95,19.94,98.9,57.9,47.8,96.5,0.0,0.913,2.186
16-03-2019 02:30,11403,12.65,0.015,-0.257,-0.047,3.927,25.66,34.15,22.94,19.82,99,57.48,47.43,96.5,0.0,0.87,2.556
16-03-2019 03:00,11404,12.64,0.015,-0.267,-0.046,4.647,25.57,34.68,22.93,19.76,99.1,57.55,47.47,96.6,0.0,0.741,2.306
16-03-2019 03:30,11405,12.64,0.023,-0.279,-0.044,3.61,25.42,35.72,22.9,19.78,99,57.8,47.66,96.5,0.0,0.782,2.571
16-03-2019 04:00,11406,12.64,0.026,-0.287,-0.043,3.209,25.35,36.46,22.84,16.78,99,58.08,47.89,96.7,0.0,0.764,2.387
16-03-2019 04:30,11407,12.61,0.013,-0.298,-0.041,3.266,25.46,35.92,22.89,14.62,98.9,57.55,47.4,97.2,0.0,0.872,2.557
16-03-2019 05:00,11408,12.6,0.008,-0.304,-0.039,3.683,25.51,35.68,22.97,18.2,98.2,56.94,46.81,97.2,0.0,0.837,2.476
16-03-2019 05:30,11409,12.6,0.002,-0.323,-0.041,2.275,25.63,35.51,22.97,18.47,97.3,56.41,46.31,97.0,0.0,0.899,2.556
16-03-2019 06:00,11410,12.6,0.21,-0.309,-0.025,1.759,25.53,35.77,22.93,18.5,97.5,56.25,46.16,96.8,0.0,1.093,2.925
16-03-2019 06:30,11411,12.58,17.63,2.333,1.972,0.691,25.4,35.66,22.89,18.48,97.2,55.79,45.71,96.8,0.0,14.24,16.51
16-03-2019 07:00,11412,12.81,73.83,11.56,9.54,0.458,25.34,35.78,22.94,18.8,97.5,55.76,45.67,96.7,0.0,58.27,61.21
16-03-2019 07:30,11413,13.23,99.8,14.88,15.38,1.881,25.51,36.71,23.14,18.92,97.4,56.62,46.32,96.7,0.0,76.94,81.3
16-03-2019 08:00,11414,13.42,155.5,23.84,23.78,3.656,25.74,36.53,23.42,19.03,96.8,57.19,46.7,96.5,0.0,116.9,121.9
16-03-2019 08:30,11415,13.71,207.6,29.73,31.28,1.831,25.8,36.42,23.68,19.22,95.5,57.87,47.24,96.1,0.0,156.8,164.5
16-03-2019 09:00,11416,14.28,462.7,67.54,58.66,3.477,26.51,37.16,24.19,19.35,92.8,62.24,50.8,95.7,0.0,327.4,356.2
16-03-2019 09:30,11417,14.25,782.3,137.1,77.31,4.84,29.23,38.36,25.35,-3.197,88.3,69.45,56.96,94.7,0.0,406.2,585.0
16-03-2019 10:00,11418,14.28,1123.0,81.2,87.4,2.223,35.18,40.87,26.71,3.603,86.9,77.44,64.09,93.2,0.0,114.1,790.7
16-03-2019 10:30,11419,13.63,1261.0,224.0,27.1,2.522,33.06,35.33,28.2,14.5,78.61,76.41,63.43,87.8,0.0,111.4,914.0
16-03-2019 11:00,11420,13.66,1351.0,260.2,273.4,6.193,34.9,34.48,29.26,-19.4,73.99,75.1,62.34,82.3,0.254,162.6,973.0
16-03-2019 11:30,11421,13.69,1322.0,57.06,92.4,10.18,33.78,34.37,29.82,-20.16,68.8,76.03,63.31,81.4,0.0,243.5,979.0
16-03-2019 12:00,11422,13.62,1194.0,143.6,120.8,19.19,31.71,33.87,30.31,-0.294,63.56,75.94,63.15,79.28,0.0,351.9,885.0
16-03-2019 12:30,11423,13.62,1026.0,71.61,225.8,147.2,32.64,33.14,29.72,-40.44,67.49,74.85,62.59,83.9,0.0,300.7,765.4
16-03-2019 13:00,11424,13.58,1449.0,75.32,683.1,171.9,37.99,34.31,30.64,-39.05,66.66,76.82,64.08,80.6,0.0,264.7,1043.0
16-03-2019 13:30,11425,13.59,1095.0,66.12,688.6,34.61,45.87,34.3,31.0,-13.15,72.64,77.24,64.73,78.97,0.0,278.9,791.7
16-03-2019 14:00,11426,13.58,909.0,57.41,138.9,17.31,39.39,38.31,30.64,-28.37,69.44,79.26,66.53,76.44,0.0,269.2,643.3
16-03-2019 14:30,11427,13.61,1224.0,58.15,86.2,16.41,37.46,40.39,31.32,-24.75,63.3,80.5,67.53,76.78,0.0,171.0,833.0
16-03-2019 15:00,11428,13.61,933.0,117.7,71.51,24.42,37.11,35.1,31.53,8.88,61.11,78.18,65.78,78.16,0.0,310.0,656.5
16-03-2019 15:30,11429,13.59,788.5,415.1,32.93,8.7,36.91,34.28,30.91,20.25,62.17,77.95,65.79,81.4,0.0,144.1,505.5
16-03-2019 16:00,11430,13.63,918.0,542.3,36.71,12.79,37.38,35.62,31.32,20.24,60.2,78.99,66.68,82.8,0.0,182.1,607.9
16-03-2019 16:30,11431,13.59,192.6,22.93,20.79,15.11,38.81,33.6,30.28,20.17,72.74,76.72,64.83,74.26,0.0,130.2,158.8
16-03-2019 17:00,11432,13.62,116.0,14.09,15.61,3.152,30.45,33.65,27.85,-8.34,78.1,74.13,62.68,80.2,0.0,81.3,87.5
16-03-2019 17:30,11433,13.61,90.1,12.21,10.02,0.948,28.98,31.8,27.05,-39.44,77.57,72.4,61.16,85.5,0.0,60.8,65.97
16-03-2019 18:00,11434,13.61,55.43,6.798,5.251,1.15,29.02,33.68,26.74,-40.78,79.32,72.81,61.43,88.2,0.0,35.86,41.13
16-03-2019 18:30,11435,13.03,5.466,0.698,0.535,1.087,29.08,35.19,26.41,-40.67,79.19,70.94,59.73,87.9,0.0,5.888,8.11
16-03-2019 19:00,11436,12.98,0.002,0.038,-0.044,-0.201,29.69,36.59,26.03,-39.08,83.2,69.41,58.4,88.8,0.0,1.332,2.873
16-03-2019 19:30,11437,12.95,-0.004,0.043,-0.044,2.076,30.41,35.68,25.84,-40.17,86.5,67.74,56.95,90.4,0.0,1.04,2.613
16-03-2019 20:00,11438,12.95,-0.013,0.045,-0.044,2.097,30.58,30.4,25.71,-40.31,90.2,63.79,53.63,91.6,0.0,1.076,2.664
16-03-2019 20:30,11439,12.94,0.004,0.05,-0.046,4.091,29.78,30.16,25.61,-40.17,92.3,63.76,53.55,92.6,0.0,0.801,2.157
16-03-2019 21:00,11440,12.91,-0.005,0.051,-0.032,3.273,30.14,30.9,25.77,-40.27,91.8,63.94,53.62,93.1,0.0,0.761,2.078
16-03-2019 21:30,11441,12.91,-0.007,0.034,-0.043,3.498,29.93,30.83,25.69,-40.33,91.3,63.49,53.24,93.4,0.0,0.848,2.41
16-03-2019 22:00,11442,12.91,-0.006,0.039,-0.039,3.052,29.41,30.74,25.65,-40.45,90.6,63.0,52.82,93.8,0.0,1.107,2.592
16-03-2019 22:30,11443,12.87,0.003,0.046,-0.041,3.701,29.46,30.66,25.59,-40.44,89.9,63.24,52.89,94.4,0.762,1.613,2.779
16-03-2019 23:00,11444,12.87,0.056,-0.184,-0.06,2.555,28.4,30.47,25.26,-38.28,93.2,63.44,53.06,96.1,0.254,2.073,3.717
16-03-2019 23:30,11445,12.88,0.046,-0.225,-0.07,2.397,28.05,31.2,25.05,-39.98,93.7,62.38,52.13,96.5,0.0,0.845,2.521
17-03-2019 00:00,11446,12.88,0.027,-0.206,-0.06,1.651,28.7,34.37,24.92,-40.1,92.6,63.19,52.73,96.8,0.0,0.802,1.858
17-03-2019 00:30,11447,12.87,0.035,-0.175,-0.057,2.665,28.01,34.64,24.84,-40.33,94.8,63.61,53.0,97.1,0.0,0.829,2.175
17-03-2019 01:00,11448,12.85,0.045,-0.188,-0.068,2.577,27.68,34.79,24.78,-40.43,97.4,62.62,52.15,96.9,0.0,1.327,2.862
17-03-2019 01:30,11449,12.84,0.051,-0.231,-0.072,0.669,28.27,34.26,24.63,-40.48,98.3,60.19,50.06,96.7,0.0,0.843,2.395
17-03-2019 02:00,11450,12.83,0.044,-0.241,-0.063,1.165,28.09,35.75,24.69,-40.48,98,60.78,50.52,97.0,0.0,0.797,2.005
17-03-2019 02:30,11451,12.84,0.051,-0.247,-0.067,0.78,27.92,35.59,24.65,-40.57,98.5,59.92,49.76,96.9,0.0,0.862,2.447
17-03-2019 03:00,11452,12.84,0.051,-0.258,-0.062,0.483,27.82,35.96,24.63,-40.49,98.5,59.5,49.35,97.0,0.0,0.923,2.324
17-03-2019 03:30,11453,12.82,0.054,-0.281,-0.061,1.624,27.75,35.98,24.62,-40.4,98.6,58.94,48.87,96.8,0.0,0.738,2.252
17-03-2019 04:00,11454,12.79,0.061,-0.358,-0.053,2.078,27.63,36.02,24.59,-38.21,98.5,57.22,47.41,97.1,0.0,0.92,2.513
17-03-2019 04:30,11455,12.8,0.059,-0.416,-0.032,2.841,27.47,36.44,24.59,-33.48,98.8,57.2,47.32,97.2,0.0,0.814,2.293
17-03-2019 05:00,11456,12.73,0.068,-0.43,-0.022,0.3,27.58,36.7,24.55,-36.84,99.2,56.43,46.67,96.8,0.0,1.138,2.445
17-03-2019 05:30,11457,12.74,0.075,-0.428,-0.015,0.981,28.12,37.1,24.48,-35.55,99.9,56.4,46.6,96.9,0.0,0.742,2.282
17-03-2019 06:00,11458,12.72,0.274,-0.41,0.003,1.264,28.09,37.47,24.66,-36.53,99.9,56.44,46.57,96.9,0.0,0.995,2.415
17-03-2019 06:30,11459,12.72,18.1,2.157,2.268,1.971,28.05,37.62,24.72,-36.8,99.9,56.41,46.54,97.0,0.0,16.0,18.03
17-03-2019 07:00,11460,12.95,85.3,11.74,8.71,2.927,28.19,37.93,24.87,-36.85,100,56.99,46.98,97.3,0.0,65.78,69.88
17-03-2019 07:30,11461,13.55,153.3,22.63,20.1,6.262,28.3,38.21,25.12,-35.17,99.9,57.87,47.66,97.4,0.0,114.5,119.1
17-03-2019 08:00,11462,14.19,345.8,43.02,31.55,7.578,29,38.76,25.56,-35.23,98.5,62.19,51.22,97.4,0.0,220.9,258.5
17-03-2019 08:30,11463,14.19,490.9,52.81,40.42,11.19,29.9,39.73,26.18,-36.41,91.2,66.53,54.81,97.2,0.0,275.3,370.1
17-03-2019 09:00,11464,14.21,593.2,68.84,70.2,14.53,31.95,40.69,26.97,-36.6,87.6,67.69,55.88,96.3,0.0,355.8,446.3
17-03-2019 09:30,11465,13.62,699.7,135.7,97.0,18.21,34.08,41.19,27.58,-38.75,86.2,71.93,59.4,94.4,0.0,426.1,520.2
17-03-2019 10:00,11466,13.62,732.3,96.4,95.4,20.18,33.39,41.49,28.03,-39.5,82.6,75.24,62.25,93.7,0.0,477.6,554.3
17-03-2019 10:30,11467,13.62,756.7,111.2,102.3,20.41,31.67,41.11,28.41,-38.93,76.23,77.13,63.97,93.5,0.0,526.6,591.2
17-03-2019 11:00,11468,13.61,991.0,130.6,207.6,23.0,31.6,40.63,28.92,-19.9,73.39,77.98,64.73,90.3,0.0,439.4,748.2
17-03-2019 11:30,11469,13.62,1215.0,66.91,114.0,23.99,32.27,36.27,29.73,17.35,68.35,76.72,63.82,86.5,0.0,351.9,910.0
17-03-2019 12:00,11470,13.61,1132.0,104.0,135.2,32.04,37.23,35.57,30.17,26.23,71.21,76.77,64.03,83.5,0.0,345.2,844.0
17-03-2019 12:30,11471,13.62,983.0,65.33,129.9,167.0,36.88,33.58,30.25,26.13,69.09,76.45,63.95,85.0,0.0,331.7,717.8
17-03-2019 13:00,11472,13.63,679.4,57.29,277.5,60.46,39.84,33.38,30.08,24.8,71.41,76.32,63.84,83.4,0.0,328.6,507.9
17-03-2019 13:30,11473,13.59,1077.0,62.12,621.8,39.39,42.08,34.8,30.95,-18.15,70.06,77.38,64.77,77.94,0.0,317.5,768.9
17-03-2019 14:00,11474,13.58,857.0,89.4,133.2,17.66,40.01,35.3,30.76,-39.35,67.62,77.63,65.09,84.0,0.0,296.9,619.0
17-03-2019 14:30,11475,13.61,1026.0,135.7,76.09,17.92,36.93,35.53,30.93,-40.81,64.01,77.91,65.29,81.4,0.0,260.8,707.2
17-03-2019 15:00,11476,13.59,1035.0,82.2,61.67,15.13,38.19,37.98,31.15,-40.97,61.78,79.32,66.74,81.9,0.0,253.8,689.6
17-03-2019 15:30,11477,13.59,952.0,321.2,71.25,22.47,39.46,38.74,31.54,-38.35,61.62,80.0,67.49,78.6,0.0,325.3,655.4
17-03-2019 16:00,11478,13.6,307.1,91.6,32.43,19.78,37.3,35.05,30.42,-36.17,68.35,77.66,65.47,81.3,0.0,159.7,231.8
17-03-2019 16:30,11479,13.62,321.2,39.39,22.55,16.13,38.7,34.04,29.28,-37.43,72.75,77.23,65.16,84.1,0.0,120.6,196.1
17-03-2019 17:00,11480,13.61,294.5,28.13,17.03,17.11,36.88,34.98,29.55,-37.95,65.66,78.22,66.0,81.2,0.0,94.0,187.3
17-03-2019 17:30,11481,13.61,149.7,15.22,9.43,7.859,36.37,33.96,29.52,-38.4,67.03,76.91,64.87,81.5,0.0,71.97,103.3
17-03-2019 18:00,11482,13.33,39.33,5.805,3.915,10.64,37.33,33.39,28.93,-38.51,71.14,75.21,63.43,82.4,0.0,27.06,29.99
17-03-2019 18:30,11483,12.87,4.551,0.637,0.477,4.599,NAN,38.31,28.2,-40.69,NAN,74.57,62.78,83.1,0.0,5.906,7.842
17-03-2019 19:00,11484,12.87,0.005,0.024,-0.057,0.477,32.41,38.08,27.56,-40.77,84.4,71.31,59.9,85.6,0.0,2.566,4.24
17-03-2019 19:30,11485,12.84,0.0,0.032,-0.064,0.865,30.02,33.34,26.99,-40.88,82.4,67.64,56.76,87.0,0.0,0.811,2.488
17-03-2019 20:00,11486,12.84,-0.003,0.041,-0.053,2.313,29.72,32.72,26.48,-40.55,83,66.76,55.99,88.0,0.0,1.216,2.596
17-03-2019 20:30,11487,12.81,-0.001,0.043,-0.051,3.028,30.45,32.29,26.0,-40.42,84,65.61,55.02,88.9,0.0,0.803,2.267
17-03-2019 21:00,11488,12.8,-0.01,0.051,-0.054,1.922,30.73,28.6,25.79,-40.57,85.3,62.99,52.8,90.0,0.0,0.851,2.294
17-03-2019 21:30,11489,12.77,-0.015,0.056,-0.048,1.509,30.93,28.38,25.65,-40.59,83.2,63.0,52.81,89.9,0.0,0.719,1.995
17-03-2019 22:00,11490,12.75,-0.011,0.06,-0.044,0.946,30.5,28.58,25.39,-40.79,84.1,62.41,52.3,91.0,0.0,0.735,1.914
17-03-2019 22:30,11491,12.75,-0.008,0.057,-0.037,1.329,29.96,28.87,25.36,-39.51,84.7,62.39,52.27,92.1,0.0,1.032,2.527
17-03-2019 23:00,11492,12.73,-0.014,0.067,-0.043,1.808,29.78,28.84,25.33,-38.62,81.7,62.88,52.63,92.1,0.0,0.63,1.562
17-03-2019 23:30,11493,12.72,-0.016,0.07,-0.037,1.914,29.93,28.98,25.43,-38.92,80.1,63.38,52.99,91.3,0.0,0.754,2.006
18-03-2019 00:00,11494,12.72,-0.011,0.063,-0.035,2.545,30.08,29.01,25.47,-39.18,79.85,63.44,53.04,91.1,0.0,0.852,2.165
18-03-2019 00:30,11495,12.69,-0.008,0.057,-0.035,2.433,29.64,28.74,25.38,-39.47,82.2,62.46,52.19,91.7,0.0,1.268,3.108
18-03-2019 01:00,11496,12.69,-0.011,0.044,-0.047,2.725,29.26,29.84,25.1,-38.43,85,61.92,51.74,92.1,0.0,1.229,2.779
18-03-2019 01:30,11497,12.68,-0.008,0.046,-0.049,3.892,28.27,31.4,24.83,-33.93,85.9,62.1,51.78,92.7,0.0,0.987,2.511
18-03-2019 02:00,11498,12.68,-0.007,0.034,-0.044,3.852,27.81,32.76,24.67,-18.94,86.1,62.22,51.86,93.4,0.0,0.811,2.24
18-03-2019 02:30,11499,12.67,-0.005,0.034,-0.042,3.736,27.65,33.32,24.7,-17.37,86,62.1,51.73,93.3,0.0,0.778,2.056
18-03-2019 03:00,11500,12.67,-0.005,0.029,-0.037,3.933,27.33,33.37,24.74,-17.65,85.9,61.81,51.44,92.7,0.0,0.78,2.445
18-03-2019 03:30,11501,12.67,-0.007,0.024,-0.044,5.019,27.3,33.25,24.63,-17.54,87.1,61.58,51.23,92.1,0.0,0.848,2.529
18-03-2019 04:00,11502,12.66,-0.01,0.015,-0.046,4.909,27.38,34.98,24.49,-7.714,87.4,62.13,51.63,92.9,0.0,0.907,2.4
18-03-2019 04:30,11503,12.64,-0.001,0.014,-0.049,7.938,28.04,39.21,24.36,6.06,91,64.36,53.49,93.5,0.0,0.985,2.288
18-03-2019 05:00,11504,12.64,-0.014,-0.009,-0.044,3.721,28.95,40.19,24.16,10.87,91.4,62.94,52.3,94.0,0.0,0.766,2.241
18-03-2019 05:30,11505,12.64,-0.007,-0.02,-0.046,3.254,29.03,38.89,24.05,11.79,91.1,62.08,51.52,94.3,0.0,0.857,2.357
18-03-2019 06:00,11506,12.62,0.256,0.004,-0.018,3.145,28.81,37.14,23.99,10.37,91.5,60.69,50.38,94.8,0.0,0.798,2.08
18-03-2019 06:30,11507,12.6,21.55,2.373,1.882,3.487,29.07,38.53,23.98,9.92,90.3,61.7,51.17,94.9,0.0,12.5,15.66
18-03-2019 07:00,11508,12.8,122.2,10.75,10.75,5.853,29.33,39.41,24.1,10.15,88,64.32,53.36,94.9,0.0,61.21,89.0
18-03-2019 07:30,11509,13.39,285.9,24.7,16.43,9.74,29.62,40.1,24.43,10.26,85.1,69.55,57.97,95.1,0.0,100.7,204.9
18-03-2019 08:00,11510,13.83,473.0,27.2,20.46,9.41,29.72,41.57,25.38,10.17,81.3,74.14,62.09,94.9,0.0,124.9,333.4
18-03-2019 08:30,11511,14.25,623.0,31.82,25.77,10.06,32.25,42.65,26.38,10.51,80.8,77.87,65.33,93.9,0.0,150.0,434.2
18-03-2019 09:00,11512,14.29,840.0,39.74,86.5,11.93,34.09,43.9,27.53,8.04,76.4,81.2,68.22,92.5,0.0,167.4,570.9
18-03-2019 09:30,11513,14.28,990.0,217.9,84.5,14.82,33.02,46.93,28.6,-1.956,70.34,84.1,70.76,87.2,0.0,179.0,696.4
18-03-2019 10:00,11514,13.62,1124.0,110.4,112.8,16.36,33.33,41.86,29.55,-30.77,63.98,82.0,69.26,80.1,0.0,196.6,776.4
18-03-2019 10:30,11515,13.62,1239.0,157.0,62.75,13.49,37.95,41.43,30.08,-32.21,65.2,80.7,68.24,77.63,0.0,230.1,881.0
18-03-2019 11:00,11516,13.65,1277.0,98.4,267.3,21.22,39.16,43.94,30.83,-11.23,63.43,82.5,69.94,71.56,0.0,254.0,895.0
18-03-2019 11:30,11517,13.6,1255.0,72.4,151.3,37.28,38.5,37.17,31.07,10.24,63.13,79.36,67.31,70.92,0.0,268.4,880.0
18-03-2019 12:00,11518,13.58,1295.0,101.7,173.6,61.4,38.63,36.98,31.66,-37.29,61.1,79.32,67.34,68.81,0.0,273.6,896.0
18-03-2019 12:30,11519,13.62,1263.0,65.33,154.6,262.5,38.05,36.95,31.41,-30.81,60.29,79.36,67.23,73.88,0.0,317.2,873.0
18-03-2019 13:00,11520,13.58,1131.0,57.39,442.4,129.3,37.56,37.32,31.92,-31.41,57.52,79.48,67.38,68.15,0.0,287.5,790.8
18-03-2019 13:30,11521,13.59,1142.0,63.79,736.0,45.11,37.56,37.66,31.78,-35.42,57.67,79.64,67.56,69.63,0.0,310.1,784.8
18-03-2019 14:00,11522,13.58,1144.0,68.06,149.7,26.85,38.19,40.8,31.65,-36.62,57.64,81.2,68.89,76.12,0.0,296.2,784.0
18-03-2019 14:30,11523,13.59,768.1,71.41,102.7,20.44,37.34,42.54,31.73,-35.98,56.25,82.1,69.6,72.84,0.0,333.4,554.8
18-03-2019 15:00,11524,13.59,867.0,70.21,65.92,17.9,35.87,41.21,31.54,-36.45,54.58,81.4,69.07,74.83,0.0,288.7,586.6
18-03-2019 15:30,11525,13.6,771.6,393.8,54.47,16.39,35.57,40.97,31.46,-37.53,56.38,81.5,69.12,75.6,0.0,243.7,508.5
18-03-2019 16:00,11526,13.59,782.4,379.4,36.04,12.53,35.44,41.48,31.58,-37.12,56,81.5,69.32,76.99,0.0,180.3,510.5
18-03-2019 16:30,11527,13.59,560.5,51.7,27.4,13.76,35.25,41.1,31.4,-35.41,56.13,81.4,69.2,75.51,0.0,136.5,355.0
18-03-2019 17:00,11528,13.59,452.8,42.03,30.53,12.07,35.23,41.28,31.25,-35.49,57.76,81.6,69.29,73.26,0.0,160.7,310.0
18-03-2019 17:30,11529,13.58,139.5,12.06,12.22,4.865,37.07,39.41,30.01,-35.22,71.43,79.07,67.2,78.55,0.0,83.7,116.7
18-03-2019 18:00,11530,13.47,48.03,5.883,4.286,0.788,34.99,36.36,27.5,-20.85,72.92,77.08,65.72,88.1,0.0,24.28,27.18
18-03-2019 18:30,11531,12.96,7.186,0.874,0.622,0.763,32.19,33.47,27.31,-40.56,69.86,73.87,62.96,91.5,0.0,5.03,6.907
18-03-2019 19:00,11532,12.94,-0.008,0.006,-0.05,0.912,32.33,32.94,27.18,-38.57,73.83,72.47,61.75,91.6,0.0,1.505,2.974
18-03-2019 19:30,11533,12.92,-0.012,0.021,-0.05,1.111,31.78,32.11,27.1,-38.01,73.34,71.67,61.08,91.3,0.0,0.976,2.664
18-03-2019 20:00,11534,12.92,-0.017,0.02,-0.051,1.347,30.75,32.52,26.95,-38.57,73.29,71.42,60.84,90.8,0.0,0.819,2.201
18-03-2019 20:30,11535,12.89,-0.014,0.02,-0.042,0.85,31.19,32.12,26.72,-37.63,74.07,70.86,60.38,89.5,0.0,0.672,1.971
18-03-2019 21:00,11536,12.87,-0.016,0.031,-0.041,0.801,30.74,32.31,26.67,-38.51,74.46,70.47,59.98,88.4,0.0,1.015,2.395
18-03-2019 21:30,11537,12.87,-0.023,0.035,-0.035,0.801,30.92,32.31,26.52,-38.85,74.21,70.41,59.91,90.7,0.0,0.83,2.389
18-03-2019 22:00,11538,12.87,-0.012,0.025,-0.044,0.837,34.02,33.21,26.39,-39.43,80.3,70.1,59.61,89.5,0.0,1.095,2.558
18-03-2019 22:30,11539,12.87,-0.016,0.024,-0.042,1.332,36.52,37.41,26.28,-39.19,82.7,71.92,61.12,88.9,0.0,0.881,2.167
18-03-2019 23:00,11540,12.84,-0.01,0.027,-0.049,1.35,36.1,34.69,25.8,-8.7,87.6,68.5,58.18,89.2,0.0,1.552,3.194
18-03-2019 23:30,11541,12.84,-0.005,0.031,-0.052,1.386,31.96,35.74,25.5,12.86,83.3,68.34,58.03,90.6,0.0,0.979,2.471
19-03-2019 00:00,11542,12.83,-0.004,0.038,-0.055,1.217,31.57,36.65,25.21,14.41,88.3,66.99,56.84,91.1,0.0,1.06,2.506
19-03-2019 00:30,11543,12.82,-0.006,0.071,-0.047,1.211,32.46,37.15,25.01,4.429,90.7,66.45,56.39,92.1,0.0,0.918,2.491
19-03-2019 01:00,11544,12.81,-0.006,0.071,-0.046,0.896,31.33,37.16,24.87,-14.5,90.3,65.78,55.78,92.8,0.0,0.736,2.043
19-03-2019 01:30,11545,12.8,-0.004,0.056,-0.049,0.767,33.58,37.46,24.77,-39.79,94,65.33,55.32,93.2,0.0,0.765,2.436
19-03-2019 02:00,11546,12.79,-0.008,0.056,-0.056,1.049,35.04,38.05,24.64,-37.49,93.7,65.51,55.45,93.6,0.0,0.699,2.282
19-03-2019 02:30,11547,12.8,-0.007,0.048,-0.06,2.534,35.33,36.54,24.49,-37.09,93.1,64.67,54.72,93.9,0.0,0.871,2.496
19-03-2019 03:00,11548,12.79,-0.005,0.04,-0.056,1.093,35.16,35.71,24.35,-39.8,94.7,63.5,53.78,94.6,0.0,0.786,2.334
19-03-2019 03:30,11549,12.78,-0.012,0.025,-0.059,0.772,33.2,36.38,24.24,-40.45,92.9,63.56,53.8,94.6,0.0,0.764,2.254
19-03-2019 04:00,11550,12.76,-0.009,0.022,-0.058,0.779,32.42,36.75,24.17,-40.56,91.1,63.57,53.72,94.6,0.0,0.763,2.071
19-03-2019 04:30,11551,12.77,-0.01,0.009,-0.059,1.278,32.63,35.8,24.03,-40.56,90.2,62.91,53.16,94.7,0.0,0.753,2.194
19-03-2019 05:00,11552,12.75,-0.011,-0.002,-0.056,1.191,32.8,35.97,23.96,-40.26,92.3,62.26,52.59,94.5,0.0,1.292,2.99
19-03-2019 05:30,11553,12.75,-0.006,-0.006,-0.06,1.594,29.88,36.61,23.89,-40.03,91.2,62.03,52.34,95.1,0.0,0.819,2.496
19-03-2019 06:00,11554,12.73,0.437,0.036,-0.026,1.655,30.65,37.69,23.8,-39.69,93.5,62.09,52.44,95.4,0.0,1.048,2.53
19-03-2019 06:30,11555,12.75,19.78,2.231,1.791,2.127,30.68,38.37,23.69,-40.09,94.6,62.08,52.41,95.5,0.0,11.15,13.89
19-03-2019 07:00,11556,12.94,144.4,13.69,14.35,3.9,28.94,39.08,23.8,-40.44,93.6,65.43,55.25,95.9,0.0,75.96,113.2
19-03-2019 07:30,11557,13.73,297.6,23.05,14.28,5.171,33.77,40.98,24.4,-40.45,91.7,71.78,60.85,95.8,0.0,95.9,216.4
19-03-2019 08:00,11558,14.27,424.5,30.5,20.45,6.831,39.7,43.69,25.28,-39.99,93.7,76.0,64.47,95.8,0.0,160.1,300.8
19-03-2019 08:30,11559,14.25,654.2,35.65,29.03,6.886,42.98,43.87,26.42,-36.16,NAN,79.09,67.05,94.9,0.0,153.3,459.4
19-03-2019 09:00,11560,14.3,836.0,42.48,63.07,6.453,33.98,44.67,27.63,-18.43,82.4,82.0,69.57,92.4,0.0,151.6,566.5
19-03-2019 09:30,11561,13.62,993.0,263.3,80.1,7.756,35.47,44.3,28.67,-26.66,78.35,82.9,70.27,90.2,0.0,172.7,694.7
19-03-2019 10:00,11562,13.63,993.0,109.3,126.0,11.57,31.66,43.76,29.39,-38.37,69.47,82.0,69.57,86.4,0.0,298.1,699.5
19-03-2019 10:30,11563,13.62,1123.0,80.7,58.21,13.77,31.53,41.33,29.79,-40.2,67.4,81.1,68.8,87.5,0.0,259.4,794.1
19-03-2019 11:00,11564,13.62,889.0,128.0,98.1,15.47,31.84,39.12,30.24,-39.45,64.59,80.0,67.98,80.1,0.0,368.0,657.8
19-03-2019 11:30,11565,13.59,1415.0,71.82,150.6,26.19,32.28,38.68,30.49,-36.2,65.39,80.2,68.16,77.97,0.0,353.8,1001.0
19-03-2019 12:00,11566,13.58,1250.0,75.29,216.7,55.24,32.73,40.93,31.15,-29.09,64.24,81.3,69.16,76.11,0.0,324.9,886.0
19-03-2019 12:30,11567,13.61,1170.0,64.69,266.2,247.8,33.31,37.16,31.04,-28.51,63.48,79.59,67.68,76.74,0.0,323.3,817.0
19-03-2019 13:00,11568,13.58,1139.0,66.49,512.4,179.0,35.69,37.3,31.28,-32.0,63.83,79.47,67.59,77.25,0.0,315.4,798.8
19-03-2019 13:30,11569,13.58,1284.0,52.68,812.0,71.03,37.08,36.98,31.73,-36.48,62.2,79.41,67.54,78.02,0.0,240.3,873.0
19-03-2019 14:00,11570,13.58,1385.0,67.67,132.5,31.32,35.22,36.85,32.03,-9.96,58.76,79.27,67.38,77.1,0.0,240.2,947.0
19-03-2019 14:30,11571,13.58,901.0,136.2,158.7,15.4,35.36,36.53,31.99,-18.89,59.94,79.12,67.28,73.61,0.0,299.9,631.8
19-03-2019 15:00,11572,13.57,560.2,51.64,60.23,13.34,34.69,35.63,31.15,-25.62,63.78,78.05,66.35,78.6,0.762,266.5,401.2
19-03-2019 15:30,11573,13.69,225.4,37.23,36.7,6.101,31.66,31.04,26.56,-36.57,88.3,68.06,58.11,93.8,0.508,144.3,159.9
19-03-2019 16:00,11574,13.62,266.6,43.77,40.94,8.87,36.51,33.56,26.5,-39.21,97.4,68.63,58.53,97.1,0.0,158.4,180.7
19-03-2019 16:30,11575,13.62,265.8,43.72,29.37,5.894,35.84,34.45,26.76,-40.41,92.9,69.75,59.51,96.4,0.0,172.4,188.7
19-03-2019 17:00,11576,13.63,196.1,30.58,28.32,6.193,30.78,32.67,26.36,-38.41,91.7,64.76,55.03,96.3,0.254,131.3,145.9
19-03-2019 17:30,11577,13.61,72.35,11.69,10.16,2.902,29.31,34.48,25.65,-37.8,89.4,63.99,54.18,96.5,0.0,53.62,57.61
19-03-2019 18:00,11578,13.4,36.05,5.195,5.116,2.164,28.85,33.49,25.53,-39.94,94.3,62.46,52.91,97.1,0.0,26.73,30.07
19-03-2019 18:30,11579,12.88,4.833,0.684,0.595,1.481,28.23,33.86,25.38,-40.06,96.4,60.36,50.91,96.7,0.0,4.957,6.836
19-03-2019 19:00,11580,12.87,0.027,-0.024,-0.069,1.369,27.9,35.31,25.21,-39.96,95.8,60.39,50.93,97.0,0.0,0.756,2.239
19-03-2019 19:30,11581,12.85,0.009,-0.039,-0.067,1.492,27.81,36.47,25.08,-39.17,92,60.68,51.13,96.9,0.0,0.676,1.747
19-03-2019 20:00,11582,12.82,0.016,-0.051,-0.064,1.273,27.6,36.13,24.97,-39.59,94.3,60.35,50.84,97.2,0.0,0.719,2.202
19-03-2019 20:30,11583,12.81,0.024,-0.104,-0.069,1.285,27.39,36.56,24.97,-39.59,96.4,59.64,50.16,97.6,0.0,0.978,2.684
19-03-2019 21:00,11584,12.8,0.027,-0.11,-0.07,1.297,27.74,36.54,25.01,-39.58,96.7,59.44,49.94,97.7,0.0,0.682,1.874
19-03-2019 21:30,11585,12.76,0.028,-0.14,-0.064,1.42,27.96,36.66,25.06,-39.93,95.9,59.58,50.03,97.4,0.0,0.807,2.214
19-03-2019 22:00,11586,12.76,0.021,-0.155,-0.066,1.495,28.01,36.65,25.15,-39.95,95.7,59.19,49.69,97.5,0.0,0.761,2.138
19-03-2019 22:30,11587,12.75,0.021,-0.18,-0.073,1.472,28.05,36.9,25.16,-40.05,94.9,58.89,49.29,97.7,0.0,0.906,2.137
19-03-2019 23:00,11588,12.72,0.019,-0.194,-0.075,1.591,28.02,36.63,25.08,-40.06,94.7,58.51,48.94,97.5,0.0,0.697,2.12
19-03-2019 23:30,11589,12.72,0.02,-0.203,-0.073,1.624,27.88,36.78,25.1,-40.1,95.8,58.02,48.54,97.5,0.0,1.179,2.737
20-03-2019 00:00,11590,12.68,0.035,-0.209,-0.087,1.715,27.67,36.75,25.04,-40.11,96.8,58.04,48.49,97.6,0.0,0.996,2.661
20-03-2019 00:30,11591,12.68,0.043,-0.218,-0.077,2.01,27.39,36.56,25.02,-40.08,97.7,57.56,48.07,97.2,0.0,1.082,2.723
20-03-2019 01:00,11592,12.65,0.04,-0.202,-0.077,2.248,27.14,36.45,24.88,-39.69,97.4,57.55,48.04,97.1,0.0,0.815,2.473
20-03-2019 01:30,11593,12.68,0.037,-0.189,-0.074,3.026,26.81,36.65,24.81,-39.97,97.1,57.96,48.34,97.2,0.0,0.734,2.137
20-03-2019 02:00,11594,12.67,0.037,-0.187,-0.066,2.262,26.53,36.42,24.8,-40.35,97,58.11,48.44,97.4,0.0,0.683,2.133
20-03-2019 02:30,11595,12.68,0.028,-0.218,-0.055,2.863,26.5,35.81,24.85,-40.32,96.7,57.34,47.65,97.8,0.0,0.779,2.075
20-03-2019 03:00,11596,12.66,0.043,-0.262,-0.057,3.321,26.56,35.38,24.89,-40.42,95.7,56.67,46.98,97.7,0.254,1.048,2.709
20-03-2019 03:30,11597,12.64,0.172,-0.296,-0.068,2.267,26.12,35.39,24.78,-40.44,96.3,55.79,46.23,97.4,0.254,1.043,2.866
20-03-2019 04:00,11598,12.64,0.173,-0.35,-0.055,2.105,25.91,36.02,24.48,-40.53,96.2,55.47,45.9,97.3,1.016,1.129,2.795
20-03-2019 04:30,11599,12.62,0.159,-0.416,-0.018,1.919,25.88,32.14,24.29,-40.8,97.5,52.59,43.44,97.6,0.0,0.751,2.386
20-03-2019 05:00,11600,12.6,0.129,-0.467,0.001,1.73,25.86,32.9,24.22,-40.79,97.3,51.81,42.75,97.7,0.0,1.069,2.787
20-03-2019 05:30,11601,12.61,0.121,-0.4,0.012,1.582,27.89,31.74,23.99,-40.79,98.6,50.2,41.36,97.1,0.254,1.232,2.723
20-03-2019 06:00,11602,12.57,0.213,-0.373,0.038,1.804,29.58,31.34,23.86,-40.85,100.3,49.68,40.98,97.4,0.0,0.85,2.293
20-03-2019 06:30,11603,12.58,13.18,1.376,1.715,2.386,29.05,32.3,23.85,-40.84,100.7,49.3,40.59,97.8,0.0,10.24,12.76
20-03-2019 07:00,11604,12.77,88.3,12.68,10.75,4.434,29.07,32.98,23.98,-40.88,100.7,49.8,40.99,97.8,0.0,69.43,73.4
20-03-2019 07:30,11605,13.36,175.3,25.11,25.23,7.64,28.81,33.53,24.29,-40.91,99.4,51.11,42.13,97.9,0.0,131.5,138.2
20-03-2019 08:00,11606,13.73,446.5,48.58,38.45,10.54,30.64,34.52,24.92,-41.0,93,57.87,47.88,97.8,0.0,242.4,331.6
20-03-2019 08:30,11607,14.16,597.9,51.21,48.85,8.81,34.42,35.26,25.55,-40.67,85.7,63.14,52.38,97.2,0.254,251.6,435.9
20-03-2019 09:00,11608,14.16,823.0,60.1,55.53,6.648,35.51,36.6,26.55,-39.65,80.7,65.97,55.03,97.0,0.0,279.8,596.2
20-03-2019 09:30,11609,14.2,488.3,76.6,57.16,7.296,36.6,37.27,27.27,-38.14,84.9,68.63,57.25,97.1,0.0,336.1,376.2
20-03-2019 10:00,11610,13.74,792.5,94.2,107.8,11.52,41.19,37.19,27.85,-34.41,84.2,73.19,61.03,94.9,0.0,453.1,601.0
20-03-2019 10:30,11611,13.62,1209.0,106.7,78.96,10.74,39.79,39.93,29.17,-28.25,73.29,76.57,63.85,94.2,0.0,379.7,905.0
20-03-2019 11:00,11612,13.61,1226.0,74.05,226.1,11.28,33.85,38.27,30.34,-38.03,64.78,76.84,64.38,88.2,0.0,272.2,895.0
20-03-2019 11:30,11613,13.62,1468.0,75.94,136.0,16.52,37.04,36.57,30.72,-34.17,68.1,77.43,64.96,89.1,0.0,228.3,1071.0
20-03-2019 12:00,11614,13.61,1391.0,71.46,297.2,15.17,46.44,35.66,31.18,-21.74,75.05,77.43,65.03,86.2,0.0,318.4,1013.0
20-03-2019 12:30,11615,13.61,1284.0,42.82,161.6,50.06,39.36,37.06,31.78,-34.44,64.74,78.63,66.3,81.4,0.0,204.1,908.0
20-03-2019 13:00,11616,13.58,1184.0,48.24,536.5,126.5,33.91,38.5,31.72,-40.42,59.05,80.1,68.11,78.66,0.0,234.8,839.0
20-03-2019 13:30,11617,13.59,1386.0,54.38,754.8,91.0,36.69,39.72,31.96,-38.67,58.92,80.7,68.5,77.81,0.0,263.8,948.0
20-03-2019 14:00,11618,13.59,1024.0,61.64,110.7,12.74,41.07,36.73,32.49,-31.73,64.63,79.1,67.17,74.12,0.0,306.2,722.2
20-03-2019 14:30,11619,13.58,189.6,30.01,29.81,2.748,32.83,31.72,28.41,-32.97,85.2,69.07,58.66,88.2,9.65,141.2,151.6
20-03-2019 15:00,11620,13.69,195.6,32.06,29.01,6.884,33.09,26.55,25.74,-0.972,98.5,55.79,47.26,97.0,3.048,126.2,132.8
20-03-2019 15:30,11621,13.6,213.5,32.9,36.71,8.17,33.74,26.73,25.84,-40.6,99.5,49.6,41.77,97.8,0.0,139.1,153.6
20-03-2019 16:00,11622,13.63,136.0,19.76,22.68,5.853,33.63,26.92,26.04,-40.61,98.6,47.95,40.45,97.9,0.0,92.6,97.8
20-03-2019 16:30,11623,13.62,129.5,17.79,20.48,5.009,33.77,27.15,26.21,-40.61,97.9,47.51,39.88,98.0,0.0,90.1,96.4
20-03-2019 17:00,11624,13.62,110.1,15.9,16.37,4.195,34.01,27.21,26.26,-40.55,98.3,47.33,39.77,98.0,0.0,81.5,86.0
20-03-2019 17:30,11625,13.62,86.6,13.39,12.87,3.845,33.69,27.25,26.34,-40.57,100.7,47.71,40.02,98.0,0.0,67.01,70.74
20-03-2019 18:00,11626,13.31,37.22,5.116,5.633,2.289,33.71,27.1,26.28,-40.66,101.8,45.7,38.24,97.9,0.0,31.03,34.01
20-03-2019 18:30,11627,13.0,3.405,-0.525,0.524,1.133,31.67,26.79,26.03,-40.59,96.5,44.75,37.35,97.3,0.0,3.409,5.378
20-03-2019 19:00,11628,12.95,-0.004,-1.112,0.051,0.99,32.77,26.37,25.57,-40.76,98.8,45.28,37.76,97.2,0.0,1.244,2.929
20-03-2019 19:30,11629,12.95,-0.018,-1.097,0.059,0.952,34.81,26.29,25.36,-40.81,100.6,45.18,37.61,97.6,0.0,0.85,2.258
20-03-2019 20:00,11630,12.93,-0.01,-1.097,0.057,1.096,35.35,26.28,25.27,-40.6,101.7,45.31,37.62,97.8,0.0,0.868,2.411
20-03-2019 20:30,11631,12.91,-0.008,-1.086,0.047,1.133,33.94,26.23,25.16,-40.64,101,45.39,37.71,97.6,0.0,0.957,2.449
20-03-2019 21:00,11632,12.88,0.0,-1.073,0.05,1.335,33.18,26.22,25.13,-40.63,101.6,46.0,38.18,97.7,0.0,0.705,2.155
20-03-2019 21:30,11633,12.87,0.01,-1.083,0.058,1.582,31.12,26.2,25.06,-40.8,101.1,46.48,38.61,97.4,0.0,0.961,2.509
20-03-2019 22:00,11634,12.87,0.01,-1.091,0.047,3.987,29.43,26.06,25.01,-40.7,99.7,46.38,38.52,97.4,0.0,0.907,2.164
20-03-2019 22:30,11635,12.87,0.016,-1.096,0.053,2.258,29.57,25.9,24.93,-40.82,100.3,45.62,37.81,97.4,0.0,0.831,2.327
20-03-2019 23:00,11636,12.82,0.014,-1.093,0.054,1.614,29.65,25.85,24.82,-40.87,100.6,44.99,37.24,97.4,0.0,0.674,2.509
20-03-2019 23:30,11637,12.79,0.02,-1.086,0.058,1.695,29.34,25.82,24.77,-40.88,100.6,44.83,37.12,97.6,0.0,0.847,2.568
21-03-2019 00:00,11638,12.8,0.009,-1.099,0.07,1.722,28.75,25.9,24.83,-40.86,100,44.41,36.72,97.7,0.0,1.118,2.373
21-03-2019 00:30,11639,12.83,0.014,-1.106,0.074,1.809,28.22,25.85,24.8,-40.88,99.8,44.71,36.96,97.7,0.0,0.817,2.409
21-03-2019 01:00,11640,12.8,0.02,-1.101,0.075,1.855,27.51,25.87,24.78,-40.89,99.5,44.42,36.69,97.8,0.0,0.876,2.574
21-03-2019 01:30,11641,12.8,0.023,-1.098,0.072,2.232,26.77,25.81,24.77,-40.98,99,44.27,36.5,97.8,0.0,1.028,2.732
21-03-2019 02:00,11642,12.77,0.013,-1.091,0.069,2.176,25.89,25.79,24.68,-41.02,98.1,44.19,36.38,97.7,0.0,1.188,2.594
21-03-2019 02:30,11643,12.77,0.005,-1.085,0.068,2.721,26.13,26.0,24.46,-40.92,97.7,44.54,36.64,97.6,0.0,0.959,2.629
21-03-2019 03:00,11644,12.76,0.008,-1.068,0.072,2.167,26.16,25.99,24.22,-40.95,97.2,44.13,36.28,97.3,0.0,0.765,2.391
21-03-2019 03:30,11645,12.76,0.003,-1.047,0.063,1.828,25.98,26.72,24.09,-40.88,97.4,44.62,36.65,97.6,0.0,0.783,2.422
21-03-2019 04:00,11646,12.74,-0.002,-1.019,0.065,2.178,26.05,27.04,24.0,-40.94,97.4,44.46,36.52,97.5,0.0,0.75,2.247
21-03-2019 04:30,11647,12.73,0.001,-1.023,0.063,2.756,25.96,28.3,23.98,-41.02,97.7,45.27,37.16,97.5,0.0,0.807,2.608
21-03-2019 05:00,11648,12.72,0.001,-1.021,0.055,3.124,25.96,28.4,23.94,-40.96,97.7,45.8,37.6,97.4,0.0,0.729,2.292
21-03-2019 05:30,11649,12.71,-0.001,-1.024,0.054,3.225,26.06,28.56,23.89,-40.95,97.1,45.98,37.76,97.3,0.0,0.884,2.182
21-03-2019 06:00,11650,12.72,0.377,-0.964,0.09,3.594,26.01,28.44,23.85,-40.87,97,45.68,37.52,97.3,0.0,1.12,2.68
21-03-2019 06:30,11651,12.73,17.86,1.967,2.45,4.388,26.06,28.29,23.84,-40.9,97.2,45.6,37.44,97.4,0.0,14.32,16.95
21-03-2019 07:00,11652,12.92,62.99,9.85,9.57,5.129,26.24,28.43,23.99,-40.96,97.2,46.84,38.47,97.7,0.0,49.93,52.84
21-03-2019 07:30,11653,13.39,122.5,19.24,19.3,6.712,26.42,28.77,24.24,-41.01,96.7,47.09,38.65,97.7,0.0,94.4,99.4
21-03-2019 08:00,11654,13.7,165.8,27.36,26.81,8.09,26.74,29.11,24.57,-41.24,96.3,48.34,39.62,97.6,0.0,126.9,132.8
21-03-2019 08:30,11655,14.24,233.8,37.23,35.46,9.09,27.15,29.49,24.91,-41.06,95.3,49.19,40.29,97.8,0.0,174.2,182.9
21-03-2019 09:00,11656,14.25,478.9,70.42,61.76,12.9,30.2,30.49,25.49,-41.07,95.1,52.84,43.31,97.7,0.0,324.3,373.1
21-03-2019 09:30,11657,14.24,587.5,90.4,79.39,16.56,31.34,31.64,26.52,-40.2,88.1,58.31,47.96,96.7,0.0,409.3,472.7
21-03-2019 10:00,11658,13.59,657.7,97.6,88.4,18.87,30.78,32.93,27.0,-39.63,83,62.38,51.32,96.3,0.0,453.1,501.6
21-03-2019 10:30,11659,13.58,672.5,101.2,95.4,24.92,31.53,31.59,27.74,-39.34,77.64,64.3,53.07,95.7,0.0,484.2,525.9
21-03-2019 11:00,11660,13.58,1182.0,84.7,282.9,23.61,32.24,31.34,28.6,-37.39,75.11,63.72,52.64,92.2,0.0,407.1,892.0
21-03-2019 11:30,11661,13.59,744.5,79.07,121.7,31.78,31.87,31.24,28.96,-38.75,74.24,66.57,55.08,89.7,0.0,393.6,573.4
21-03-2019 12:00,11662,13.58,890.0,64.62,89.9,30.61,32.22,32.59,29.55,-40.27,73.19,69.37,57.43,88.4,0.0,328.4,666.1
21-03-2019 12:30,11663,13.59,849.0,80.8,194.3,182.2,30.64,30.74,27.72,-41.29,82.6,61.9,51.42,94.3,2.032,350.0,620.5
21-03-2019 13:00,11664,13.58,1026.0,86.5,395.5,177.7,32.13,32.09,28.47,-40.92,77.29,68.16,56.34,95.4,0.0,385.7,730.6
21-03-2019 13:30,11665,13.58,1282.0,134.5,516.3,52.06,31.7,32.7,29.15,-40.73,76.19,72.07,59.8,94.0,0.254,474.3,908.0
21-03-2019 14:00,11666,13.58,514.7,64.44,88.2,18.6,30.56,31.19,28.22,-40.7,79.12,69.24,57.66,92.2,0.0,317.3,380.7
21-03-2019 14:30,11667,13.59,218.1,31.45,34.11,7.542,31.25,29.52,26.77,-40.48,84,66.02,54.88,93.5,0.0,138.9,146.5
21-03-2019 15:00,11668,13.61,43.55,5.792,5.985,4.006,27.19,28.09,26.11,-40.77,86.7,62.91,52.08,94.9,0.0,29.55,32.29
21-03-2019 15:30,11669,13.6,58.1,7.944,10.07,14.5,26.89,27.05,25.68,-63.92,92.3,55.73,45.29,71.7,0.0,35.97,39.92
21-03-2019 16:00,11670,13.58,54.55,8.44,8.78,5.319,26.87,26.58,25.4,-66.72,94.4,48.48,39.01,34.17,0.0,34.61,38.18
21-03-2019 16:30,11671,12.96,25.67,3.433,3.942,2.694,26.73,26.35,25.14,-53.39,94.5,45.89,37.14,19.71,0.0,16.22,18.73
21-03-2019 17:00,11672,12.92,15.27,1.698,2.131,1.233,26.87,25.96,24.78,-50.56,95.4,44.22,35.84,14.2,0.0,9.73,11.4
21-03-2019 17:30,11673,12.95,18.6,2.297,2.884,0.671,26.41,26.04,24.64,-49.54,96.4,42.52,34.42,11.53,0.0,12.08,14.24
21-03-2019 18:00,11674,12.91,16.66,2.407,2.809,0.478,26.17,26.16,24.55,-51.3,97.2,41.58,33.72,9.17,0.0,13.21,15.31
21-03-2019 18:30,11675,12.86,1.105,-0.182,0.195,-0.147,25.74,26.45,24.44,-50.68,97.3,41.76,33.89,6.905,0.0,1.592,3.256
21-03-2019 19:00,11676,12.85,0.009,-0.447,-0.013,-0.322,25.41,26.38,24.4,-50.64,96.9,41.76,33.89,5.578,0.254,0.851,2.225
21-03-2019 19:30,11677,12.84,0.01,-0.478,-0.041,-0.107,25.33,26.32,24.35,-49.17,97.1,41.61,33.75,5.432,0.0,0.864,2.343
21-03-2019 20:00,11678,12.81,0.008,-0.502,-0.055,0.135,25.36,26.35,24.4,-47.83,97.1,42.02,34.11,5.897,0.0,0.78,2.046
21-03-2019 20:30,11679,12.78,0.01,-0.519,-0.084,0.13,25.42,26.42,24.46,-48.05,97.2,42.32,34.34,4.948,0.0,0.806,2.474
21-03-2019 21:00,11680,12.77,0.019,-0.519,-0.092,0.281,25.45,26.47,24.47,-47.45,97.5,43.21,35.08,4.613,0.0,0.886,2.181
21-03-2019 21:30,11681,12.76,0.028,-0.523,-0.081,0.462,25.33,26.42,24.4,-47.17,97.6,43.37,35.22,4.569,0.0,0.918,2.575
21-03-2019 22:00,11682,12.74,0.023,-0.526,-0.083,0.669,25.36,26.48,24.43,-47.48,97.8,43.1,34.98,4.078,0.0,0.724,2.189
21-03-2019 22:30,11683,12.75,0.023,-0.532,-0.095,0.745,25.3,26.43,24.46,-47.61,97.8,42.87,34.77,4.625,0.0,0.741,2.637
21-03-2019 23:00,11684,12.73,0.017,-0.53,-0.097,0.577,25.24,26.41,24.43,-47.38,97.7,43.08,34.95,5.198,0.0,0.863,2.414
21-03-2019 23:30,11685,12.72,0.018,-0.519,-0.071,0.334,25.19,26.38,24.34,-46.96,97.6,42.8,34.7,5.372,0.0,0.736,2.444
22-03-2019 00:00,11686,12.72,0.012,-0.531,-0.065,-0.167,25.16,26.4,24.33,-46.73,97.4,42.51,34.43,5.86,0.0,0.82,2.371
22-03-2019 00:30,11687,12.69,0.014,-0.528,-0.063,-0.259,25.05,26.31,24.22,-46.29,97.3,42.3,34.27,6.153,0.0,0.862,2.464
22-03-2019 01:00,11688,12.69,0.015,-0.529,-0.047,-0.265,24.93,26.36,24.11,-46.2,97.4,42.1,34.12,6.564,0.0,0.822,2.318
22-03-2019 01:30,11689,12.68,0.012,-0.56,-0.044,-0.303,24.9,26.69,24.1,-46.14,97.2,42.05,34.09,7.226,0.0,0.802,2.501
22-03-2019 02:00,11690,12.68,0.012,-0.566,-0.03,-0.266,24.9,26.97,24.01,-46.82,97.3,43.21,35.04,7.829,0.0,0.723,2.272
22-03-2019 02:30,11691,12.65,0.02,-0.566,-0.027,-0.309,24.88,27.23,24.03,-46.17,97.6,44.55,36.13,8.8,0.0,0.766,2.408
22-03-2019 03:00,11692,12.64,0.022,-0.574,-0.023,-0.269,24.84,27.36,24.03,-45.48,97.8,43.78,35.47,9.93,0.0,0.877,2.391
22-03-2019 03:30,11693,12.63,0.005,-0.569,-0.023,-0.732,24.81,27.48,24.06,-45.94,97.8,43.48,35.21,10.24,0.0,0.734,2.456
22-03-2019 04:00,11694,12.64,0.007,-0.567,-0.025,-0.559,24.82,27.44,24.04,-46.81,97.8,43.7,35.38,10.5,0.0,0.899,2.562
22-03-2019 04:30,11695,12.64,0.001,-0.559,-0.033,-0.338,24.76,27.44,23.99,-47.53,97.6,43.68,35.36,11.25,0.0,0.909,2.427
22-03-2019 05:00,11696,12.64,-0.004,-0.555,-0.029,-0.16,24.78,27.47,23.9,-48.3,97.3,44.19,35.76,11.63,0.0,0.731,2.3
22-03-2019 05:30,11697,12.64,0.001,-0.546,-0.032,-0.23,24.74,27.44,23.87,-47.56,97.1,43.76,35.4,12.28,0.0,0.899,2.524
22-03-2019 06:00,11698,12.64,0.185,-0.504,-0.005,-0.061,24.71,27.15,23.81,-47.67,97,43.76,35.39,12.72,0.0,0.879,2.657
22-03-2019 06:30,11699,12.64,10.75,1.213,1.501,0.104,24.72,27.0,23.81,-46.82,96.9,43.72,35.31,14.09,0.0,8.31,10.45
22-03-2019 07:00,11700,12.8,58.24,8.77,8.46,1.328,24.88,27.15,23.92,-47.01,96.5,43.89,35.43,14.82,0.0,45.85,48.62
22-03-2019 07:30,11701,13.25,111.1,16.78,16.32,2.582,25.08,27.38,24.08,-47.45,95.9,44.36,35.73,15.62,0.0,82.2,86.4
22-03-2019 08:00,11702,13.58,207.5,31.79,30.76,5.041,25.43,27.8,24.4,-47.78,94.3,46.46,37.39,17.19,0.0,157.3,163.8
22-03-2019 08:30,11703,14.16,250.7,39.0,37.34,6.286,25.91,28.33,24.84,-48.05,92,49.62,39.91,18.22,0.0,191.9,200.0
22-03-2019 09:00,11704,14.15,302.3,46.11,44.25,7.556,27.2,29.05,25.3,-48.77,90.5,52.92,42.55,17.91,0.0,229.3,239.4
22-03-2019 09:30,11705,14.17,331.7,47.5,52.08,9.21,28.27,29.53,25.68,-48.74,89.9,54.09,43.57,18.8,0.0,241.9,252.9
22-03-2019 10:00,11706,13.56,396.6,60.96,66.03,11.18,28.9,29.98,26.2,-48.73,87.8,55.03,44.42,19.0,0.0,292.1,307.6
22-03-2019 10:30,11707,13.58,522.6,78.68,84.8,13.6,29.44,30.46,26.62,-48.84,86.4,56.59,45.7,17.53,0.0,376.6,403.5
22-03-2019 11:00,11708,13.54,613.4,81.5,99.1,15.08,29.7,31.19,27.1,-49.16,82.4,60.47,48.97,17.16,0.0,414.4,470.9
22-03-2019 11:30,11709,13.53,996.0,109.9,139.2,22.69,31.42,31.35,27.75,-48.82,79.57,65.0,52.79,18.17,0.254,500.5,745.4
22-03-2019 12:00,11710,13.53,876.0,103.3,156.3,24.14,32.09,31.08,28.51,-49.86,76.01,67.25,54.61,17.35,0.0,490.9,689.5
22-03-2019 12:30,11711,13.53,1003.0,85.6,218.0,189.8,31.48,31.12,29.0,-49.26,72.54,67.47,54.82,16.29,0.0,431.5,752.9
22-03-2019 13:00,11712,13.53,907.0,75.76,329.1,176.0,31.79,32.82,29.62,-49.69,70.9,69.16,56.12,15.11,0.0,378.9,688.0
22-03-2019 13:30,11713,13.5,1016.0,107.9,291.8,19.53,35.26,35.67,30.01,-48.57,70.94,72.29,58.69,13.33,0.0,368.4,756.3
22-03-2019 14:00,11714,13.5,951.0,71.45,121.7,12.5,46.59,36.49,30.29,-46.87,79.94,73.67,60.14,11.37,0.0,328.2,692.6
22-03-2019 14:30,11715,13.51,964.0,78.89,289.8,12.45,35.11,37.28,30.72,-46.66,68.21,75.15,61.39,10.94,0.0,348.4,698.9
22-03-2019 15:00,11716,13.51,972.0,90.1,89.9,9.59,34.08,37.99,30.57,-46.11,65.95,76.27,62.34,10.55,0.0,343.6,682.3
22-03-2019 15:30,11717,13.51,437.7,120.6,61.26,7.266,33.09,35.74,30.36,-44.54,67.35,74.05,60.64,9.81,0.0,272.3,332.2
22-03-2019 16:00,11718,13.53,659.0,78.0,40.53,2.664,33.31,35.77,30.05,-43.84,66.49,75.06,61.4,11.41,0.0,231.8,442.6
22-03-2019 16:30,11719,13.54,327.3,44.24,31.22,2.54,34.6,36.0,30.42,-44.28,68.45,74.51,60.91,13.06,0.0,189.0,246.6
22-03-2019 17:00,11720,13.52,304.0,32.33,21.61,0.679,33.08,35.41,29.85,-43.06,68.61,73.74,60.41,12.91,0.0,118.7,218.0
22-03-2019 17:30,11721,13.52,138.1,16.08,9.58,-0.914,34.42,34.7,29.41,-42.04,70.71,72.28,59.26,13.31,0.0,68.98,104.5
22-03-2019 18:00,11722,13.28,53.04,6.613,5.251,-1.207,35.15,33.6,28.71,-40.83,74.13,70.0,57.39,13.77,0.0,33.67,40.86
22-03-2019 18:30,11723,12.93,4.798,0.658,0.433,-1.808,33.99,33.42,28.08,-39.4,74.67,67.01,54.85,13.76,0.0,6.272,8.41
22-03-2019 19:00,11724,12.87,-0.007,0.0,-0.052,-1.762,34.94,42.58,27.45,-38.08,78.47,69.81,57.09,13.89,0.0,1.734,3.399
22-03-2019 19:30,11725,12.87,-0.017,0.007,-0.046,-1.671,32.61,40.33,26.87,-37.88,87.9,66.34,54.31,14.32,0.0,1.795,3.62
22-03-2019 20:00,11726,12.84,-0.015,0.012,-0.046,-1.583,30.13,44.03,26.67,-38.28,90.6,66.41,54.33,14.51,0.0,1.319,2.849
22-03-2019 20:30,11727,12.83,-0.009,0.009,-0.051,-1.484,30.52,39.9,26.59,-38.96,93.6,63.18,51.67,14.37,0.0,0.998,2.456
22-03-2019 21:00,11728,12.81,-0.01,0.004,-0.04,-1.46,29.99,32.45,26.37,-39.28,93.7,58.86,48.18,14.24,0.0,0.811,2.241
22-03-2019 21:30,11729,12.8,-0.012,0.006,-0.038,-1.429,29.64,32.14,26.14,-39.27,93,58.3,47.72,14.24,0.0,0.693,2.165
22-03-2019 22:00,11730,12.8,-0.016,0.011,-0.038,-1.44,28.67,31.26,26.02,-38.72,92.9,57.45,47.0,14.94,0.0,1.098,2.831
22-03-2019 22:30,11731,12.78,-0.014,0.012,-0.043,-1.409,28.29,30.61,25.93,-38.81,93,56.64,46.33,14.96,0.0,0.955,2.186
22-03-2019 23:00,11732,12.76,-0.015,-0.002,-0.036,-1.458,27.93,33.77,25.77,-38.86,94,57.67,47.19,14.58,0.0,1.111,2.575
22-03-2019 23:30,11733,12.69,-0.008,0.002,-0.043,-1.487,27.78,37.54,25.62,-38.87,94.6,58.81,48.05,14.27,0.0,0.806,2.332
23-03-2019 00:00,11734,12.68,0.001,0.002,-0.042,-1.448,27.29,38.97,25.49,-38.72,95.6,59.2,48.38,14.15,0.0,1.057,2.74
23-03-2019 00:30,11735,12.65,0.002,0.01,-0.042,-1.556,27,41.51,25.32,-38.55,96.4,60.09,49.14,13.87,0.0,0.89,2.243
23-03-2019 01:00,11736,12.64,0.006,0.014,-0.035,-1.558,26.92,39.07,25.3,-38.74,96.7,58.82,48.11,13.84,0.0,0.73,2.425
23-03-2019 01:30,11737,12.6,0.013,0.012,-0.037,-1.558,26.85,37.55,25.32,-39.16,97.2,57.77,47.25,13.59,0.0,0.999,2.435
23-03-2019 02:00,11738,12.59,0.012,0.031,-0.044,-1.583,26.93,36.98,25.27,-39.26,97.6,57.33,46.86,13.46,0.0,0.923,2.361
23-03-2019 02:30,11739,12.56,0.012,0.035,-0.044,-1.58,27.3,37.41,25.2,-39.04,97.8,57.3,46.84,13.38,0.0,1.063,2.546
23-03-2019 03:00,11740,12.56,0.016,0.041,-0.044,-1.702,27.44,38.6,25.13,-38.84,98,57.61,47.09,13.28,0.0,0.764,2.63
23-03-2019 03:30,11741,12.57,0.01,0.044,-0.047,-1.775,27.29,41.37,25.01,-38.58,97.5,58.62,47.9,13.26,0.0,0.898,2.536
23-03-2019 04:00,11742,12.61,0.014,0.039,-0.044,-1.786,26.89,41.02,24.89,-38.62,97.1,58.22,47.57,13.23,0.0,0.973,2.744
23-03-2019 04:30,11743,12.58,0.013,0.045,-0.04,-1.682,26.75,40.55,24.78,-38.48,97,57.69,47.1,13.18,0.0,0.752,2.154
23-03-2019 05:00,11744,12.6,0.012,0.057,-0.032,-1.595,26.53,40.9,24.72,-38.39,96.9,57.64,47.03,13.28,0.0,0.884,2.362
23-03-2019 05:30,11745,12.58,0.009,0.055,-0.039,-1.607,26.6,43.42,24.71,-38.26,96.4,58.61,47.79,12.76,0.0,0.873,2.462
23-03-2019 06:00,11746,12.59,0.472,0.108,0.004,-1.696,26.49,45.95,24.64,-38.11,96.2,59.51,48.48,11.94,0.0,1.267,2.989
23-03-2019 06:30,11747,12.59,23.93,2.729,1.768,-1.483,26.62,40.85,24.52,-38.28,96.3,56.69,46.16,12.07,0.0,12.51,17.49
23-03-2019 07:00,11748,12.76,137.8,10.55,14.76,-0.729,27.12,41.35,24.54,-39.41,93.6,58.47,47.51,12.52,0.0,45.17,101.4
23-03-2019 07:30,11749,13.37,306.1,17.61,10.35,0.097,28.48,44.21,24.88,-39.5,90.1,66.04,53.82,14.47,0.0,70.23,224.7
23-03-2019 08:00,11750,14.0,487.4,31.75,14.11,2.662,29.48,46.11,25.65,-40.28,86.8,73.0,59.9,16.77,0.0,89.8,343.0
23-03-2019 08:30,11751,14.17,665.9,26.33,33.18,0.799,30.21,48.81,26.84,-40.21,82,75.91,62.37,16.53,0.0,107.3,473.4
23-03-2019 09:00,11752,14.2,838.0,34.0,52.64,0.805,31.94,49.0,27.88,-39.07,78.53,78.24,64.41,13.56,0.0,123.5,581.4
23-03-2019 09:30,11753,14.09,996.0,256.0,43.76,8.61,33.88,46.88,28.74,-37.4,76.52,78.94,65.16,10.37,0.0,167.8,709.0
23-03-2019 10:00,11754,13.48,894.0,91.6,99.2,6.238,40.99,40.98,29.73,-36.13,79.9,76.95,63.75,8.52,0.0,303.0,646.2
23-03-2019 10:30,11755,13.5,983.0,100.1,83.5,8.66,41.76,39.56,29.74,-35.01,77.81,76.69,63.74,8.63,0.0,367.3,721.1
23-03-2019 11:00,11756,13.49,1123.0,181.0,120.1,10.52,35.75,37.64,30.4,-35.09,69.83,76.58,63.65,8.99,0.0,364.6,813.0
23-03-2019 11:30,11757,13.51,915.0,74.94,93.5,33.62,36.32,34.25,30.1,-33.32,69.56,74.85,62.23,9.93,0.0,308.6,662.0
23-03-2019 12:00,11758,13.5,1036.0,69.3,153.8,87.0,37.19,35.33,30.92,-33.98,66.4,75.89,63.13,10.51,0.0,325.4,719.7
23-03-2019 12:30,11759,13.5,1341.0,58.98,365.6,382.8,35.15,35.87,31.68,-30.84,62.29,76.48,63.91,9.81,0.0,267.2,916.0
23-03-2019 13:00,11760,13.5,1369.0,55.63,648.2,262.6,34.72,36.27,32.0,-25.91,59.19,76.91,64.18,13.49,0.0,232.7,936.0
23-03-2019 13:30,11761,13.5,1306.0,70.4,322.0,14.31,35.43,36.99,32.5,-18.84,58.16,77.61,64.89,19.5,0.0,284.9,905.0
23-03-2019 14:00,11762,13.49,1379.0,65.44,185.8,11.96,34.89,38.56,32.8,-20.22,56.01,78.72,65.87,18.01,0.0,276.2,939.0
23-03-2019 14:30,11763,13.52,712.9,56.46,64.99,3.29,34.21,40.82,31.48,-20.48,59.02,79.48,66.7,19.18,0.0,223.2,496.0
23-03-2019 15:00,11764,13.49,845.0,72.56,68.09,7.039,34.32,42.83,32.14,-22.91,61.89,81.0,67.97,16.63,0.0,319.9,599.6
23-03-2019 15:30,11765,13.51,288.6,50.01,45.53,4.45,36.19,34.86,28.88,-20.27,80.7,72.73,61.17,20.08,0.0,206.1,215.6
23-03-2019 16:00,11766,13.55,306.5,46.68,45.37,5.016,36.83,29.52,27.28,-22.52,88,70.92,59.68,19.38,0.0,213.1,221.6
23-03-2019 16:30,11767,13.54,233.9,31.3,31.52,1.847,33.9,30.28,27.83,-24.34,84.2,72.37,60.78,17.55,0.0,147.3,165.0
23-03-2019 17:00,11768,13.54,101.7,14.35,12.88,-0.798,33.14,30.02,27.9,-25.45,86.1,69.52,58.28,17.43,0.0,68.08,74.74
23-03-2019 17:30,11769,13.54,59.42,6.718,5.105,-1.688,31.43,29.32,27.43,-26.18,86.2,66.43,55.6,17.52,0.0,35.15,41.65
23-03-2019 18:00,11770,13.1,41.13,4.958,2.914,-1.704,32.57,28.28,26.88,-26.69,89.6,64.11,53.59,17.31,0.0,22.4,27.96
23-03-2019 18:30,11771,12.88,4.044,0.549,0.339,-1.848,32.22,27.62,26.6,-27.75,88.3,60.84,50.79,16.43,0.0,3.46,5.14
23-03-2019 19:00,11772,12.88,-0.002,-0.012,-0.055,-1.792,31.67,27.22,26.3,-28.32,90.1,59.27,49.42,16.13,0.0,1.178,2.691
23-03-2019 19:30,11773,12.83,-0.002,-0.02,-0.049,-1.718,29.09,26.78,26.08,-28.87,89.7,57.79,48.15,15.86,0.0,0.928,2.386
23-03-2019 20:00,11774,12.8,-0.009,-0.012,-0.046,-1.66,28.72,26.63,25.98,-29.17,88.1,57.46,47.84,15.67,0.0,0.689,1.995
23-03-2019 20:30,11775,12.8,-0.012,-0.01,-0.052,-1.706,28.82,26.63,25.97,-29.44,87.9,57.19,47.56,15.37,0.0,0.654,2.098
23-03-2019 21:00,11776,12.8,-0.007,-0.024,-0.047,-1.729,28.67,26.41,25.83,-29.6,89,56.61,47.06,15.33,0.0,0.742,2.319
23-03-2019 21:30,11777,12.79,-0.008,-0.014,-0.051,-1.617,28.66,26.22,25.65,-29.71,88.7,56.1,46.61,15.29,0.0,0.903,2.457
23-03-2019 22:00,11778,12.78,-0.01,-0.017,-0.044,-1.569,28.87,26.23,25.56,-29.86,87.6,56.02,46.46,15.19,0.0,0.65,1.827
23-03-2019 22:30,11779,12.79,-0.004,-0.017,-0.04,-1.563,28.62,26.23,25.5,-30.15,89.1,55.54,46.07,15.0,0.0,1.007,2.476
23-03-2019 23:00,11780,12.76,-0.012,-0.021,-0.045,-1.598,28.9,26.21,25.43,-30.3,88.6,55.58,46.09,14.87,0.0,0.804,2.363
23-03-2019 23:30,11781,12.75,-0.012,-0.029,-0.047,-1.506,28.88,26.17,25.41,-30.57,88.7,55.2,45.73,14.67,0.0,0.7,2.01
24-03-2019 00:00,11782,12.76,-0.009,-0.022,-0.046,-1.48,28.93,26.15,25.48,-30.68,87.9,55.19,45.7,14.56,0.0,0.935,2.352
24-03-2019 00:30,11783,12.73,-0.007,-0.033,-0.048,-1.518,28.55,26.11,25.39,-30.87,90,54.3,44.93,14.5,0.0,1.03,2.648
24-03-2019 01:00,11784,12.72,-0.008,-0.035,-0.049,-1.562,28.44,25.98,25.28,-30.93,89.4,53.87,44.54,14.53,0.0,0.727,2.256
24-03-2019 01:30,11785,12.71,-0.017,-0.035,-0.049,-1.526,28.34,26.01,25.31,-31.11,89,53.79,44.43,14.49,0.0,0.86,2.313
24-03-2019 02:00,11786,12.72,-0.01,-0.031,-0.032,-1.613,28.33,26.09,25.39,-31.32,89,53.82,44.43,14.31,0.0,0.823,2.187
24-03-2019 02:30,11787,12.72,-0.006,-0.034,-0.031,-1.589,27.95,26.08,25.4,-31.4,89.3,53.75,44.41,14.23,0.0,0.913,2.369
24-03-2019 03:00,11788,12.72,-0.014,-0.028,-0.029,-1.521,27.96,26.03,25.34,-31.37,88.6,53.84,44.43,14.23,0.0,0.761,2.216
24-03-2019 03:30,11789,12.71,-0.006,-0.025,-0.028,-1.496,27.82,26.0,25.29,-31.35,89,53.66,44.25,14.28,0.0,0.956,2.762
24-03-2019 04:00,11790,12.69,-0.01,-0.025,-0.035,-1.468,27.79,26.06,25.31,-31.32,89.8,53.51,44.1,14.35,0.0,1.125,2.392
24-03-2019 04:30,11791,12.69,-0.012,-0.025,-0.034,-1.451,27.69,25.98,25.27,-31.42,90.7,53.11,43.77,14.3,0.0,0.906,2.54
24-03-2019 05:00,11792,12.68,-0.008,-0.026,-0.035,-1.44,27.57,25.88,25.18,-31.51,91.1,52.76,43.42,14.31,0.0,1.157,2.784
24-03-2019 05:30,11793,12.72,-0.007,-0.027,-0.034,-1.407,27.1,25.74,25.04,-31.44,91.1,52.35,43.04,14.43,0.0,0.988,2.487
24-03-2019 06:00,11794,12.72,0.533,0.031,0.012,-1.372,26.61,25.62,24.87,-31.52,92.1,51.66,42.5,14.55,0.0,1.518,3.419
24-03-2019 06:30,11795,12.7,23.99,2.467,1.774,-1.219,26.32,25.58,24.68,-31.77,93.1,51.04,41.94,14.57,0.0,15.22,19.38
24-03-2019 07:00,11796,12.96,128.0,9.57,13.37,-0.736,26.95,25.8,24.69,-31.7,89,53.81,44.19,14.97,0.0,52.19,93.7
24-03-2019 07:30,11797,13.74,292.6,17.28,12.04,-0.204,28.14,26.51,25.05,-31.18,83.6,59.87,49.47,15.48,0.0,86.3,214.3
24-03-2019 08:00,11798,14.13,470.7,27.52,16.69,0.333,31.19,27.75,25.9,-30.57,82,65.57,54.52,15.43,0.0,123.6,330.2
24-03-2019 08:30,11799,14.13,442.5,45.11,34.46,1.383,31.57,28.65,26.81,-30.55,81.5,67.87,56.43,15.22,0.0,235.0,317.6
24-03-2019 09:00,11800,14.13,569.6,69.28,60.15,2.324,34.18,29.55,27.57,-30.34,79.66,70.39,58.53,14.97,0.0,339.8,418.4
24-03-2019 09:30,11801,13.55,513.1,75.88,64.34,3.433,33.03,29.89,27.99,-29.95,78.03,70.56,58.78,14.5,0.0,356.6,382.9
24-03-2019 10:00,11802,13.51,986.0,108.8,106.8,4.393,34.31,30.65,28.69,-29.47,75.94,73.12,61.06,14.14,0.0,479.6,715.2
24-03-2019 10:30,11803,13.54,990.0,111.1,126.9,6.626,39.16,31.28,29.67,-28.37,78.14,73.78,61.71,13.68,0.0,554.7,733.7
24-03-2019 11:00,11804,13.52,1198.0,104.1,284.0,7.845,38.39,32.11,30.2,-26.22,74.58,75.77,63.9,14.83,0.0,487.4,862.0
24-03-2019 11:30,11805,13.51,1366.0,68.18,123.7,14.49,36.2,34.2,31.29,-25.21,67.4,76.92,64.96,15.59,0.0,326.0,977.0
24-03-2019 12:00,11806,13.5,823.0,70.65,106.1,16.37,37.82,33.87,30.88,-22.9,71.14,76.29,64.4,17.58,0.0,333.3,575.7
24-03-2019 12:30,11807,13.47,954.0,67.48,335.7,121.8,37.23,33.46,30.61,-21.64,74.93,75.74,63.99,18.37,0.0,331.9,664.7
24-03-2019 13:00,11808,13.48,615.7,57.22,235.1,21.8,36.38,31.35,29.05,-18.73,NAN,71.45,60.39,19.83,11.43,261.2,435.3
24-03-2019 13:30,11809,13.58,126.2,22.22,18.96,2.047,28.99,31.09,24.77,-23.02,94.9,57.78,48.47,20.47,29.21,82.4,87.2
24-03-2019 14:00,11810,13.52,290.0,41.53,52.75,9.31,28.66,31.28,24.87,-26.82,95.6,56.62,47.1,16.86,0.0,189.1,205.6
24-03-2019 14:30,11811,13.5,425.4,59.7,65.56,6.598,29.23,31.93,25.36,-27.95,91.8,56.7,47.05,16.46,0.0,221.3,288.7
24-03-2019 15:00,11812,13.44,697.2,117.7,74.19,7.239,30.66,33.39,26.05,-28.31,87,60.57,50.21,16.16,0.0,227.9,454.8
24-03-2019 15:30,11813,13.5,713.2,246.6,76.75,5.186,32.87,34.2,27.11,-27.7,82.6,67.57,56.1,15.66,0.0,231.8,470.3
24-03-2019 16:00,11814,13.5,456.7,213.9,51.01,2.823,32.97,32.01,27.28,-26.7,80.7,68.81,57.12,16.71,0.0,182.2,310.5
24-03-2019 16:30,11815,13.5,237.2,48.15,25.09,1.712,32.07,31.3,27.13,-27.51,80.1,64.62,53.43,16.83,0.0,143.3,173.4
24-03-2019 17:00,11816,13.5,209.7,39.19,20.67,1.117,31.81,31.58,27.27,-27.88,85.3,65.08,53.68,16.54,0.0,120.6,152.6
24-03-2019 17:30,11817,13.53,126.3,23.36,14.32,0.129,31.36,31.21,27.34,-29.26,89.3,61.0,50.22,16.03,0.0,85.5,97.7
24-03-2019 18:00,11818,13.11,40.37,7.343,5.272,-0.994,31.19,30.64,27.14,-30.15,92.3,57.36,47.11,15.73,0.0,32.73,36.34
24-03-2019 18:30,11819,12.87,3.11,0.47,0.393,-1.377,30.95,29.97,26.75,-30.74,94.6,53.68,43.99,15.43,0.0,4.122,6.002
24-03-2019 19:00,11820,12.8,-0.01,-0.137,-0.006,-1.352,31.2,29.71,26.49,-31.1,96,52.64,43.1,15.25,0.0,1.47,2.883
24-03-2019 19:30,11821,12.8,-0.015,-0.147,-0.008,-1.342,30.41,29.76,26.23,-31.34,96,51.77,42.34,15.08,0.0,0.917,2.713
24-03-2019 20:00,11822,12.76,-0.006,-0.151,-0.008,-1.32,29.47,29.29,26.04,-31.68,97,50.96,41.69,14.93,0.0,1.044,2.92
24-03-2019 20:30,11823,12.71,-0.011,-0.151,-0.011,-1.318,30.37,29.19,25.91,-32.08,98.7,50.29,41.1,14.82,0.0,0.869,2.539
24-03-2019 21:00,11824,12.68,-0.012,-0.141,-0.016,-1.342,28.54,28.95,25.75,-32.24,97.6,49.91,40.77,14.79,0.0,1.193,2.842
24-03-2019 21:30,11825,12.66,-0.011,-0.142,-0.022,-1.374,27.44,28.63,25.6,-32.6,96.6,49.23,40.14,14.64,0.0,0.951,2.358
24-03-2019 22:00,11826,12.65,-0.013,-0.149,-0.016,-1.371,27.32,28.82,25.41,-32.81,96.8,48.33,39.39,14.55,0.0,0.642,2.211
24-03-2019 22:30,11827,12.64,-0.017,-0.151,-0.01,-1.379,27.46,29.3,25.36,-33.15,97,48.23,39.29,14.26,0.0,0.775,2.1
24-03-2019 23:00,11828,12.61,-0.022,-0.17,-0.014,-1.341,28.15,29.41,25.24,-33.25,97.4,48.34,39.36,14.19,0.0,0.778,2.455
24-03-2019 23:30,11829,12.58,-0.023,-0.17,-0.016,-1.295,28.42,29.5,25.14,-33.37,96.2,47.89,39.01,14.22,0.0,0.744,2.521
25-03-2019 00:00,11830,12.57,-0.018,-0.172,-0.012,-1.286,28.22,29.23,25.0,-33.52,96,47.24,38.43,14.22,0.0,0.846,2.211
25-03-2019 00:30,11831,12.55,-0.019,-0.185,-0.016,-1.409,27.77,28.83,24.88,-33.8,96.3,46.38,37.71,14.15,0.0,0.743,2.101
25-03-2019 01:00,11832,12.54,-0.018,-0.192,-0.007,-1.341,27.69,28.56,24.88,-34.19,96.6,45.6,37.1,13.99,0.0,0.954,2.5
25-03-2019 01:30,11833,12.56,-0.019,-0.193,-0.017,-1.329,27.2,28.39,24.76,-34.1,96.1,46.08,37.46,13.83,0.0,0.844,2.645
25-03-2019 02:00,11834,12.54,-0.023,-0.186,-0.013,-1.334,26.95,28.19,24.62,-34.19,96.3,46.1,37.47,13.78,0.0,0.734,2.327
25-03-2019 02:30,11835,12.56,-0.011,-0.187,-0.005,-1.359,27.1,28.23,24.58,-34.35,97.4,46.16,37.51,13.76,0.0,0.71,2.192
25-03-2019 03:00,11836,12.56,-0.009,-0.201,0.0,-1.397,27.15,28.15,24.65,-34.69,98.1,45.61,37.06,13.6,0.0,0.743,2.302
25-03-2019 03:30,11837,12.56,-0.009,-0.212,0.001,-1.449,27.23,28.25,24.69,-34.97,98.5,45.11,36.62,13.38,0.0,0.932,2.459
25-03-2019 04:00,11838,12.57,-0.011,-0.214,0.0,-1.377,27.22,28.3,24.66,-34.94,98.8,44.95,36.49,13.51,0.0,0.823,2.422
25-03-2019 04:30,11839,12.62,-0.002,-0.227,0.001,-1.379,27.31,28.41,24.74,-35.23,98.9,44.82,36.35,13.41,0.0,0.956,2.549
25-03-2019 05:00,11840,12.61,0.005,-0.241,0.001,-1.43,27.35,28.46,24.8,-35.23,99.1,44.95,36.47,13.29,0.0,0.705,2.245
25-03-2019 05:30,11841,12.6,0.0,-0.242,0.001,-1.411,27.39,28.52,24.85,-35.25,99,45.38,36.83,13.24,0.0,0.801,2.513
25-03-2019 06:00,11842,12.58,0.029,-0.221,-0.02,-1.401,26.74,28.31,24.71,-35.2,98.2,45.2,36.67,13.38,0.508,1.761,3.806
25-03-2019 06:30,11843,12.6,1.769,0.123,0.201,-1.341,25.78,27.27,23.99,-34.3,97.6,43.86,35.52,14.15,2.794,1.764,3.828
25-03-2019 07:00,11844,12.58,9.53,1.201,1.163,-1.147,25.26,26.74,23.75,-34.75,97.3,42.38,34.26,14.07,1.27,5.601,7.311
25-03-2019 07:30,11845,12.62,19.27,2.862,2.486,-0.89,24.92,26.72,23.76,-35.21,97.3,41.98,33.94,14.02,1.778,10.91,12.83
25-03-2019 08:00,11846,12.68,38.51,6.031,5.014,-0.42,24.97,26.78,23.82,-35.63,97.6,42.04,33.97,13.95,3.556,23.73,26.18
25-03-2019 08:30,11847,12.92,144.0,22.03,16.76,1.711,24.86,26.81,23.82,-35.93,97.1,42.21,34.09,14.27,1.524,93.8,100.9
25-03-2019 09:00,11848,13.86,651.6,80.7,69.17,9.37,25.84,27.52,24.29,-36.22,95.7,45.96,36.92,15.6,0.508,330.0,471.0
25-03-2019 09:30,11849,14.16,1076.0,193.0,98.5,14.04,31.15,29.06,25.35,-35.66,92.2,57.46,46.11,16.11,0.0,474.9,790.5
25-03-2019 10:00,11850,14.16,621.3,87.9,83.9,12.85,30.9,29.89,26.18,-35.57,87.7,59.96,48.51,15.59,0.0,400.3,473.8
25-03-2019 10:30,11851,14.2,442.9,68.64,68.89,11.56,30.39,29.67,26.15,-35.0,89.6,56.22,45.43,14.87,0.0,315.5,334.2
25-03-2019 11:00,11852,13.57,698.1,100.2,110.0,17.25,31.94,30.36,26.41,-34.45,89,59.89,48.34,14.69,0.0,455.1,512.7
25-03-2019 11:30,11853,13.57,645.2,102.8,101.1,17.36,32.79,30.86,26.52,-33.71,89.7,60.42,48.69,14.26,0.0,421.9,471.0
25-03-2019 12:00,11854,13.57,708.1,109.7,119.1,20.48,32.62,31.65,26.84,-32.53,85.7,64.19,51.79,14.69,0.0,480.2,525.2
25-03-2019 12:30,11855,13.59,1037.0,119.9,235.8,117.3,37.6,32.9,27.54,-32.73,86.9,68.1,54.87,14.45,0.0,538.3,768.5
25-03-2019 13:00,11856,13.58,662.5,102.0,130.6,23.42,41.88,32.33,27.71,-32.15,92.3,66.79,53.95,13.51,0.0,433.1,508.7
25-03-2019 13:30,11857,13.58,1022.0,119.9,157.2,25.48,42.63,32.32,27.74,-30.82,91.4,68.2,55.15,14.5,0.0,493.3,736.4
25-03-2019 14:00,11858,13.58,1025.0,136.2,154.3,15.67,39.12,32.83,28.36,-29.39,86.2,70.02,56.52,14.16,0.0,506.0,754.4
25-03-2019 14:30,11859,13.58,576.6,128.7,92.3,10.65,37.34,32.25,27.83,-28.0,87.3,68.32,55.13,15.94,0.0,386.8,430.8
25-03-2019 15:00,11860,13.57,552.3,99.5,80.8,8.78,36.97,32.01,27.57,-28.71,86.4,67.41,54.43,15.87,0.0,367.1,406.3
25-03-2019 15:30,11861,13.57,439.0,84.3,68.21,7.033,36.29,31.78,27.21,-28.62,84.9,67.26,54.31,15.84,0.0,298.2,322.5
25-03-2019 16:00,11862,13.57,248.6,44.89,36.86,3.436,36.06,31.23,26.94,-29.44,89.3,64.44,52.04,15.75,0.0,175.4,185.1
25-03-2019 16:30,11863,13.57,123.8,20.27,18.08,1.004,38.14,30.76,26.54,-30.01,95.1,61.35,49.59,15.7,0.0,87.7,92.9
25-03-2019 17:00,11864,13.69,82.0,11.86,11.05,0.02,30.28,29.8,25.83,-30.31,91.4,58.33,47.2,16.1,0.0,57.39,61.38
25-03-2019 17:30,11865,13.59,95.2,14.46,12.61,0.323,28.47,29.33,25.32,-30.68,90.3,57.39,46.44,16.17,0.0,67.73,72.23
25-03-2019 18:00,11866,13.14,35.39,5.159,4.482,-0.739,26.85,29.02,25.13,-31.52,92.3,55.43,44.87,15.56,0.0,26.74,29.67
25-03-2019 18:30,11867,12.94,2.602,0.368,0.294,-1.32,27.42,29.59,24.76,-31.88,95.8,53.12,43.01,15.14,0.0,3.319,5.015
25-03-2019 19:00,11868,12.92,-0.015,-0.027,-0.035,-1.357,26.58,32.02,24.45,-32.01,96.5,52.97,42.85,14.99,0.0,1.145,3.075
25-03-2019 19:30,11869,12.92,-0.018,-0.025,-0.024,-1.359,26.05,26.51,24.22,-32.91,96.9,49.68,40.19,14.73,0.0,0.895,2.528
25-03-2019 20:00,11870,12.88,-0.027,-0.024,-0.032,-1.317,25.13,26.11,24.03,-33.21,93.7,49.0,39.61,14.63,0.0,1.225,2.808
25-03-2019 20:30,11871,12.88,-0.032,-0.016,-0.025,-1.278,24.82,25.82,23.76,-33.2,93.7,48.56,39.22,14.76,0.0,0.686,2.154
25-03-2019 21:00,11872,12.84,-0.026,-0.025,-0.027,-1.28,24.63,25.9,23.69,-33.52,95.2,48.18,38.91,14.64,0.0,0.913,2.556
25-03-2019 21:30,11873,12.83,-0.027,-0.031,-0.024,-1.3,24.72,25.88,23.59,-33.74,95.1,47.66,38.52,14.42,0.0,0.78,2.277
25-03-2019 22:00,11874,12.81,-0.031,-0.031,-0.025,-1.284,24.94,26.03,23.54,-33.89,93.7,47.72,38.55,14.31,0.0,0.669,2.155
25-03-2019 22:30,11875,12.8,-0.028,-0.031,-0.015,-1.212,24.92,26.06,23.51,-34.13,94,47.54,38.39,14.19,0.0,0.858,2.301
25-03-2019 23:00,11876,12.8,-0.021,-0.031,-0.021,-1.236,24.78,26.13,23.51,-34.23,95.3,47.47,38.33,14.2,0.0,1.037,2.731
25-03-2019 23:30,11877,12.8,-0.021,-0.044,-0.026,-1.224,24.7,26.17,23.5,-34.41,95.7,46.98,37.91,13.98,0.0,0.919,2.782
26-03-2019 00:00,11878,12.77,-0.019,-0.05,-0.022,-1.212,24.73,26.3,23.47,-34.52,96.2,46.81,37.79,13.83,0.0,0.902,2.416
26-03-2019 00:30,11879,12.76,-0.016,-0.048,-0.023,-1.206,24.59,26.22,23.43,-34.57,96.5,46.66,37.69,13.73,0.0,0.761,2.207
26-03-2019 01:00,11880,12.75,-0.023,-0.049,-0.014,-1.196,24.7,26.3,23.36,-34.64,96.7,46.65,37.66,13.8,0.0,0.759,2.107
26-03-2019 01:30,11881,12.72,-0.027,-0.049,-0.019,-1.277,24.81,26.34,23.41,-34.91,95.5,46.71,37.66,13.71,0.0,0.94,2.581
26-03-2019 02:00,11882,12.72,-0.018,-0.051,-0.025,-1.315,24.56,26.29,23.44,-34.98,96.1,46.36,37.42,13.56,0.0,1.104,2.689
26-03-2019 02:30,11883,12.72,-0.017,-0.061,-0.031,-1.316,24.39,26.25,23.3,-34.91,96.5,45.98,37.11,13.53,0.0,0.887,2.537
26-03-2019 03:00,11884,12.7,-0.027,-0.063,-0.028,-1.279,24.22,26.41,23.32,-35.08,96.5,45.82,36.96,13.57,0.0,0.893,2.446
26-03-2019 03:30,11885,12.69,-0.024,-0.064,-0.029,-1.197,24.16,26.43,23.27,-35.18,95.9,45.57,36.74,13.46,0.0,0.797,2.374
26-03-2019 04:00,11886,12.68,-0.03,-0.066,-0.022,-1.451,24.18,26.44,23.22,-35.32,95.3,45.25,36.48,13.41,0.0,0.818,2.307
26-03-2019 04:30,11887,12.65,-0.03,-0.072,-0.026,-1.229,24.32,26.5,23.18,-35.32,93.9,45.48,36.64,13.34,0.0,0.945,2.376
26-03-2019 05:00,11888,12.64,-0.026,-0.074,-0.019,-1.221,24.1,26.38,23.05,-35.24,94.8,45.29,36.53,13.27,0.0,0.776,2.524
26-03-2019 05:30,11889,12.64,-0.023,-0.065,-0.015,-1.201,23.99,26.28,23.01,-35.37,95.6,45.14,36.4,13.23,0.0,0.708,2.405
26-03-2019 06:00,11890,12.63,0.379,-0.012,0.038,-1.156,23.88,26.42,23.0,-35.43,96.1,45.09,36.33,13.21,0.0,0.852,2.27
26-03-2019 06:30,11891,12.64,16.89,2.608,2.305,-0.957,23.89,26.5,23.04,-35.39,95.7,44.95,36.22,13.44,0.0,12.95,15.62
26-03-2019 07:00,11892,12.82,62.69,10.15,8.05,-0.159,24.06,26.7,23.19,-35.78,95.2,45.34,36.43,13.72,0.0,46.95,49.47
26-03-2019 07:30,11893,13.35,149.4,24.12,16.13,0.58,24.36,27.04,23.43,-36.04,93.7,46.97,37.66,13.88,0.0,106.9,112.7
26-03-2019 08:00,11894,13.82,238.1,35.91,22.11,0.93,24.77,27.51,23.81,-36.13,92.2,49.51,39.57,13.96,0.0,170.6,177.1
26-03-2019 08:30,11895,14.19,322.4,46.2,25.83,1.094,25.6,28.06,24.3,-36.16,90.4,52.44,41.79,14.24,0.0,215.6,234.6
26-03-2019 09:00,11896,14.17,334.4,43.12,25.07,0.518,26.02,28.48,24.74,-36.09,89.1,53.35,42.62,14.21,0.0,186.0,232.9
26-03-2019 09:30,11897,14.17,1057.0,208.9,51.79,2.488,29.6,31.3,25.82,-35.17,84.8,64.37,51.61,14.77,0.0,143.9,756.3
26-03-2019 10:00,11898,13.56,1150.0,35.34,67.27,2.257,32.39,38.95,27.22,-34.0,82,71.42,57.87,12.99,0.0,126.7,785.5
26-03-2019 10:30,11899,13.56,1248.0,63.1,44.82,2.582,39.66,38.41,28.46,-33.33,82.7,72.83,58.97,11.28,0.0,122.5,866.0
26-03-2019 11:00,11900,13.57,1329.0,47.08,364.8,4.486,34.09,35.8,29.41,-31.45,73.2,73.18,59.08,9.65,0.0,116.9,943.0
26-03-2019 11:30,11901,13.55,1428.0,53.64,111.7,12.28,34.1,35.65,30.18,-30.16,69.05,73.64,59.36,9.4,0.0,145.9,1007.0
26-03-2019 12:00,11902,13.51,1283.0,63.0,243.5,94.7,38.7,35.31,30.17,-28.83,71.2,73.68,59.17,10.97,0.0,221.0,851.0
26-03-2019 12:30,11903,13.51,978.0,57.33,207.5,215.1,40.58,34.83,30.61,-26.86,71.25,73.38,58.91,13.62,0.0,302.2,673.2
26-03-2019 13:00,11904,13.51,899.0,65.51,189.2,19.28,34.73,34.79,30.78,-23.32,64.58,73.43,58.94,17.56,0.0,330.1,637.6
26-03-2019 13:30,11905,13.53,702.4,51.09,72.1,8.11,34.54,33.29,29.9,-21.31,69.32,71.59,57.7,20.28,0.0,265.4,488.9
26-03-2019 14:00,11906,13.5,1278.0,83.1,210.9,10.26,35.08,34.38,30.94,-23.2,65.68,74.02,59.78,18.44,0.0,326.3,851.0
26-03-2019 14:30,11907,13.51,651.2,68.5,98.7,8.82,36.5,33.41,30.16,-22.55,70.66,72.46,58.78,19.07,0.0,294.2,457.2
26-03-2019 15:00,11908,13.53,628.9,71.58,74.64,7.28,31.88,31.33,27.16,-20.96,75.65,67.75,55.83,19.69,0.0,296.2,438.1
26-03-2019 15:30,11909,13.55,685.1,200.1,89.0,10.9,32.1,32.59,27.39,-23.2,80.3,71.46,58.37,17.93,0.0,307.4,447.4
26-03-2019 16:00,11910,13.52,631.6,77.89,69.17,8.44,33.54,34.2,28.77,-24.81,73.76,74.12,60.09,16.7,0.0,262.1,430.2
26-03-2019 16:30,11911,13.52,619.8,32.09,27.98,6.248,35.06,34.53,29.06,-24.71,75.88,74.89,60.78,16.86,0.0,136.9,414.6
26-03-2019 17:00,11912,13.52,426.5,33.6,19.17,0.485,34.99,34.58,28.66,-24.84,74.26,74.89,60.74,16.78,0.0,96.6,295.0
26-03-2019 17:30,11913,13.54,256.6,18.64,17.88,0.93,34.79,33.87,28.48,-25.0,73.53,73.08,59.52,17.16,0.0,100.0,179.1
26-03-2019 18:00,11914,13.39,68.02,8.38,8.66,-0.48,33.26,32.98,28.31,-25.77,79.01,68.87,56.21,17.26,0.0,50.59,56.17
26-03-2019 18:30,11915,12.93,4.088,0.494,0.45,-1.518,30.84,31.63,27.51,-26.04,82.3,64.15,52.38,17.04,0.0,6.658,8.91
26-03-2019 19:00,11916,12.87,-0.011,-0.004,-0.042,-1.528,33.86,30.24,26.64,-26.33,87.5,61.66,50.29,17.07,0.0,1.43,2.665
26-03-2019 19:30,11917,12.87,-0.017,0.016,-0.039,-1.458,38.97,29.92,26.13,-26.66,NAN,60.79,49.57,16.96,0.0,1.064,2.347
26-03-2019 20:00,11918,12.87,-0.026,0.028,-0.019,-1.403,33.45,28.56,25.82,-26.98,88.4,59.7,48.69,16.94,0.0,0.858,2.059
26-03-2019 20:30,11919,12.86,-0.024,0.018,-0.025,-1.359,31.06,28.54,25.7,-27.62,88.1,58.93,48.05,16.61,0.0,0.853,2.466
26-03-2019 21:00,11920,12.84,-0.021,0.021,-0.024,-1.347,30.83,28.54,25.6,-28.03,89.4,58.26,47.52,16.5,0.0,1.027,2.552
26-03-2019 21:30,11921,12.84,-0.023,0.015,-0.021,-1.324,31.4,29.45,25.4,-28.22,92.1,57.78,47.13,16.58,0.0,1.059,2.775
26-03-2019 22:00,11922,12.83,-0.018,0.016,-0.028,-1.296,28.58,29.23,25.24,-28.57,91.4,56.87,46.35,16.43,0.0,0.832,2.422
26-03-2019 22:30,11923,12.8,-0.024,0.015,-0.02,-1.287,28.67,29.46,25.14,-28.71,92.5,56.54,46.04,16.42,0.0,0.954,2.313
26-03-2019 23:00,11924,12.79,-0.02,0.008,-0.02,-1.303,28.83,29.45,25.14,-29.06,92.8,56.01,45.59,16.38,0.0,0.928,2.528
26-03-2019 23:30,11925,12.8,-0.027,0.013,-0.028,-1.267,28.41,29.41,25.07,-29.18,91.3,55.82,45.41,16.38,0.0,0.732,2.381
27-03-2019 00:00,11926,12.8,-0.025,0.015,-0.026,-1.275,28.48,29.3,25.04,-29.25,89.6,55.75,45.31,16.35,0.0,0.707,1.962
27-03-2019 00:30,11927,12.75,-0.032,0.013,-0.02,-1.274,28.08,29.42,24.92,-29.37,89.2,55.55,45.15,16.28,0.0,0.859,2.428
27-03-2019 01:00,11928,12.77,-0.028,0.013,-0.02,-1.252,27.05,29.54,24.7,-29.41,88.6,55.36,45.01,16.3,0.0,0.671,2.186
27-03-2019 01:30,11929,12.76,-0.025,0.011,-0.015,-1.256,26.89,29.53,24.64,-29.64,88.9,55.1,44.76,16.45,0.0,0.816,2.43
27-03-2019 02:00,11930,12.72,-0.029,0.016,-0.007,-1.242,26.94,29.5,24.61,-29.87,88.5,55.19,44.78,16.34,0.0,0.624,1.743
27-03-2019 02:30,11931,12.74,-0.026,0.011,0.002,-1.232,26.67,29.57,24.66,-30.17,90,54.74,44.47,16.27,0.0,1.04,2.503
27-03-2019 03:00,11932,12.72,-0.027,0.014,-0.009,-1.206,26.64,29.51,24.68,-30.24,89.6,54.74,44.45,16.55,0.0,0.761,2.222
27-03-2019 03:30,11933,12.71,-0.024,0.005,-0.008,-1.189,26.43,29.62,24.76,-30.35,90.7,54.48,44.22,16.52,0.0,1.106,2.665
27-03-2019 04:00,11934,12.71,-0.02,0.002,-0.007,-1.195,26.39,29.58,24.77,-30.48,91.7,54.03,43.86,16.42,0.0,0.787,2.51
27-03-2019 04:30,11935,12.71,-0.022,-0.005,-0.008,-1.188,26.31,29.55,24.73,-30.63,92.4,53.65,43.54,16.37,0.0,0.965,2.369
27-03-2019 05:00,11936,12.71,-0.022,-0.002,-0.013,-1.184,26.34,29.6,24.72,-30.76,93.3,53.32,43.23,16.33,0.0,1.15,2.813
27-03-2019 05:30,11937,12.7,-0.019,-0.009,-0.014,-1.177,26.55,29.4,24.64,-30.89,94.5,52.78,42.82,16.4,0.0,0.973,2.483
27-03-2019 06:00,11938,12.69,0.514,0.054,0.056,-1.169,26.5,29.37,24.58,-31.01,94.5,52.56,42.63,16.35,0.0,1.152,2.842
27-03-2019 06:30,11939,12.72,32.32,3.747,3.13,-0.798,26.46,29.42,24.54,-31.01,94.7,52.66,42.75,16.51,0.0,22.69,27.25
27-03-2019 07:00,11940,13.15,125.9,13.58,11.47,0.207,26.79,29.62,24.72,-31.0,93.1,55.02,44.57,17.16,0.0,78.68,95.1
27-03-2019 07:30,11941,13.75,302.7,26.68,18.16,1.059,27.31,30.32,25.17,-30.34,89.5,59.56,48.18,18.01,0.0,131.1,223.7
27-03-2019 08:00,11942,14.19,575.8,41.18,22.45,1.974,28.39,31.35,26.17,-29.7,85.5,65.35,53.27,17.91,0.0,137.4,412.8
27-03-2019 08:30,11943,14.13,675.9,35.83,32.9,1.786,29.54,32.25,26.99,-28.96,82.2,68.33,56.09,17.22,0.0,152.6,478.2
27-03-2019 09:00,11944,14.2,866.0,77.25,109.6,1.361,34.46,33.13,27.78,-27.9,82.5,71.46,58.86,16.84,0.0,99.6,585.5
27-03-2019 09:30,11945,13.51,1032.0,272.6,76.95,3.184,36.54,34.31,28.76,-26.83,79.97,72.45,59.87,16.09,0.0,142.6,705.4
27-03-2019 10:00,11946,13.5,1056.0,107.2,54.78,4.624,32.43,35.71,29.39,-24.86,72.56,74.54,61.98,16.81,0.0,192.5,740.2
27-03-2019 10:30,11947,13.52,1320.0,90.1,58.56,5.167,33.99,35.65,30.12,-24.83,70.26,75.69,63.03,17.01,0.0,220.1,916.0
27-03-2019 11:00,11948,13.51,934.0,127.9,172.7,11.42,40.92,34.7,30.59,-23.68,77.05,75.22,62.65,17.49,0.0,345.5,680.9
27-03-2019 11:30,11949,13.49,1317.0,61.67,161.1,105.1,42.38,34.92,30.66,-22.52,75.87,75.72,63.29,18.15,0.0,306.5,909.0
27-03-2019 12:00,11950,13.47,1610.0,90.8,193.1,215.6,37.47,35.61,31.65,-21.14,65.45,76.59,64.05,18.66,0.0,229.4,1059.0
27-03-2019 12:30,11951,13.47,875.0,54.82,203.6,270.5,35.6,35.81,31.58,-18.14,64.57,76.69,64.21,20.59,0.0,294.4,613.1
27-03-2019 13:00,11952,13.48,1184.0,56.61,408.1,30.48,35.72,35.34,31.03,-16.35,63.41,76.73,64.32,21.21,0.0,292.6,790.7
27-03-2019 13:30,11953,13.43,1213.0,76.65,140.2,54.81,33.77,35.97,31.74,-9.0,62.07,76.96,64.46,24.94,0.0,270.9,813.0
27-03-2019 14:00,11954,13.44,1401.0,44.9,205.8,5.393,33.34,37.32,32.37,-11.26,59.88,77.74,65.22,23.02,0.0,169.6,916.0
27-03-2019 14:30,11955,13.43,1133.0,59.25,194.7,57.66,35.31,39.91,32.74,-11.83,59.17,79.27,66.46,22.06,0.0,265.9,763.1
27-03-2019 15:00,11956,13.46,943.0,80.1,101.4,6.909,34.29,39.59,31.83,-11.55,61.52,79.11,66.46,21.91,0.0,232.6,611.0
27-03-2019 15:30,11957,13.46,597.0,85.4,56.73,3.662,34.64,39.22,31.67,-11.07,64.38,78.9,66.29,22.46,0.0,205.9,408.0
27-03-2019 17:00,11958,13.63,331.2,16.09,12.24,-0.262,39.29,43.23,30.91,-11.89,70.44,82.7,70.26,22.58,0.0,72.76,220.2
27-03-2019 18:00,11959,13.17,24.66,3.509,1.983,-1.126,35.05,35.79,29.95,-14.2,67.26,78.9,67.14,22.47,0.0,22.51,23.59
27-03-2019 18:30,11960,12.99,2.922,0.365,0.243,-1.242,39.58,40.19,29.32,-14.95,76.53,78.72,66.96,22.11,0.0,6.088,6.864
27-03-2019 19:00,11961,12.95,-0.041,-0.006,-0.045,-1.218,36.41,35.39,28.46,-16.72,NAN,73.97,63.0,21.73,0.0,3.747,4.391
27-03-2019 19:30,11962,12.89,-0.043,0.005,-0.057,-1.158,29.91,33.9,27.85,-17.82,81.9,71.53,60.91,21.5,0.0,2.017,2.656
27-03-2019 20:00,11963,12.89,-0.035,0.017,-0.042,-1.115,29.54,34.59,27.44,-18.57,84,70.24,59.88,21.44,0.0,2.138,2.425
27-03-2019 20:30,11964,12.87,-0.035,0.022,-0.046,-1.084,29.15,36.35,27.08,-19.13,86.5,69.55,59.27,21.35,0.0,1.871,2.268
27-03-2019 21:00,11965,12.84,-0.032,0.027,-0.045,-1.057,28.91,35.84,26.88,-19.69,85.4,68.69,58.51,21.24,0.0,1.808,2.395
27-03-2019 21:30,11966,12.84,-0.03,0.028,-0.048,-1.039,29.1,41.71,26.65,-19.48,87.3,70.69,60.18,21.36,0.0,2.162,2.697
27-03-2019 22:00,11967,12.81,-0.032,0.016,-0.046,-1.026,28.6,32.96,26.45,-21.13,87.2,65.23,55.53,20.92,0.0,2.029,2.304
27-03-2019 22:30,11968,12.8,-0.035,0.024,-0.049,-1.036,28.1,35.85,26.21,-21.15,88,65.58,55.79,20.89,0.0,1.706,2.212
27-03-2019 23:00,11969,12.8,-0.025,0.031,-0.044,-1.039,28,36.26,26.09,-21.49,88,65.05,55.29,20.8,0.0,1.373,1.899
27-03-2019 23:30,11970,12.77,-0.026,0.034,-0.04,-1.024,28,35.57,26.11,-21.91,87.1,64.48,54.77,20.71,0.0,1.773,2.161
28-03-2019 00:00,11971,12.76,-0.024,0.028,-0.047,-1.007,27.97,34.7,26.08,-22.13,86.6,64.02,54.3,20.63,0.0,1.383,2.186
28-03-2019 00:30,11972,12.75,-0.029,0.025,-0.046,-1.008,27.95,33.85,26.02,-22.5,87.3,62.8,53.17,20.49,0.0,1.684,2.221
28-03-2019 01:00,11973,12.74,-0.03,0.029,-0.05,-0.988,27.86,33.37,26.01,-22.6,87.5,62.13,52.55,20.38,0.0,1.676,2.424
28-03-2019 01:30,11974,12.72,-0.03,0.022,-0.046,-0.992,27.76,37.0,25.87,-22.44,88.8,63.14,53.28,20.38,0.0,1.919,2.709
28-03-2019 02:00,11975,12.73,-0.024,0.029,-0.046,-0.988,27.67,42.19,25.73,-22.09,89.6,64.99,54.74,20.52,0.0,1.629,2.295
28-03-2019 02:30,11976,12.71,-0.026,0.029,-0.037,-0.995,27.58,40.1,25.68,-22.65,89.6,63.51,53.44,20.42,0.0,1.779,2.535
28-03-2019 03:00,11977,12.72,-0.026,0.034,-0.037,-0.993,27.36,39.63,25.57,-23.01,91,62.57,52.61,20.38,0.0,2.023,2.76
28-03-2019 03:30,11978,12.72,-0.018,0.038,-0.038,-0.995,27.05,38.32,25.51,-23.54,92.8,60.73,51.03,20.35,0.0,2.342,3.172
28-03-2019 04:00,11979,12.72,-0.023,0.019,-0.048,-0.993,26.85,38.8,25.36,-23.96,94.5,59.61,50.06,20.32,0.0,2.139,2.654
28-03-2019 04:30,11980,12.72,-0.014,0.024,-0.046,-0.98,26.31,36.51,25.14,-24.62,94.8,57.3,48.1,20.21,0.0,1.977,2.538
28-03-2019 05:00,11981,12.72,-0.017,0.025,-0.056,-0.956,25.8,36.3,24.93,-25.02,95.2,56.04,46.99,20.1,0.0,1.792,2.438
28-03-2019 05:30,11982,12.72,-0.01,0.022,-0.048,-0.971,25.65,35.98,24.83,-25.5,95.3,54.88,45.99,19.96,0.0,1.426,2.121
28-03-2019 06:00,11983,12.71,0.45,0.079,0.013,-0.96,25.71,35.57,24.84,-25.79,95.4,54.24,45.38,19.93,0.0,1.761,2.412
28-03-2019 06:30,11984,12.7,28.4,2.732,2.685,-0.63,26.15,35.13,24.98,-26.0,93.4,54.19,45.27,20.09,0.0,16.29,26.31
28-03-2019 07:00,11985,13.06,99.4,10.96,11.16,0.289,26.56,33.09,25.32,-26.0,91.4,55.1,46.03,20.65,0.0,63.89,75.2
28-03-2019 07:30,11986,13.65,356.3,12.79,11.42,0.243,28.46,30.59,25.83,-24.44,86.7,61.31,51.42,22.09,0.0,57.88,254.9
28-03-2019 08:00,11987,14.28,531.5,49.56,14.66,0.469,29.44,31.33,26.46,-22.86,81.3,67.31,56.63,22.8,0.0,63.13,363.1
28-03-2019 08:30,11988,14.22,725.2,24.94,28.67,1.193,30.04,32.45,27.65,-20.68,76.48,71.98,60.75,23.19,0.0,89.5,496.1
28-03-2019 09:00,11989,14.2,925.0,107.6,142.6,2.696,31.15,33.43,28.54,-17.87,73.41,76.64,64.77,23.57,0.0,153.0,623.5
28-03-2019 09:30,11990,13.63,950.0,252.2,86.1,3.769,30.75,34.09,29.17,-16.96,70.87,78.16,66.18,23.04,0.0,299.9,657.9
28-03-2019 10:00,11991,13.62,870.0,119.0,86.0,10.7,31.25,34.61,29.41,-16.66,69.48,77.7,65.81,22.5,0.0,431.5,636.1
28-03-2019 10:30,11992,13.62,995.0,82.4,85.4,9.74,31.63,35.71,29.77,-15.95,70.16,78.47,66.56,22.46,0.0,336.6,690.2
28-03-2019 11:00,11993,13.62,1359.0,69.74,392.3,12.36,32.19,35.7,30.43,-15.14,68.8,78.6,66.64,22.49,0.0,294.5,927.0
28-03-2019 11:30,11994,13.61,1516.0,54.98,91.0,39.93,33,34.97,31.34,-12.83,66.33,78.58,66.66,22.33,0.0,224.8,1050.0
28-03-2019 12:00,11995,13.59,1452.0,103.4,343.0,158.6,33.55,34.71,31.72,-9.6,65.7,78.55,66.67,22.84,0.0,215.6,954.0
28-03-2019 12:30,11996,13.58,1298.0,132.0,175.4,598.6,33.46,35.03,31.93,-6.413,64.98,78.83,66.86,23.62,0.0,249.7,867.0
28-03-2019 13:00,11997,13.59,1035.0,51.81,479.3,40.78,33.49,34.88,31.78,-0.691,63.46,78.68,66.72,25.11,0.0,246.8,700.4
28-03-2019 13:30,11998,13.58,1272.0,55.89,198.4,43.93,35.73,35.47,32.23,0.851,61.19,78.96,66.89,23.47,0.0,221.2,853.0
28-03-2019 14:00,11999,13.58,1343.0,74.41,168.3,9.91,34.89,37.26,32.62,-1.504,57.81,79.7,67.5,21.76,0.0,308.2,897.0
28-03-2019 14:30,12000,13.58,640.9,67.79,96.7,24.88,33.22,35.27,31.51,-2.277,60.99,76.61,64.9,22.85,1.27,325.8,470.4
28-03-2019 15:00,12001,13.62,464.8,76.03,73.17,11.94,32.74,32.1,27.74,-10.08,70.25,73.53,62.53,26.6,0.254,291.4,317.6
28-03-2019 15:30,12002,13.68,369.8,57.7,59.75,9.33,30.26,33.01,27.71,-15.58,80.1,73.39,62.39,26.85,0.0,243.4,261.1
28-03-2019 16:00,12003,13.63,175.5,26.72,23.23,2.024,28.46,32.63,26.91,-17.11,81.9,72.6,61.77,27.3,0.0,117.1,126.9
28-03-2019 16:30,12004,13.68,112.8,15.16,15.91,1.907,28.57,33.83,26.59,-18.75,85.8,70.62,60.01,26.76,0.0,76.48,79.84
28-03-2019 17:00,12005,13.65,83.1,14.12,10.67,0.759,29.02,37.92,26.6,-19.45,86.8,71.24,60.4,25.86,0.0,59.4,61.25
28-03-2019 17:30,12006,13.65,84.2,12.44,12.52,1.115,29.05,41.17,26.73,-19.62,85.4,73.13,61.82,25.7,0.0,62.13,64.16
28-03-2019 18:00,12007,13.22,36.97,5.114,5.432,-0.105,28.64,40.82,26.68,-20.38,85.4,71.88,60.74,25.46,0.0,30.07,32.15
28-03-2019 18:30,12008,13.01,2.116,0.313,0.24,-0.953,28.03,36.11,26.35,-21.88,84.5,67.01,56.54,24.47,0.0,3.708,4.806
28-03-2019 19:00,12009,12.95,-0.03,0.013,-0.035,-0.99,28.18,29.24,25.93,-23.28,84,62.48,52.65,23.81,0.0,1.648,1.905
28-03-2019 19:30,12010,12.95,-0.035,0.02,-0.048,-1.001,27.56,27.67,25.69,-24.36,89.1,59.66,50.22,23.34,0.0,2.542,3.285
28-03-2019 20:00,12011,12.95,-0.029,0.02,-0.041,-1.009,27.2,27.14,25.48,-25.01,89.2,57.92,48.69,23.11,0.0,2.026,2.746
28-03-2019 20:30,12012,12.92,-0.028,0.022,-0.038,-1.002,27.31,26.95,25.37,-25.3,87.6,57.17,48.01,23.04,0.0,1.419,1.918
28-03-2019 21:00,12013,12.91,-0.031,0.026,-0.039,-0.996,26.91,26.82,25.26,-25.87,90.3,56.0,47.01,22.87,0.0,2.143,2.857
28-03-2019 21:30,12014,12.92,-0.022,0.028,-0.036,-1.006,26.67,26.83,25.14,-26.41,92.5,54.87,46.01,22.68,0.0,1.463,2.333
28-03-2019 22:00,12015,12.9,-0.019,0.029,-0.038,-0.887,26.6,26.91,25.16,-26.89,93.2,54.17,45.41,22.07,0.0,1.66,2.262
28-03-2019 22:30,12016,12.88,-0.016,0.029,-0.029,-0.977,26.57,26.97,25.2,-27.23,93.4,53.76,45.01,21.72,0.0,1.648,2.176
28-03-2019 23:00,12017,12.87,-0.02,0.025,-0.035,-0.988,26.48,26.94,25.19,-27.57,94.8,52.97,44.33,21.78,0.0,1.813,2.479
28-03-2019 23:30,12018,12.87,-0.017,0.028,-0.032,-1.014,26.51,26.9,25.19,-27.86,94.3,52.38,43.76,21.75,0.0,1.274,1.769
29-03-2019 00:00,12019,12.86,-0.019,0.023,-0.026,-1.016,26.73,27.01,25.33,-28.06,92.6,52.08,43.42,21.7,0.0,1.436,1.899
29-03-2019 00:30,12020,12.84,-0.017,0.018,-0.029,-1.022,26.72,27.02,25.27,-28.27,92.8,51.33,42.76,21.72,0.0,1.664,2.412
29-03-2019 01:00,12021,12.82,-0.015,0.022,-0.034,-1.055,26.84,26.99,25.26,-28.49,91.9,50.95,42.41,21.78,0.0,1.618,2.384
29-03-2019 01:30,12022,12.8,-0.03,0.02,-0.043,-1.056,26.73,26.94,25.17,-28.78,92.3,50.22,41.74,21.65,0.0,1.915,2.93
29-03-2019 02:00,12023,12.78,-0.016,0.019,-0.041,-1.064,26.53,26.76,25.02,-29.06,93.3,49.43,41.05,21.48,0.0,1.842,2.584
29-03-2019 02:30,12024,12.78,-0.019,0.026,-0.036,-1.091,26.35,26.71,24.95,-29.19,93.6,48.98,40.66,21.46,0.0,1.514,2.226
29-03-2019 03:00,12025,12.75,-0.018,0.03,-0.038,-1.15,26.12,26.51,24.86,-29.38,93.7,48.47,40.22,21.45,0.0,1.691,2.614
29-03-2019 03:30,12026,12.77,-0.015,0.029,-0.035,-1.114,25.85,26.4,24.74,-29.46,94.4,48.11,39.88,21.55,0.0,1.954,2.788
29-03-2019 04:00,12027,12.73,-0.016,0.026,-0.028,-1.078,25.76,26.38,24.65,-29.68,94.7,47.87,39.67,21.54,0.0,1.486,2.261
29-03-2019 04:30,12028,12.72,-0.007,0.034,-0.024,-1.082,25.67,26.5,24.68,-30.06,95.4,47.78,39.58,21.41,0.0,1.54,2.03
29-03-2019 05:00,12029,12.71,-0.003,0.028,-0.028,-1.095,25.63,26.66,24.75,-30.3,95.7,47.57,39.38,21.24,0.0,1.388,2.383
29-03-2019 05:30,12030,12.71,-0.003,0.025,-0.028,-1.107,25.64,26.68,24.79,-30.43,95.7,47.19,39.07,21.18,0.0,1.533,2.099
29-03-2019 06:00,12031,12.68,0.33,0.059,0.02,-1.082,25.75,26.8,24.83,-30.52,95.4,46.91,38.77,21.25,0.0,1.762,2.315
29-03-2019 06:30,12032,12.68,9.94,1.354,1.44,-0.837,25.84,26.87,24.92,-30.66,95.1,46.81,38.65,21.3,0.0,7.622,8.74
29-03-2019 07:00,12033,12.76,44.6,6.265,6.714,0.059,26,27.06,25.07,-30.84,94.7,47.03,38.77,21.47,0.0,31.25,33.26
29-03-2019 07:30,12034,13.11,61.85,8.16,9.83,0.652,26.1,27.25,25.24,-31.02,94.6,47.08,38.78,21.85,0.0,40.68,43.16
29-03-2019 08:00,12035,13.18,41.19,6.333,6.874,0.175,25.92,27.26,25.26,-31.0,94.7,46.67,38.38,22.0,4.064,25.25,27.05
29-03-2019 08:30,12036,13.15,73.17,13.78,11.61,1.053,25.69,26.95,24.96,-31.47,95.5,44.06,36.01,22.3,4.572,41.75,43.29
29-03-2019 09:00,12037,13.57,234.0,44.56,38.61,6.032,26.02,27.23,25.21,-32.2,95.3,44.01,35.84,22.92,1.016,149.1,157.0
29-03-2019 09:30,12038,14.12,213.8,37.62,37.35,5.86,25.61,27.38,24.98,-32.03,94.1,43.86,35.67,23.16,1.27,139.6,147.1
29-03-2019 10:00,12039,13.26,32.36,5.822,5.061,-0.213,25.18,26.93,24.28,-31.71,95.6,42.11,34.17,22.68,7.112,18.64,20.07
29-03-2019 10:30,12040,13.2,24.7,3.869,3.811,-0.363,25.06,26.91,24.11,-32.39,95.9,41.07,33.29,21.9,1.27,13.43,14.28
29-03-2019 11:00,12041,13.18,30.24,4.51,4.636,-0.204,25.05,27.06,24.17,-32.82,96.3,40.61,32.92,21.61,0.508,15.71,16.6
29-03-2019 11:30,12042,13.27,42.49,6.813,6.874,0.236,25,27.09,24.18,-32.94,96.4,40.56,32.91,21.61,0.762,21.56,22.82
29-03-2019 12:00,12043,13.43,49.02,8.26,7.894,0.42,24.96,27.06,24.17,-33.05,96.7,40.39,32.76,21.73,1.524,25.07,26.26
29-03-2019 12:30,12044,13.73,78.55,13.44,12.43,1.276,24.86,27.01,24.15,-32.98,97,40.36,32.7,22.18,0.762,44.44,46.2
29-03-2019 13:00,12045,13.69,191.5,34.58,30.14,4.734,24.92,27.11,24.14,-33.06,97.1,41.09,33.29,21.99,0.254,121.3,125.8
29-03-2019 13:30,12046,13.7,319.8,56.57,52.86,9.1,25.23,27.58,24.49,-33.42,97.1,41.86,33.81,21.74,0.0,210.6,219.6
29-03-2019 14:00,12047,13.69,334.4,61.04,56.45,9.63,25.53,27.92,24.77,-33.46,96.2,42.07,33.98,21.49,0.0,228.5,238.4
29-03-2019 14:30,12048,13.69,334.4,65.65,57.15,9.48,25.86,28.21,24.99,-33.48,95.3,42.78,34.61,21.56,0.0,233.5,244.0
29-03-2019 15:00,12049,13.69,481.6,109.7,79.4,12.67,26.27,28.56,25.23,-33.28,93.1,45.38,36.71,21.41,0.0,335.1,352.2
29-03-2019 15:30,12050,13.69,279.8,58.52,42.45,6.274,26.44,28.53,25.27,-32.74,91.4,46.54,37.74,21.3,0.0,202.9,215.0
29-03-2019 16:00,12051,13.7,225.1,44.87,36.43,5.507,26.55,28.6,25.33,-32.61,91.4,45.68,37.06,21.55,0.0,156.8,165.0
29-03-2019 16:30,12052,13.7,115.2,26.84,19.03,2.006,26.2,28.2,25.16,-32.45,92.6,44.77,36.34,21.47,0.0,76.74,79.48
29-03-2019 17:00,12053,13.12,16.85,3.842,2.871,-0.699,25.46,27.63,24.81,-32.76,95.2,42.25,34.21,20.91,2.286,11.82,12.97
29-03-2019 17:30,12054,13.01,8.94,1.772,1.559,-0.888,25.08,27.29,24.53,-33.13,96.2,40.61,32.77,20.53,3.81,6.5,7.215
29-03-2019 18:00,12055,12.96,3.421,0.402,0.61,-1.036,24.8,27.16,24.24,-33.3,96.2,39.88,32.16,20.28,4.318,3.663,4.61
29-03-2019 18:30,12056,12.94,0.472,-0.274,0.125,-1.097,24.73,26.93,24.06,-33.42,96.3,39.65,31.93,20.21,1.524,1.941,2.719
29-03-2019 19:00,12057,12.92,0.121,-0.383,0.065,-1.101,24.71,26.93,23.99,-33.78,96.6,39.22,31.52,20.02,5.842,1.869,2.474
29-03-2019 19:30,12058,12.92,0.125,-0.392,0.065,-1.08,24.62,26.98,23.93,-33.97,96.9,38.93,31.28,19.93,4.318,1.977,2.537
29-03-2019 20:00,12059,12.92,0.125,-0.406,0.06,-0.952,24.53,27.3,23.87,-34.09,96.9,38.98,31.3,19.99,1.524,1.702,2.587
29-03-2019 20:30,12060,12.88,0.123,-0.41,0.056,-0.96,24.49,27.58,23.8,-34.17,96.9,39.01,31.31,19.86,3.302,1.486,2.452
29-03-2019 21:00,12061,12.89,0.134,-0.425,0.053,-1.017,24.46,27.84,23.82,-34.27,97,38.91,31.22,19.96,0.762,1.669,2.302
29-03-2019 21:30,12062,12.87,0.136,-0.4,0.055,-1.075,24.42,28.12,23.8,-34.27,97.1,38.78,31.1,19.87,0.0,1.665,2.545
29-03-2019 22:00,12063,12.88,0.143,-0.425,0.059,-1.091,24.36,28.19,23.77,-34.22,97.1,39.02,31.31,19.82,0.0,1.778,2.268
29-03-2019 22:30,12064,12.81,0.137,-0.429,0.064,-1.118,24.3,28.53,23.67,-34.17,97.1,39.12,31.33,19.82,0.254,1.576,2.574
29-03-2019 23:00,12065,12.8,0.136,-0.437,0.061,-1.115,24.26,29.41,23.62,-34.12,97.1,39.52,31.7,19.71,1.27,1.592,2.489
29-03-2019 23:30,12066,12.81,0.139,-0.437,0.067,-1.099,24.22,31.91,23.57,-34.01,97.1,40.6,32.54,19.66,0.508,1.653,2.437
30-03-2019 00:00,12067,12.8,0.145,-0.452,0.067,-1.108,24.18,34.23,23.52,-33.86,97.1,41.66,33.39,19.68,0.0,1.624,2.25
30-03-2019 00:30,12068,12.8,0.157,-0.449,0.071,-1.116,24.14,35.22,23.53,-33.83,97.2,42.01,33.65,19.77,0.0,1.494,2.471
30-03-2019 01:00,12069,12.77,0.166,-0.436,0.073,-1.12,24.07,35.35,23.48,-33.78,97.2,42.2,33.79,19.77,0.0,1.881,2.533
30-03-2019 01:30,12070,12.76,0.169,-0.442,0.072,-1.139,24.05,35.58,23.45,-33.85,97.2,42.21,33.78,19.72,0.254,1.601,2.353
30-03-2019 02:00,12071,12.76,0.17,-0.45,0.076,-1.154,23.98,35.82,23.43,-33.78,97.1,42.26,33.81,19.74,0.0,1.817,2.424
30-03-2019 02:30,12072,12.72,0.166,-0.444,0.074,-1.16,23.9,36.3,23.42,-33.67,97.2,42.37,33.88,19.86,0.0,1.809,2.372
30-03-2019 03:00,12073,12.72,0.163,-0.442,0.071,-1.115,23.75,36.68,23.29,-33.61,97.2,42.33,33.88,19.75,0.0,1.657,2.525
30-03-2019 03:30,12074,12.72,0.163,-0.443,0.073,-1.141,23.7,37.99,23.23,-33.67,97.2,42.74,34.16,19.58,0.254,1.674,2.575
30-03-2019 04:00,12075,12.71,0.166,-0.441,0.078,-1.144,23.6,37.93,23.13,-33.66,97.2,42.67,34.11,19.57,0.0,2.001,2.613
30-03-2019 04:30,12076,12.69,0.151,-0.437,0.079,-1.158,23.6,30.79,23.16,-34.33,97.3,39.61,31.66,19.58,0.508,1.571,2.309
30-03-2019 05:00,12077,12.68,0.15,-0.445,0.081,-1.155,23.6,31.02,23.17,-33.96,97.2,39.79,31.78,20.1,1.27,1.615,2.392
30-03-2019 05:30,12078,12.68,0.137,-0.451,0.081,-1.167,23.49,31.59,23.06,-33.92,97.1,40.01,31.96,19.89,0.762,1.948,2.83
30-03-2019 06:00,12079,12.66,0.189,-0.445,0.088,-1.119,23.49,30.82,22.97,-34.14,97.1,39.55,31.57,19.67,2.032,1.851,2.559
30-03-2019 06:30,12080,12.67,5.164,0.512,0.975,-1.002,23.47,29.75,22.96,-34.26,97.1,39.32,31.36,19.72,1.27,5.033,6.089
30-03-2019 07:00,12081,12.72,24.24,4.327,4.151,-0.378,23.35,29.35,22.85,-34.31,96.6,39.32,31.35,19.72,0.508,18.8,20.2
30-03-2019 07:30,12082,12.89,45.11,8.88,8.24,0.403,23.48,29.13,22.7,-34.19,95.2,39.4,31.43,20.0,0.508,32.57,34.42
30-03-2019 08:00,12083,13.23,79.5,14.39,14.33,1.531,23.55,29.31,22.9,-34.69,96.4,39.64,31.55,20.93,0.0,55.86,58.81
30-03-2019 08:30,12084,13.58,132.8,23.93,24.56,3.528,23.74,29.34,22.97,-35.05,93.4,39.77,31.67,21.02,0.254,92.4,97.2
30-03-2019 09:00,12085,13.93,154.1,26.83,26.25,3.673,23.98,29.52,23.06,-35.15,93.5,40.05,31.78,21.42,0.0,104.4,109.3
30-03-2019 09:30,12086,14.32,163.8,27.67,26.72,3.854,24.3,29.87,23.28,-35.05,92.5,40.7,32.22,21.75,0.0,109.2,114.3
30-03-2019 10:00,12087,14.32,199.0,35.51,32.61,4.845,24.42,29.96,23.48,-35.11,92.9,40.98,32.4,21.61,0.0,133.2,138.5
30-03-2019 10:30,12088,14.31,240.7,42.68,39.73,6.168,24.58,30.42,23.66,-34.96,93.6,41.21,32.6,21.52,0.0,162.0,168.3
30-03-2019 11:00,12089,13.69,284.9,50.12,47.15,7.646,24.86,30.54,23.87,-34.9,92.2,41.41,32.75,21.23,0.0,193.0,201.3
30-03-2019 11:30,12090,13.69,354.7,63.92,57.01,9.28,25.68,31.09,24.14,-34.73,90.9,42.68,33.6,20.9,0.0,246.0,255.6
30-03-2019 12:00,12091,13.7,628.6,103.2,122.6,34.75,30.25,31.9,24.67,-34.62,88.7,46.53,36.43,20.79,0.0,409.9,461.6
30-03-2019 12:30,12092,13.69,837.0,116.7,164.4,147.5,35.85,32.4,25.76,-34.33,85.9,54.03,42.35,21.32,0.0,473.3,629.1
30-03-2019 13:00,12093,13.69,452.5,79.01,75.48,12.87,31.89,29.62,25.78,-33.12,82.2,53.6,42.18,19.98,0.0,331.2,352.0
30-03-2019 13:30,12094,13.69,436.1,72.46,76.34,13.52,31.29,29.67,25.95,-32.85,82.7,52.33,41.67,19.8,0.0,311.2,329.3
30-03-2019 14:00,12095,13.69,538.8,91.8,99.0,17.04,31.59,30.04,25.98,-32.32,80.5,54.42,43.3,20.09,0.0,387.8,419.8
30-03-2019 14:30,12096,13.7,514.9,98.3,89.6,14.65,31.53,30.07,26.22,-31.47,77.81,56.26,44.63,20.14,0.0,405.7,423.7
30-03-2019 15:00,12097,13.69,498.4,114.5,85.3,11.53,31.5,30.33,26.44,-31.13,77.48,57.47,45.76,20.44,0.0,377.6,402.9
30-03-2019 15:30,12098,13.69,532.6,135.5,78.52,4.954,31.81,32.83,26.64,-30.5,78.07,60.5,48.17,20.09,0.0,282.1,400.9
30-03-2019 16:00,12099,13.69,635.9,307.0,65.24,5.366,32.27,36.98,27.18,-30.32,75.9,66.39,52.59,20.33,0.0,221.5,482.5
30-03-2019 16:30,12100,13.68,247.3,48.9,21.8,0.939,32.08,36.54,26.68,-30.23,78.1,60.82,48.16,19.57,0.0,133.3,193.0
30-03-2019 17:00,12101,13.69,239.0,29.58,16.17,0.722,31.61,36.2,26.23,-30.38,81,58.34,46.28,20.09,0.0,96.3,176.0
30-03-2019 17:30,12102,13.64,159.1,20.56,12.68,0.347,31.64,35.72,26.21,-31.46,79.16,56.35,44.59,19.8,0.0,80.9,124.1
30-03-2019 18:00,12103,13.33,42.1,7.613,5.0,-0.407,30.8,35.3,25.88,-32.27,82.3,49.81,39.56,19.63,0.0,37.89,41.48
30-03-2019 18:30,12104,13.02,2.925,0.485,0.349,-1.157,31.61,34.45,25.33,-32.49,87.8,46.32,36.86,19.04,0.0,5.763,6.672
30-03-2019 19:00,12105,12.96,-0.023,-0.093,-0.01,-1.244,32.03,33.87,24.93,-32.97,95.8,44.01,35.06,18.82,0.0,2.314,2.953
30-03-2019 19:30,12106,12.96,-0.021,-0.125,-0.001,-1.247,31.21,32.45,24.74,-33.33,95.1,42.7,34.02,18.72,0.0,2.023,2.666
30-03-2019 20:00,12107,12.91,-0.021,-0.157,0.005,-1.168,28.55,31.59,24.58,-33.75,94.2,41.41,32.94,18.66,0.0,2.122,2.826
30-03-2019 20:30,12108,12.91,-0.016,-0.183,0.008,-1.192,27.96,31.54,24.44,-33.95,90.7,40.78,32.44,18.62,0.0,1.374,1.978
30-03-2019 21:00,12109,12.91,-0.019,-0.194,0.01,-1.158,27.96,32.08,24.3,-34.13,87.8,40.88,32.48,18.57,0.0,1.432,2.105
30-03-2019 21:30,12110,12.91,-0.021,-0.191,0.014,-1.166,27.66,33.37,24.18,-34.2,89.2,41.28,32.77,18.69,0.0,1.887,2.445
30-03-2019 22:00,12111,12.89,-0.024,-0.203,0.015,-1.14,28.07,33.41,24.0,-34.32,94,41.06,32.62,18.66,0.0,1.969,2.711
30-03-2019 22:30,12112,12.88,-0.019,-0.225,0.02,-1.14,29.87,35.5,23.94,-34.27,96.5,41.55,33.05,18.73,0.0,1.735,2.328
30-03-2019 23:00,12113,12.87,-0.011,-0.23,0.023,-1.107,29.97,38.99,23.88,-33.89,95.1,43.12,34.25,18.69,0.0,1.565,2.022
30-03-2019 23:30,12114,12.87,-0.013,-0.253,0.027,-1.122,29.65,30.25,23.84,-34.54,96.7,38.97,30.99,18.59,0.0,1.955,2.252
31-03-2019 00:00,12115,12.87,-0.012,-0.269,0.034,-1.149,29.64,36.15,23.82,-34.28,96.6,41.6,33.07,18.46,0.0,1.728,2.298
31-03-2019 00:30,12116,12.87,-0.012,-0.274,0.036,-1.171,29.56,35.92,23.79,-34.26,96.4,41.49,32.96,18.39,0.0,1.63,2.012
31-03-2019 01:00,12117,12.84,-0.014,-0.293,0.042,-1.161,27.99,35.83,23.75,-34.36,97,40.97,32.55,18.25,0.0,2.184,2.681
31-03-2019 01:30,12118,12.84,-0.015,-0.308,0.039,-1.183,27.73,34.46,23.67,-34.3,96.1,40.51,32.22,18.23,0.0,1.677,2.182
31-03-2019 02:00,12119,12.83,-0.01,-0.321,0.04,-1.279,27.64,31.74,23.64,-34.52,96,39.41,31.33,18.29,0.0,1.885,2.405
31-03-2019 02:30,12120,12.83,-0.015,-0.312,0.041,-1.267,26.99,30.55,23.55,-34.51,96.3,38.82,30.84,18.29,0.0,2.265,2.679
31-03-2019 03:00,12121,12.81,-0.004,-0.32,0.043,-1.253,25.78,29.41,23.5,-34.73,96,37.88,30.1,18.24,0.0,1.919,2.464
31-03-2019 03:30,12122,12.8,-0.007,-0.325,0.037,-1.247,25.36,28.36,23.4,-34.84,96.1,37.38,29.75,18.34,0.0,1.729,2.615
31-03-2019 04:00,12123,12.79,-0.012,-0.333,0.045,-1.197,25.15,27.77,23.3,-34.74,96,36.9,29.36,18.33,0.0,1.758,2.432
31-03-2019 04:30,12124,12.79,0.001,-0.328,0.046,-1.178,24.81,27.64,23.17,-34.48,96.5,36.96,29.39,18.64,0.0,1.69,2.369
31-03-2019 05:00,12125,12.8,-0.001,-0.335,0.035,-1.211,24.61,27.94,23.13,-34.59,96.8,37.15,29.55,18.72,0.0,1.59,2.301
31-03-2019 05:30,12126,12.79,0.008,-0.333,0.043,-1.11,24.61,28.19,23.07,-34.74,96.9,37.29,29.66,18.58,0.0,1.406,2.173
31-03-2019 06:00,12127,12.76,0.438,-0.26,0.106,-1.194,24.56,28.38,23.11,-34.87,96.8,37.27,29.65,18.48,0.0,1.728,2.586
31-03-2019 06:30,12128,12.79,15.2,2.27,1.967,-1.007,24.45,28.45,23.15,-35.02,96.9,37.07,29.47,18.54,0.0,11.13,12.43
31-03-2019 07:00,12129,12.96,102.1,11.58,7.908,-0.179,24.58,28.57,23.27,-35.29,97,37.23,29.5,19.35,0.0,59.61,82.4
31-03-2019 07:30,12130,14.06,335.3,31.25,23.53,2.825,25.82,29.27,23.75,-35.38,94,40.12,31.38,21.65,0.0,148.2,275.1
31-03-2019 08:00,12131,14.25,289.6,44.0,22.16,1.926,29.69,29.99,24.47,-35.74,93.8,41.26,32.15,22.43,0.0,162.9,225.1
31-03-2019 08:30,12132,14.29,332.2,48.88,39.2,4.683,30.52,30.66,25.1,-35.46,93.8,41.29,32.35,22.29,0.0,225.8,258.7
31-03-2019 09:00,12133,14.3,437.4,67.46,60.53,7.606,29.56,31.21,25.92,-35.44,87.8,43.51,34.06,22.69,0.0,301.3,340.3
31-03-2019 09:30,12134,13.68,600.6,108.1,82.6,10.88,32.25,33.55,26.37,-34.78,86.7,49.51,38.75,21.27,0.0,373.7,458.1
31-03-2019 10:00,12135,13.69,701.8,89.0,82.5,12.2,33.2,41.0,27.03,-34.25,85.2,56.6,44.49,21.1,0.0,393.6,534.4
31-03-2019 10:30,12136,13.68,601.7,89.3,88.4,14.11,35.43,32.73,27.43,-33.8,85,55.35,43.65,20.42,0.0,407.0,478.9
31-03-2019 11:00,12137,13.64,754.8,114.4,141.8,20.93,34.63,33.3,27.61,-33.11,82.7,57.81,45.77,19.53,0.0,459.5,582.9
31-03-2019 11:30,12138,13.65,775.2,110.9,128.8,27.98,35.82,36.66,28.37,-31.86,81.7,65.05,51.44,18.48,0.0,524.0,616.7
31-03-2019 12:00,12139,13.63,637.4,101.9,114.7,22.69,34.54,35.54,28.22,-29.89,80.2,66.39,52.7,17.7,0.0,468.7,505.1
31-03-2019 12:30,12140,13.65,766.6,108.8,172.2,93.8,32.67,34.75,28.64,-29.88,75.95,68.07,54.06,19.17,0.0,482.0,593.2
31-03-2019 13:00,12141,13.63,1177.0,84.4,408.7,35.39,32.65,33.57,29.54,-29.49,72.48,70.02,55.51,20.09,0.0,315.4,875.0
31-03-2019 13:30,12142,13.62,817.0,113.1,153.6,18.61,33.06,33.0,29.64,-21.4,72.74,70.64,56.12,24.75,0.0,358.8,625.9
31-03-2019 14:00,12143,13.65,695.2,67.95,108.7,18.25,33.58,33.79,29.49,-22.48,72.19,71.9,56.88,24.16,0.0,269.3,514.0
31-03-2019 14:30,12144,13.62,719.2,64.47,80.8,13.14,33.03,33.97,29.25,-23.9,70.96,71.3,56.35,23.72,0.0,231.5,527.0
31-03-2019 15:00,12145,13.62,1011.0,95.2,103.2,11.62,33.88,37.01,30.54,-26.71,63.83,75.22,59.4,20.69,0.0,316.7,735.4
31-03-2019 15:30,12146,13.62,394.3,129.9,62.24,4.516,33.08,33.48,29.69,-24.01,65.76,71.89,57.28,23.03,0.0,214.6,299.5
31-03-2019 16:00,12147,13.63,389.4,86.1,37.56,1.003,32.64,32.98,29.01,-23.41,70.02,72.01,57.46,24.9,0.0,131.7,277.1
31-03-2019 16:30,12148,13.67,411.7,35.46,21.82,1.275,32.97,33.39,29.02,-23.8,70.65,73.41,58.33,24.28,0.0,106.0,286.1
31-03-2019 17:00,12149,13.65,128.6,17.63,11.55,-0.25,32.1,32.67,28.93,-25.09,77.18,69.1,54.89,24.34,0.0,75.9,101.1
31-03-2019 17:30,12150,13.63,103.1,17.58,13.67,0.523,34.63,31.51,28.23,-25.35,86.2,65.08,52.04,24.74,0.0,75.75,79.3
31-03-2019 18:00,12151,13.12,45.28,7.006,7.236,-0.413,34.21,31.12,28.1,-26.17,88.6,63.11,50.49,24.43,0.0,38.13,40.29
31-03-2019 18:30,12152,12.91,0.554,0.121,0.075,-1.724,36.06,32.36,27.47,-26.51,95,59.58,47.79,23.97,0.0,4.511,5.233
31-03-2019 19:00,12153,12.91,-0.017,0.04,-0.017,-1.708,35.57,33.99,27.01,-26.99,98.8,58.4,46.87,23.87,0.0,1.963,2.591
31-03-2019 19:30,12154,12.88,-0.022,0.045,-0.01,-1.702,31.56,32.74,26.7,-27.81,94.7,56.16,45.09,23.4,0.0,1.589,1.938
31-03-2019 20:00,12155,12.87,0.041,0.019,0.008,-1.681,28.67,31.23,26.12,-28.42,95.6,52.07,41.79,23.23,5.842,3.759,4.501
31-03-2019 20:30,12156,12.87,0.049,-0.098,0.017,-1.44,27.9,30.69,25.21,-29.42,97.7,45.52,36.51,23.22,0.254,2.295,2.774
31-03-2019 21:00,12157,12.85,0.064,-0.107,0.029,-1.357,27.42,33.03,24.97,-30.41,97.1,44.84,35.87,22.99,0.0,1.602,2.124
31-03-2019 21:30,12158,12.87,0.062,-0.105,0.037,-1.351,27.37,34.77,24.91,-30.9,96.6,44.8,35.83,22.73,0.0,1.372,2.006
31-03-2019 22:00,12159,12.87,0.07,-0.113,0.037,-1.349,27.39,35.5,24.85,-31.16,97.4,44.69,35.67,22.43,0.0,1.722,2.205
31-03-2019 22:30,12160,12.85,0.068,-0.123,0.033,-1.355,27.37,36.45,24.81,-31.43,95.9,44.5,35.5,22.45,0.0,1.529,2.679
31-03-2019 23:00,12161,12.83,0.057,-0.144,0.035,-1.414,27.21,41.17,24.82,-31.36,95.8,45.97,36.65,21.9,0.0,1.64,2.645
31-03-2019 23:30,12162,12.84,0.057,-0.151,0.036,-1.385,26.77,33.5,24.65,-32.04,96.5,42.0,33.51,21.2,0.0,2.039,2.84
01-04-2019 00:00,12163,12.82,0.058,-0.153,0.034,-1.4,26.74,29.8,24.47,-32.41,96.9,40.15,32.05,20.95,0.0,1.661,2.538
01-04-2019 00:30,12164,12.8,0.055,-0.154,0.04,-1.383,26.28,31.97,24.31,-32.35,96.7,40.74,32.48,20.86,0.0,1.534,2.385
01-04-2019 01:00,12165,12.79,0.024,-0.16,0.046,-1.345,26.06,35.21,24.21,-32.32,96.7,41.88,33.38,20.67,0.0,1.629,2.472
01-04-2019 01:30,12166,12.79,0.018,-0.169,0.043,-1.345,26.28,38.45,24.09,-32.18,97.5,43.09,34.33,20.89,0.0,1.778,2.588
01-04-2019 02:00,12167,12.79,0.028,-0.2,0.043,-1.358,25.89,32.92,23.97,-32.67,97.8,41.13,32.8,21.04,0.0,1.905,2.74
01-04-2019 02:30,12168,12.76,0.037,-0.205,0.047,-1.371,25.4,32.18,23.9,-32.97,97.9,41.33,32.96,20.77,0.0,2.005,2.721
01-04-2019 03:00,12169,12.76,0.052,-0.2,0.044,-1.25,25.13,32.08,23.76,-32.94,97.9,41.84,33.38,20.53,0.254,1.397,2.191
01-04-2019 03:30,12170,12.76,0.051,-0.203,0.048,-1.28,25.07,33.76,23.63,-32.81,98,42.77,34.1,20.66,0.0,1.775,2.613
01-04-2019 04:00,12171,12.75,0.06,-0.233,0.053,-1.327,25.14,36.05,23.78,-33.08,97.9,43.24,34.45,21.19,0.0,1.616,2.337
01-04-2019 04:30,12172,12.75,0.036,-0.231,0.053,-1.329,25.22,36.82,23.7,-33.14,97,42.6,33.9,20.53,0.0,1.797,2.519
01-04-2019 05:00,12173,12.76,0.021,-0.227,0.055,-1.356,25.17,37.39,23.63,-33.23,96.3,42.35,33.67,20.76,0.0,1.986,2.521
01-04-2019 05:30,12174,12.76,0.008,-0.236,0.053,-1.383,25.18,38.13,23.59,-33.19,95.7,42.5,33.8,21.33,0.0,1.828,2.623
01-04-2019 06:00,12175,12.75,0.81,-0.125,0.115,-1.38,25.04,36.75,23.53,-33.22,96.2,41.78,33.18,21.71,0.0,2.124,2.912
01-04-2019 06:30,12176,12.76,29.2,3.06,2.094,-1.022,25.07,36.43,23.45,-33.28,96.2,41.72,33.16,21.75,0.0,12.24,23.2
01-04-2019 07:00,12177,13.11,159.7,8.7,6.354,-0.431,25.76,25.05,23.58,-34.45,94.2,37.25,29.4,23.01,0.0,35.15,128.0
01-04-2019 07:30,12178,13.91,329.5,12.75,8.24,0.003,27.15,25.7,24.05,-34.64,91.4,39.6,31.07,24.77,0.0,48.82,254.5
01-04-2019 08:00,12179,14.31,510.1,73.46,10.98,0.531,31.03,26.59,24.77,-34.46,91.1,42.38,33.39,24.77,0.0,59.65,367.2
01-04-2019 08:30,12180,14.28,686.5,25.41,35.45,0.982,34.22,27.53,25.43,-34.42,90.8,45.17,35.66,24.57,0.0,71.31,488.8
01-04-2019 09:00,12181,14.3,850.0,37.67,100.9,1.108,32.57,28.79,26.31,-34.25,84.3,47.37,37.41,24.49,0.0,81.7,595.7
01-04-2019 09:30,12182,13.69,998.0,513.8,63.4,1.579,32.95,29.93,27.52,-34.29,79.81,49.65,39.36,24.14,0.0,91.0,701.6
01-04-2019 10:00,12183,13.69,1120.0,50.72,28.61,6.141,33.82,30.42,28.56,-32.72,77.56,60.69,48.51,23.48,0.0,104.9,787.3
01-04-2019 10:30,12184,13.67,1229.0,33.35,155.2,4.751,33.24,34.55,29.42,-31.27,73.34,68.33,54.51,22.51,0.0,136.0,869.0
01-04-2019 11:00,12185,13.69,1240.0,52.52,596.2,12.1,34.41,35.64,30.47,-30.16,71.64,70.95,56.71,21.51,0.0,190.2,903.0
01-04-2019 11:30,12186,13.69,1141.0,59.44,99.2,90.8,34.06,36.66,30.56,-28.74,68.01,72.79,58.13,21.27,0.0,254.8,837.0
01-04-2019 12:00,12187,13.63,1262.0,74.48,195.6,238.4,35.45,39.13,31.0,-27.94,67.08,75.34,60.31,21.35,0.0,269.0,892.0
01-04-2019 12:30,12188,13.61,1304.0,58.47,469.7,752.0,37.37,42.51,31.75,-28.43,65,77.99,62.68,20.81,0.0,260.5,910.0
01-04-2019 13:00,12189,13.58,981.0,58.55,359.3,17.88,35.57,33.68,31.02,-23.02,62.77,73.64,59.31,23.21,0.0,238.3,704.2
01-04-2019 13:30,12190,13.61,1240.0,133.5,328.5,13.15,37.16,34.55,31.68,-20.75,61.37,75.13,60.56,25.31,0.0,279.5,881.0
01-04-2019 14:00,12191,13.62,1330.0,63.18,261.4,32.5,36.08,34.56,32.33,-19.56,58.83,75.49,60.97,27.12,0.0,208.4,912.0
01-04-2019 14:30,12192,13.6,1246.0,61.71,130.3,232.8,35.52,34.9,32.49,-18.96,56.1,75.92,61.14,28.07,0.0,249.2,865.0
01-04-2019 15:00,12193,13.59,1143.0,92.7,92.0,4.772,34.77,34.71,32.46,-19.26,55.16,75.99,61.38,27.82,0.0,226.8,770.0
01-04-2019 15:30,12194,13.6,874.0,76.58,130.8,7.34,34.14,32.98,31.47,-15.84,59.6,74.49,61.1,35.05,0.0,359.4,617.2
01-04-2019 16:00,12195,13.61,188.2,26.29,30.71,2.461,32.91,33.35,27.78,-17.51,81.4,68.54,56.58,42.15,0.762,132.1,143.5
01-04-2019 16:30,12196,13.62,96.1,13.96,14.01,0.957,31.77,29.58,25.62,-21.81,87.2,60.61,49.6,45.59,0.508,64.76,67.46
01-04-2019 17:00,12197,13.62,52.34,6.922,6.982,-0.225,33.67,30.04,25.17,-24.15,92.5,58.04,47.26,35.23,0.0,36.47,38.32
01-04-2019 17:30,12198,13.27,31.25,4.294,4.632,-0.585,30.45,32.98,25.14,-25.52,96.9,56.5,45.98,33.02,0.0,23.12,24.58
01-04-2019 18:00,12199,13.04,8.56,1.209,1.131,-1.192,29.12,33.39,25.21,-26.64,95.9,54.6,44.4,32.68,0.0,7.878,8.4
01-04-2019 18:30,12200,12.95,0.838,0.138,0.115,-1.36,29.4,33.94,25.16,-27.23,96.4,53.34,43.34,31.8,0.0,2.202,3.17
01-04-2019 19:00,12201,12.94,-0.008,0.005,-0.007,-1.351,29.24,37.1,25.05,-27.39,95.9,53.86,43.72,31.32,0.0,1.629,2.377
01-04-2019 19:30,12202,12.92,-0.008,0.003,-0.006,-1.354,28.91,41.84,24.92,-27.23,96.4,55.4,44.97,29.34,0.0,1.807,2.469
01-04-2019 20:00,12203,12.91,-0.006,-0.003,-0.012,-1.306,28.54,35.14,24.8,-28.21,98,51.49,41.77,29.57,0.0,1.609,2.48
01-04-2019 20:30,12204,12.9,-0.001,-0.013,-0.008,-1.255,29.22,38.12,24.76,-28.25,97.8,52.2,42.29,29.58,0.0,1.424,2.359
01-04-2019 21:00,12205,12.87,0.001,-0.025,-0.005,-1.234,29.18,40.4,24.63,-28.23,100,52.35,42.41,28.68,0.0,2.137,2.594
01-04-2019 21:30,12206,12.87,0.003,-0.023,-0.014,-1.224,28.69,40.96,24.55,-28.38,98.1,52.52,42.47,29.22,0.0,1.671,2.33
01-04-2019 22:00,12207,12.87,0.007,0.013,-0.021,-1.224,28.58,39.79,24.5,-28.66,98.9,51.34,41.57,28.63,0.0,1.486,2.416
01-04-2019 22:30,12208,12.87,0.003,0.01,-0.022,-1.199,28.84,34.43,24.4,-29.29,99.3,48.9,39.54,28.23,0.0,1.456,2.162
01-04-2019 23:00,12209,12.85,-0.003,0.003,-0.008,-1.186,29.12,34.04,24.4,-29.69,96.5,48.46,39.18,27.84,0.0,1.264,1.913
01-04-2019 23:30,12210,12.84,-0.011,-0.004,-0.008,-1.184,28.87,35.27,24.49,-29.89,97.4,48.64,39.3,27.1,0.0,1.805,2.535
02-04-2019 00:00,12211,12.84,-0.008,-0.002,0.007,-1.161,28.82,34.84,24.49,-29.99,96.6,48.37,39.06,26.51,0.0,1.553,2.242
02-04-2019 00:30,12212,12.83,-0.005,-0.01,0.01,-1.164,28.83,35.49,24.52,-30.06,96.3,48.56,39.19,26.28,0.0,1.411,2.115
02-04-2019 01:00,12213,12.81,-0.012,-0.03,0.006,-1.152,28.61,35.04,24.52,-30.17,95.8,48.16,38.86,25.73,0.0,1.758,2.471
02-04-2019 01:30,12214,12.8,-0.011,-0.045,0.0,-1.143,28.56,34.86,24.34,-30.03,96,47.96,38.71,25.58,0.0,1.38,2.073
02-04-2019 02:00,12215,12.8,0.004,-0.048,0.015,-1.145,28.76,37.72,24.31,-29.92,95,49.1,39.57,25.19,0.0,1.428,1.925
02-04-2019 02:30,12216,12.79,0.0,-0.067,0.006,-1.15,28.62,40.51,24.3,-29.81,95.6,50.2,40.42,24.78,0.0,1.912,2.689
02-04-2019 03:00,12217,12.78,-0.002,-0.084,0.003,-1.168,28.44,39.57,24.16,-29.87,96.4,49.44,39.81,24.49,0.0,1.767,2.344
02-04-2019 03:30,12218,12.75,0.003,-0.092,0.019,-1.163,28.52,29.87,24.14,-30.89,95.9,44.94,36.2,24.03,0.0,1.331,1.984
02-04-2019 04:00,12219,12.76,0.0,-0.102,0.028,-1.2,28.48,29.88,24.22,-31.1,96.1,44.67,35.94,23.86,0.0,1.428,1.798
02-04-2019 04:30,12220,12.73,-0.003,-0.108,0.021,-1.156,28.79,29.9,24.27,-31.2,95.3,44.74,35.95,23.67,0.0,1.752,2.334
02-04-2019 05:00,12221,12.72,-0.004,-0.12,0.024,-1.178,28.55,29.95,24.29,-31.26,96.2,44.66,35.88,23.58,0.0,1.66,2.302
02-04-2019 05:30,12222,12.73,-0.008,-0.122,0.026,-1.187,28.46,29.96,24.32,-31.41,96.7,44.48,35.75,23.48,0.0,1.502,2.247
02-04-2019 06:00,12223,12.71,0.319,-0.083,0.076,-1.176,28.49,30.05,24.41,-31.32,96.3,44.5,35.74,23.62,0.0,1.913,2.58
02-04-2019 06:30,12224,12.7,13.62,2.006,2.032,-0.819,28.5,30.08,24.46,-31.5,96.5,44.53,35.74,23.57,0.0,10.62,12.69
02-04-2019 07:00,12225,12.87,64.63,9.79,9.04,0.492,28.64,30.3,24.57,-31.68,96.3,44.85,35.95,24.05,0.0,46.7,49.51
02-04-2019 07:30,12226,13.52,115.3,17.21,16.9,2.088,28.94,30.54,24.75,-31.84,95.8,45.02,36.0,24.67,0.0,83.3,87.7
02-04-2019 08:00,12227,13.97,202.2,28.59,29.25,4.492,29.44,31.16,25.2,-32.28,93.5,45.1,35.94,25.24,0.0,139.8,148.6
02-04-2019 08:30,12228,14.22,294.4,39.68,41.6,6.665,30.77,31.71,25.69,-32.48,92.2,44.87,35.67,25.19,0.0,201.5,218.4
02-04-2019 09:00,12229,14.2,777.8,107.7,92.8,10.08,33.57,34.08,26.73,-32.29,88.8,50.06,39.57,25.73,0.0,331.7,556.3
02-04-2019 09:30,12230,14.22,1065.0,613.8,61.26,4.496,28.39,35.92,28.63,-31.16,74.85,60.59,48.29,25.85,0.0,150.7,750.7
02-04-2019 10:00,12231,13.62,1181.0,134.0,54.89,17.58,33.69,33.08,29.72,-28.86,71.96,68.44,55.27,22.98,0.0,147.5,840.0
02-04-2019 10:30,12232,13.68,1267.0,35.45,208.6,3.028,33.19,33.4,30.23,-26.73,68.78,72.54,59.04,22.88,0.0,133.3,914.0
02-04-2019 11:00,12233,13.62,1334.0,28.88,628.3,4.423,33.45,34.6,31.22,-26.29,64.57,74.3,60.64,22.96,0.0,107.5,944.0
02-04-2019 11:30,12234,13.6,1345.0,65.01,102.9,171.5,27.07,39.43,31.86,-24.93,59.49,77.54,63.44,23.14,0.0,195.5,976.0
02-04-2019 12:00,12235,13.61,1071.0,59.77,225.6,143.5,34.56,38.58,31.6,-22.51,63.57,77.38,63.3,26.18,0.0,314.4,768.8
02-04-2019 12:30,12236,13.58,1171.0,59.63,471.7,614.9,34.5,38.76,31.44,-22.32,64.67,77.38,63.14,26.27,0.0,293.1,840.0
02-04-2019 13:00,12237,13.58,910.0,59.55,239.6,19.23,34.17,37.76,31.07,-17.34,63.85,76.61,62.77,29.23,0.0,253.1,629.5
02-04-2019 13:30,12238,13.58,1409.0,182.0,380.6,6.081,35.22,39.02,32.12,-13.74,60.42,78.11,64.0,29.66,0.0,133.5,927.0
02-04-2019 14:00,12239,13.61,1345.0,137.6,259.4,14.33,36.31,38.15,32.3,-13.44,57.34,77.98,63.96,28.86,0.0,155.3,897.0
02-04-2019 14:30,12240,13.59,585.3,108.5,91.6,31.17,34.5,35.34,31.43,-14.06,68.18,74.62,61.63,27.06,6.604,264.1,433.1
02-04-2019 15:00,12241,13.58,122.4,32.91,17.66,1.705,29.68,28.93,26.12,-20.14,NAN,51.85,42.76,25.97,12.7,84.1,88.0
02-04-2019 15:30,12242,13.68,226.9,62.22,35.92,5.915,28.06,28.88,26.13,-25.31,94.4,46.91,38.3,25.1,0.0,151.4,160.1
02-04-2019 16:00,12243,13.62,487.4,107.3,63.45,8.97,28.57,29.35,26.47,-25.95,92.6,49.34,40.25,26.71,0.0,225.3,339.0
02-04-2019 16:30,12244,13.62,197.6,47.65,28.27,3.565,28.76,29.68,26.7,-26.42,90.6,50.03,40.62,29.19,0.0,134.0,148.5
02-04-2019 17:00,12245,13.61,117.6,30.25,18.38,2.03,28.67,29.51,26.73,-27.49,92.2,47.25,38.43,29.33,0.0,81.7,87.1
02-04-2019 17:30,12246,13.62,80.1,22.47,11.5,0.666,28.66,29.47,26.73,-28.14,91.4,46.2,37.52,28.53,0.0,56.07,60.42
02-04-2019 18:00,12247,13.2,29.69,7.577,3.876,-0.414,28.54,29.28,26.68,-28.62,91.2,45.1,36.61,27.68,0.0,23.96,25.32
02-04-2019 18:30,12248,12.97,1.469,0.222,0.192,-0.998,28.29,28.97,26.35,-28.84,91.8,44.08,35.76,26.69,0.0,3.054,3.785
02-04-2019 19:00,12249,12.95,-0.021,-0.155,0.009,-1.01,29.25,28.63,26.01,-29.05,93.8,43.77,35.5,26.44,0.0,2.128,2.976
02-04-2019 19:30,12250,12.92,-0.022,-0.169,0.008,-0.986,31.43,28.72,25.79,-29.22,95.9,43.85,35.53,25.84,0.0,1.517,2.035
02-04-2019 20:00,12251,12.91,-0.02,-0.096,0.006,-0.969,30.81,29.42,25.64,-29.28,95.3,44.12,35.71,25.36,0.0,2.164,2.789
02-04-2019 20:30,12252,12.89,-0.019,-0.065,0.0,-0.973,28.54,30.04,25.58,-29.53,94.6,44.04,35.61,24.83,0.0,1.682,2.192
02-04-2019 21:00,12253,12.88,-0.011,-0.059,0.019,-0.948,28.52,30.57,25.53,-29.74,94.8,44.05,35.58,24.33,0.0,1.157,1.731
02-04-2019 21:30,12254,12.87,-0.012,-0.074,0.024,-0.967,28.37,30.83,25.6,-29.89,97,43.99,35.5,23.93,0.0,1.537,2.247
02-04-2019 22:00,12255,12.87,-0.013,-0.084,0.02,-0.971,28.41,30.9,25.63,-30.08,96.2,44.03,35.56,23.67,0.0,1.669,2.282
02-04-2019 22:30,12256,12.87,-0.022,-0.086,0.016,-0.906,28.66,30.83,25.6,-30.13,93.3,44.16,35.65,23.56,0.0,0.954,2.201
02-04-2019 23:00,12257,12.86,-0.024,-0.105,0.012,-0.952,27.86,30.73,25.49,-30.24,97.1,43.82,35.34,23.96,0.0,2.485,3.319
02-04-2019 23:30,12258,12.83,-0.021,-0.129,0.008,-0.973,27.84,31.24,25.37,-30.37,97.1,43.9,35.4,23.94,0.0,1.152,2.559
03-04-2019 00:00,12259,12.84,-0.018,-0.145,0.018,-0.976,28.12,34.01,25.22,-30.09,95.7,45.08,36.33,23.18,0.0,1.475,2.271
03-04-2019 00:30,12260,12.79,-0.013,-0.139,0.023,-0.97,28.13,37.04,25.15,-29.85,94.9,46.52,37.47,23.02,0.0,1.365,1.912
03-04-2019 01:00,12261,12.76,-0.021,-0.16,0.026,-1.006,28.1,37.02,25.18,-29.96,96.9,46.44,37.4,22.85,0.0,2.15,2.56
03-04-2019 01:30,12262,12.76,-0.009,-0.168,0.027,-1.014,29.15,37.14,25.17,-30.04,96.8,46.54,37.48,22.65,0.0,1.406,1.897
03-04-2019 02:00,12263,12.76,-0.023,-0.18,0.024,-0.993,29.18,36.85,25.06,-30.07,94.1,46.54,37.44,22.51,0.0,1.955,2.405
03-04-2019 02:30,12264,12.74,-0.025,-0.184,0.017,-0.99,29.11,32.53,24.83,-30.28,92.6,44.78,36.03,22.6,0.0,1.648,1.91
03-04-2019 03:00,12265,12.72,-0.025,-0.191,0.03,-0.965,28.96,29.4,24.74,-30.65,94,43.32,34.88,22.53,0.0,1.787,2.343
03-04-2019 03:30,12266,12.72,-0.013,-0.213,0.033,-1.007,28.92,29.63,24.77,-31.01,93.9,42.94,34.51,22.28,0.0,1.662,2.029
03-04-2019 04:00,12267,12.7,-0.019,-0.21,0.029,-1.004,28.88,29.75,24.76,-31.01,93,42.91,34.5,22.18,0.0,0.857,2.386
03-04-2019 04:30,12268,12.68,-0.016,-0.227,0.029,-1.018,28.71,29.82,24.8,-31.22,96.5,42.66,34.28,22.09,0.0,2.003,2.59
03-04-2019 05:00,12269,12.68,-0.018,-0.216,0.028,-1.057,28.22,29.98,24.77,-31.31,97.3,42.65,34.28,21.92,0.0,1.798,2.255
03-04-2019 05:30,12270,12.68,-0.018,-0.24,0.03,-1.031,28.48,29.89,24.75,-31.36,96.2,42.61,34.25,21.86,0.0,0.689,2.221
03-04-2019 06:00,12271,12.68,0.328,-0.152,0.087,-1.027,28.52,29.92,24.74,-31.38,96.2,42.69,34.3,21.86,0.0,1.927,2.485
03-04-2019 06:30,12272,12.68,16.59,4.395,2.518,-0.588,28.68,30.01,24.75,-31.51,94.5,42.78,34.34,21.88,0.0,12.82,13.99
03-04-2019 07:00,12273,12.85,70.36,19.32,10.56,0.824,28.67,30.17,24.83,-31.58,95.4,43.06,34.51,22.4,0.0,53.31,55.34
03-04-2019 07:30,12274,13.42,130.8,36.73,20.3,2.659,28.95,30.69,25.12,-31.66,94.5,43.93,35.18,23.04,0.0,97.1,100.7
03-04-2019 08:00,12275,13.81,238.5,66.71,35.35,5.115,29.17,30.89,25.47,-32.01,93.2,44.85,35.8,23.35,0.0,176.4,183.2
03-04-2019 08:30,12276,14.24,327.3,93.4,50.59,7.85,29.77,31.56,25.87,-32.52,92,45.31,36.01,23.23,0.0,245.1,254.7
03-04-2019 09:00,12277,14.28,427.1,122.5,65.73,10.61,30.08,32.28,26.46,-32.39,88.5,46.59,37.05,23.17,0.0,321.2,332.0
03-04-2019 09:30,12278,14.27,593.2,165.2,92.1,10.57,32.16,33.11,27.22,-31.64,86.3,50.83,40.39,23.08,1.016,421.7,458.1
03-04-2019 10:00,12279,13.62,770.2,197.3,102.1,8.27,36.08,36.21,27.87,-30.12,84.9,58.39,46.55,22.54,0.0,487.4,588.4
03-04-2019 10:30,12280,13.62,1028.0,203.7,180.4,6.654,35.65,32.9,28.67,-29.08,78.16,64.4,51.49,22.16,0.0,340.9,757.5
03-04-2019 11:00,12281,13.61,1166.0,245.0,529.5,10.96,32,32.83,29.66,-28.23,67.52,69.1,55.38,21.91,0.0,397.5,864.0
03-04-2019 11:30,12282,13.61,1119.0,364.9,301.8,19.78,32.48,33.43,30.02,-26.81,66.42,71.03,56.9,21.66,0.0,267.0,827.0
03-04-2019 12:00,12283,13.6,1336.0,996.0,371.4,180.7,32.83,34.65,30.8,-25.63,65.08,71.99,57.79,21.67,0.0,242.6,944.0
03-04-2019 12:30,12284,13.6,1041.0,577.3,750.0,208.1,33.65,38.58,30.91,-23.32,65.42,74.35,59.71,22.51,0.0,264.9,749.2
03-04-2019 13:00,12285,13.62,993.0,832.0,307.6,20.63,33.54,39.4,30.7,-22.91,63.26,75.33,60.51,22.59,0.0,262.0,693.4
03-04-2019 13:30,12286,13.62,1321.0,1102.0,280.8,10.33,34.3,39.23,31.6,-15.52,59.28,76.91,61.82,26.78,0.0,257.0,902.0
03-04-2019 14:00,12287,13.6,1205.0,296.7,139.9,65.36,35.96,36.07,31.96,-17.01,58.87,75.83,61.01,25.1,0.0,278.4,840.0
03-04-2019 14:30,12288,13.58,1038.0,165.4,123.9,155.3,35.71,34.77,31.98,-18.04,57.79,75.53,60.94,24.59,0.0,304.7,733.6
03-04-2019 15:00,12289,13.57,790.5,404.5,77.64,8.52,35.54,34.27,31.57,-18.23,58.31,75.11,60.89,24.15,0.0,296.2,547.1
03-04-2019 15:30,12290,13.59,337.8,111.7,45.83,4.239,34.98,33.37,31.03,-18.31,59.72,73.88,60.1,24.34,0.0,210.8,250.4
03-04-2019 16:00,12291,13.59,576.0,198.0,52.24,2.83,35.25,33.91,30.73,-17.84,58.69,75.21,61.16,24.16,0.0,180.9,406.5
03-04-2019 16:30,12292,13.62,572.9,73.65,29.13,1.955,35.92,34.84,31.24,-17.56,57.23,76.46,61.95,24.22,0.0,149.0,408.6
03-04-2019 17:00,12293,13.59,396.8,56.0,25.46,1.555,35.64,34.61,31.03,-17.85,59.16,75.79,61.48,24.36,0.0,138.5,288.5
03-04-2019 17:30,12294,13.6,114.7,27.68,13.88,0.259,35.18,33.4,30.59,-19.19,60.78,72.98,59.25,24.41,0.0,85.9,91.6
03-04-2019 18:00,12295,13.16,32.84,8.62,4.313,-0.881,35.1,32.1,29.85,-19.73,63.95,71.08,57.93,24.17,0.0,28.7,30.25
03-04-2019 18:30,12296,12.96,1.19,0.312,0.137,-1.404,33.18,31.24,29.11,-20.42,63.55,68.73,56.02,23.55,0.0,3.45,3.917
03-04-2019 19:00,12297,12.95,-0.032,0.017,-0.019,-1.355,32.97,31.85,28.43,-20.66,63.48,68.06,55.48,23.5,0.0,1.846,2.322
03-04-2019 19:30,12298,12.91,-0.033,0.032,0.002,-1.314,31.51,38.36,27.8,-20.59,79.43,69.18,56.41,23.62,0.0,3.077,3.754
03-04-2019 20:00,12299,12.91,-0.034,0.028,-0.011,-1.285,31.11,34.94,27.75,-21.78,85.9,65.58,53.52,23.37,0.0,3.268,3.666
03-04-2019 20:30,12300,12.88,-0.04,0.02,-0.018,-1.286,30.8,30.53,27.16,-22.58,86.8,62.16,50.78,23.38,0.0,2.749,3.568
03-04-2019 21:00,12301,12.88,-0.034,0.034,-0.017,-1.236,33.93,29.01,26.53,-23.25,94,59.75,48.83,23.33,0.0,2.61,3.361
03-04-2019 21:30,12302,12.88,-0.027,0.045,-0.023,-1.203,32.93,29.09,26.01,-23.85,96.8,57.89,47.32,23.29,0.0,2.211,3.165
03-04-2019 22:00,12303,12.84,-0.023,0.048,-0.021,-1.168,33.21,32.64,25.58,-23.99,99.8,58.18,47.55,23.35,0.0,2.179,2.67
03-04-2019 22:30,12304,12.86,-0.023,0.052,-0.02,-1.136,32.58,40.33,25.28,-23.53,NAN,60.77,49.65,23.56,0.0,1.952,2.815
03-04-2019 23:00,12305,12.84,-0.018,0.051,-0.018,-1.123,31.84,42.05,25.08,-23.75,100.6,60.56,49.48,23.55,0.0,1.535,2.028
03-04-2019 23:30,12306,12.83,-0.011,0.064,-0.009,-1.1,31.46,39.62,25.0,-24.31,100.8,58.69,47.95,23.5,0.0,1.75,2.595
04-04-2019 00:00,12307,12.8,-0.02,0.048,-0.011,-1.073,29.79,40.03,24.91,-24.52,99.4,57.87,47.27,23.65,0.0,1.687,2.476
04-04-2019 00:30,12308,12.8,-0.018,0.052,-0.014,-1.056,29.18,44.59,24.77,-23.91,98.9,59.48,48.59,24.22,0.0,1.565,2.557
04-04-2019 01:00,12309,12.79,-0.018,0.052,-0.02,-1.034,29.34,34.32,24.7,-25.4,99.8,53.76,43.92,23.74,0.0,1.757,2.361
04-04-2019 01:30,12310,12.77,-0.005,0.052,-0.016,-1.039,30.5,33.74,24.6,-25.72,101.7,52.61,42.98,23.56,0.0,1.924,2.398
04-04-2019 02:00,12311,12.76,-0.008,0.048,-0.015,-1.024,30.27,40.25,24.5,-25.36,101.9,54.77,44.71,23.64,0.0,1.483,2.341
04-04-2019 02:30,12312,12.72,-0.011,0.052,-0.013,-1.03,30.7,46.41,24.54,-24.98,102.6,57.3,46.74,23.64,0.0,1.663,2.393
04-04-2019 03:00,12313,12.72,-0.015,0.039,-0.017,-1.063,30.67,35.6,24.42,-26.31,102.5,51.36,41.89,23.44,0.0,1.491,2.301
04-04-2019 03:30,12314,12.72,-0.006,0.028,-0.014,-1.043,28,32.81,24.33,-26.88,100.1,49.28,40.16,23.31,0.0,1.729,2.358
04-04-2019 04:00,12315,12.69,-0.012,0.034,-0.016,-1.049,27.38,31.76,24.35,-27.3,99.6,48.22,39.27,23.16,0.0,1.619,2.207
04-04-2019 04:30,12316,12.69,-0.005,0.028,-0.013,-1.044,27.3,31.84,24.33,-27.48,99.2,47.93,39.02,23.06,0.0,1.704,2.389
04-04-2019 05:00,12317,12.68,-0.003,0.035,-0.021,-1.041,27.2,31.84,24.32,-27.59,99.2,47.64,38.79,23.07,0.0,1.678,2.486
04-04-2019 05:30,12318,12.68,-0.01,0.034,-0.021,-1.02,27.19,31.75,24.33,-27.7,99.1,47.31,38.51,23.05,0.0,1.642,2.597
04-04-2019 06:00,12319,12.66,0.114,0.064,0.003,-1.001,27.16,31.97,24.34,-27.82,98.8,47.01,38.22,22.88,0.0,1.678,2.596
04-04-2019 06:30,12320,12.67,4.239,1.28,0.699,-0.885,27.12,31.83,24.31,-27.99,98.7,46.63,37.89,22.46,0.0,4.008,4.746
04-04-2019 07:00,12321,12.69,19.37,5.888,3.166,-0.459,27.22,31.95,24.4,-28.16,98.2,46.73,37.94,22.55,0.0,14.14,15.25
04-04-2019 07:30,12322,12.84,64.88,19.16,10.63,0.803,27.43,32.1,24.52,-28.15,97.2,47.36,38.41,23.12,0.0,44.65,46.4
04-04-2019 08:00,12323,13.32,129.6,37.76,21.19,2.736,27.72,32.39,24.72,-27.93,95.4,48.91,39.59,23.88,0.0,87.5,91.4
04-04-2019 08:30,12324,13.72,194.7,56.8,31.78,4.651,28.55,32.8,25.06,-27.6,93.3,51.81,41.97,24.63,0.0,133.0,138.5
04-04-2019 09:00,12325,14.24,246.0,72.0,40.21,6.19,29.64,33.29,25.34,-27.14,92.2,55.03,44.57,24.93,0.0,167.6,175.1
04-04-2019 09:30,12326,14.2,216.6,62.76,34.46,5.077,29.56,33.29,25.55,-26.52,90.4,57.29,46.41,25.2,0.0,144.1,150.7
04-04-2019 10:00,12327,14.21,222.8,62.04,33.02,5.002,29.79,33.44,25.55,-26.01,89.9,58.88,47.73,25.4,0.0,146.4,156.5
04-04-2019 10:30,12328,13.62,527.6,140.8,84.4,12.97,31.68,34.15,26.05,-25.63,89.1,62.8,50.84,25.0,0.0,337.9,377.5
04-04-2019 11:00,12329,13.62,630.5,177.1,110.5,17.13,32.85,35.09,26.95,-25.1,86.5,66.59,53.94,23.88,0.0,413.8,457.3
04-04-2019 11:30,12330,13.62,835.0,239.4,168.2,58.72,32.97,36.74,27.85,-23.42,80.3,70.83,57.7,23.98,0.254,474.2,605.2
04-04-2019 12:00,12331,13.62,1008.0,432.6,228.0,193.6,33.82,36.05,28.44,-21.54,77.26,72.84,59.59,24.53,0.0,490.5,728.4
04-04-2019 12:30,12332,13.61,999.0,472.5,399.3,176.9,31.77,42.33,28.65,-19.82,73.31,76.86,63.02,25.26,0.0,495.2,724.2
04-04-2019 13:00,12333,13.59,1013.0,550.9,254.8,36.53,34.96,46.52,28.99,-18.13,74.62,79.57,65.38,26.02,0.0,499.6,712.5
04-04-2019 13:30,12334,13.57,770.1,300.0,139.7,18.83,38.23,45.1,28.66,-15.76,77.88,78.78,64.97,27.9,0.0,468.2,558.6
04-04-2019 14:00,12335,13.61,615.7,182.8,105.0,14.54,37.69,46.53,28.51,-16.09,79.05,79.68,65.99,27.14,0.0,397.8,453.1
04-04-2019 14:30,12336,13.62,407.8,117.7,63.86,8.32,36.43,46.42,27.83,-16.35,80.5,78.8,65.39,26.77,0.0,279.4,296.8
04-04-2019 15:00,12337,13.62,377.1,110.8,59.58,7.82,35.83,47.73,27.51,-16.74,81.5,79.35,65.77,26.53,0.0,262.1,275.1
04-04-2019 15:30,12338,13.62,306.5,86.3,46.27,5.355,34.75,47.94,27.45,-17.36,81.9,78.52,64.94,26.37,0.0,216.4,225.3
04-04-2019 16:00,12339,13.62,262.2,73.1,36.38,3.601,32.92,47.15,27.31,-17.86,83.5,77.37,63.98,26.19,0.0,186.4,194.3
04-04-2019 16:30,12340,13.61,286.3,70.82,36.02,2.692,31.92,47.46,27.3,-18.09,83.9,77.37,63.88,26.0,0.0,175.7,208.9
04-04-2019 17:00,12341,13.63,286.0,66.79,35.11,2.722,32.15,47.97,27.4,-18.01,82.8,78.4,64.65,25.9,0.0,163.5,218.5
04-04-2019 17:30,12342,13.61,143.4,29.22,15.13,0.29,32.13,48.81,27.32,-18.19,84.2,77.8,64.07,25.91,0.0,87.8,114.3
04-04-2019 18:00,12343,13.15,32.51,7.597,3.88,-0.813,31.08,33.69,26.89,-20.97,85.5,66.45,54.77,25.12,0.0,27.93,30.64
04-04-2019 18:30,12344,12.95,1.61,0.485,0.176,-1.159,30.33,32.54,26.37,-21.96,86.2,62.9,51.79,24.34,0.0,3.612,4.504
04-04-2019 19:00,12345,12.89,-0.03,0.096,-0.028,-1.134,31.48,31.98,25.91,-22.54,89,61.14,50.34,24.03,0.0,1.816,2.372
04-04-2019 19:30,12346,12.87,-0.03,0.096,-0.026,-1.091,31.49,32.0,25.59,-23.12,90.3,59.62,49.07,23.63,0.0,1.833,2.439
04-04-2019 20:00,12347,12.88,-0.015,0.097,-0.027,-1.081,29.49,31.78,25.34,-23.72,91.9,57.72,47.47,23.71,0.0,2.108,2.562
04-04-2019 20:30,12348,12.87,-0.023,0.099,-0.026,-1.038,27.82,32.83,25.25,-24.1,91.6,56.88,46.74,23.6,0.0,1.764,2.408
04-04-2019 21:00,12349,12.86,-0.021,0.106,-0.027,-1.011,27.69,33.22,25.16,-24.51,93.7,55.76,45.82,23.5,0.0,2.146,2.63
04-04-2019 21:30,12350,12.86,-0.021,0.104,-0.025,-1.023,20.57,34.23,25.03,-24.71,81.4,55.42,45.46,23.5,0.0,1.238,1.784
04-04-2019 22:00,12351,12.87,-0.021,0.117,-0.018,-1.016,24.65,35.84,24.9,-24.72,86.6,55.72,45.68,23.37,0.0,2.08,2.717
04-04-2019 22:30,12352,12.83,-0.019,0.097,-0.028,-0.998,28.36,35.66,24.81,-25.14,92.8,54.32,44.56,23.4,0.0,1.884,2.588
04-04-2019 23:00,12353,12.83,-0.02,0.085,-0.029,-0.982,27.17,37.13,24.68,-25.27,93.5,54.18,44.39,23.38,0.0,1.846,2.55
04-04-2019 23:30,12354,12.84,-0.018,0.084,-0.03,-0.969,27.11,34.01,24.64,-25.97,95,51.76,42.4,23.21,0.0,2.108,2.664
05-04-2019 00:00,12355,12.82,-0.013,0.08,-0.03,-0.956,27.87,34.45,24.58,-26.22,97.3,51.03,41.79,23.21,0.0,1.894,2.44
05-04-2019 00:30,12356,12.8,-0.01,0.074,-0.027,-0.943,28.26,38.01,24.53,-25.94,98.6,52.11,42.6,23.31,0.0,1.551,2.394
05-04-2019 01:00,12357,12.8,-0.008,0.071,-0.025,-0.943,27.52,40.51,24.4,-25.92,98.5,52.66,43.06,23.27,0.0,1.333,2.33
05-04-2019 01:30,12358,12.8,-0.009,0.066,-0.023,-0.926,27.2,41.18,24.38,-26.06,98.4,52.4,42.79,23.22,0.0,1.563,2.319
05-04-2019 02:00,12359,12.8,-0.005,0.06,-0.021,-0.918,27.1,41.51,24.36,-26.13,98.6,52.28,42.67,23.25,0.0,1.422,2.107
05-04-2019 02:30,12360,12.79,-0.009,0.048,-0.024,-0.917,27.09,41.83,24.33,-26.24,98.7,52.11,42.5,23.27,0.0,1.5,2.382
05-04-2019 03:00,12361,12.77,-0.004,0.045,-0.017,-0.929,27.13,42.0,24.28,-26.35,99,51.83,42.25,23.22,0.0,1.706,2.346
05-04-2019 03:30,12362,12.77,-0.006,0.034,-0.024,-0.935,26.76,41.74,24.23,-26.52,98.8,51.47,41.91,23.05,0.0,1.529,2.446
05-04-2019 04:00,12363,12.76,-0.003,0.03,-0.02,-0.931,26.27,42.27,24.23,-26.57,98.3,51.55,41.95,23.11,0.0,1.636,2.616
05-04-2019 04:30,12364,12.76,-0.002,0.027,-0.027,-0.935,25.93,42.21,24.15,-26.73,98.1,51.12,41.59,23.1,0.0,1.633,2.326
05-04-2019 05:00,12365,12.75,-0.003,0.025,-0.023,-0.933,25.77,39.1,24.14,-27.17,98,49.29,40.05,23.02,0.0,1.629,2.407
05-04-2019 05:30,12366,12.72,0.001,0.023,-0.025,-0.936,25.66,42.21,24.15,-26.79,98,50.46,40.99,23.16,0.0,1.561,1.985
05-04-2019 06:00,12367,12.72,0.524,0.167,0.063,-0.914,25.69,42.71,24.2,-26.69,98.1,50.42,40.87,23.29,0.0,1.921,2.499
05-04-2019 06:30,12368,12.72,16.79,4.843,2.459,-0.707,25.74,43.32,24.32,-27.02,97.7,50.55,40.93,23.17,0.0,13.41,14.26
05-04-2019 07:00,12369,12.93,53.02,14.92,7.169,-0.295,25.83,43.51,24.4,-27.15,97.2,50.77,41.09,23.5,0.0,37.09,38.34
05-04-2019 07:30,12370,13.29,111.4,28.1,13.03,0.216,26.02,43.79,24.49,-27.16,96.4,51.23,41.38,23.98,0.0,65.84,68.04
05-04-2019 08:00,12371,13.6,162.0,46.09,23.62,1.329,26.28,44.63,24.74,-27.13,95.2,52.42,42.27,24.47,0.0,111.7,115.7
05-04-2019 08:30,12372,14.21,413.3,98.3,55.61,3.413,27.85,45.48,25.5,-26.68,92.5,56.71,45.52,24.64,0.0,263.7,310.0
05-04-2019 09:00,12373,14.2,677.9,130.9,137.9,4.195,33.37,46.2,26.3,-25.28,92.4,63.84,51.26,24.48,0.0,339.0,500.9
05-04-2019 09:30,12374,14.23,902.0,239.6,100.7,4.829,31.76,45.67,27.35,-23.03,84.4,73.31,59.32,24.71,0.0,313.5,670.9
05-04-2019 10:00,12375,13.58,861.0,152.3,78.31,8.83,32.53,35.03,28.01,-22.71,81.6,70.99,57.93,24.76,0.0,334.0,645.4
05-04-2019 10:30,12376,13.62,925.0,268.8,173.9,9.55,31.09,41.66,28.55,-21.36,73.15,75.02,61.38,25.11,0.0,396.5,709.7
05-04-2019 11:00,12377,13.59,931.0,159.3,264.9,13.38,31.81,42.12,28.9,-20.01,73.97,76.61,62.87,25.39,0.0,387.5,687.9
05-04-2019 11:30,12378,13.57,812.0,80.5,138.4,14.62,32.9,41.04,29.01,-19.2,73.47,76.61,63.05,24.91,0.0,378.7,587.9
05-04-2019 12:00,12379,13.58,882.0,93.6,303.1,163.1,34.82,41.78,29.16,-17.85,74.27,77.61,64.1,25.43,0.0,377.4,634.1
05-04-2019 12:30,12380,13.59,970.0,119.2,306.2,272.8,34.01,38.55,29.74,-17.35,70.85,77.08,63.76,25.27,0.0,401.1,729.0
05-04-2019 13:00,12381,13.59,888.0,79.89,311.0,23.61,32.65,34.14,29.73,-15.6,69.88,74.79,62.01,26.24,0.0,339.0,636.5
05-04-2019 13:30,12382,13.59,1137.0,102.3,256.6,16.97,33.56,34.51,30.06,-12.99,68.02,76.06,63.06,27.03,0.0,420.1,813.0
05-04-2019 14:00,12383,13.58,1070.0,126.3,222.8,42.85,33.1,33.64,30.61,-12.03,64.53,75.92,63.07,25.94,0.0,440.5,785.3
05-04-2019 14:30,12384,13.59,649.1,125.0,96.4,21.15,33.1,33.24,30.27,-12.75,67.39,75.51,62.73,25.46,0.0,339.7,472.9
05-04-2019 15:30,12386,13.59,748.0,66.4,81.4,5.713,33.07,33.54,29.69,-12.59,65.78,77.47,65.56,25.42,0.0,260.2,538.5
05-04-2019 16:00,12387,13.58,732.8,80.0,92.4,4.716,33.52,34.08,30.43,-12.42,66.04,77.82,65.9,25.48,0.0,264.4,557.1
05-04-2019 16:30,12388,13.59,556.6,44.42,41.97,3.192,32.75,33.36,30.27,-12.0,69.81,77.23,65.51,24.66,0.0,212.7,435.5
05-04-2019 17:00,12389,13.58,362.0,28.33,27.05,1.486,32.5,32.84,29.6,-11.97,70.95,77.07,65.42,24.38,0.0,139.1,279.8
05-04-2019 17:30,12390,13.58,192.9,17.45,16.37,0.479,32.49,32.01,29.25,-13.34,72.37,76.22,64.8,24.68,0.0,96.5,150.1
05-04-2019 18:00,12391,13.27,59.68,7.081,6.558,-0.41,22.72,31.28,28.83,-14.67,69.96,73.98,62.94,24.4,0.0,46.11,53.4
05-04-2019 18:30,12392,12.96,3.117,0.409,0.336,-1.045,3.864,30.41,28.12,-16.41,56.78,69.99,59.56,23.86,0.0,5.937,6.711
05-04-2019 19:00,12393,12.91,-0.035,0.032,-0.05,-1.038,4.762,29.63,27.42,-17.31,58.9,68.21,58.05,23.82,0.0,1.824,2.491
05-04-2019 19:30,12394,12.88,-0.037,0.038,-0.047,-0.992,2.997,29.48,27.06,-17.88,56.89,67.48,57.46,23.92,0.0,1.972,2.576
05-04-2019 20:00,12395,12.88,-0.037,0.041,-0.041,-0.966,10.37,29.29,26.69,-18.57,62.42,66.13,56.34,23.96,0.0,1.853,2.491
05-04-2019 20:30,12396,12.87,-0.036,0.045,-0.042,-0.942,30.13,29.34,26.37,-18.81,80.3,65.94,56.26,23.99,0.0,1.434,2.121
05-04-2019 21:00,12397,12.87,-0.034,0.046,-0.044,-0.925,29.93,29.55,26.13,-19.16,81.5,65.44,55.82,24.01,0.0,1.632,2.391
05-04-2019 21:30,12398,12.87,-0.031,0.05,-0.045,-0.917,29.45,29.5,25.96,-19.46,82.4,64.68,55.18,23.93,0.0,1.774,2.355
05-04-2019 22:00,12399,12.84,-0.032,0.049,-0.052,-0.922,29.05,29.6,25.91,-19.95,85,63.33,54.02,23.71,0.0,1.848,2.362
05-04-2019 22:30,12400,12.84,-0.025,0.046,-0.047,-0.887,29.16,30.08,25.94,-20.07,85.8,62.75,53.53,23.47,0.0,1.512,2.421
05-04-2019 23:00,12401,12.83,-0.029,0.044,-0.047,-0.898,29.98,30.24,26.0,-20.22,87.2,62.21,53.07,23.34,0.0,1.516,2.247
05-04-2019 23:30,12402,12.82,-0.031,0.036,-0.043,-0.91,30.82,30.78,25.8,-20.53,88.9,61.6,52.54,23.43,0.0,1.776,2.211
06-04-2019 00:00,12403,12.8,-0.029,0.031,-0.038,-0.906,30.79,38.05,25.54,-20.13,90.4,63.83,54.42,23.69,0.0,1.915,2.763
06-04-2019 00:30,12404,12.8,-0.027,0.031,-0.047,-0.911,29.58,42.42,25.25,-20.17,90.8,64.2,54.69,23.94,0.0,1.778,2.628
06-04-2019 01:00,12405,12.8,-0.024,0.036,-0.044,-0.92,28.4,46.66,25.0,-20.07,90,65.13,55.46,24.02,0.0,1.576,2.204
06-04-2019 01:30,12406,12.79,-0.029,0.028,-0.046,-0.901,28.78,47.55,24.94,-20.55,92.5,64.13,54.57,24.17,0.0,2.602,3.237
06-04-2019 02:00,12407,12.8,-0.024,0.026,-0.046,-0.9,28.85,47.03,24.86,-21.07,94.5,62.54,53.25,24.17,0.0,2.215,2.675
06-04-2019 02:30,12408,12.77,-0.021,0.016,-0.048,-0.773,27.53,37.43,24.72,-22.73,93.5,56.68,48.27,23.88,0.0,1.688,2.528
06-04-2019 03:00,12409,12.75,-0.024,0.012,-0.044,-0.785,26.62,38.29,24.58,-23.0,93.3,56.14,47.79,23.87,0.0,1.427,1.983
06-04-2019 03:30,12410,12.76,-0.016,0.013,-0.046,-0.814,26.66,33.95,24.5,-23.75,92.2,53.43,45.45,23.68,0.0,1.788,2.302
06-04-2019 04:00,12411,12.73,-0.021,0.008,-0.047,-0.825,26.51,33.66,24.46,-24.05,93,52.43,44.63,23.43,0.0,1.624,2.13
06-04-2019 04:30,12412,12.72,-0.024,0.006,-0.047,-0.849,26.41,32.32,24.33,-24.56,94.4,50.96,43.37,23.57,0.0,1.81,2.242
06-04-2019 05:00,12413,12.72,-0.023,0.004,-0.043,-0.848,26.48,31.35,24.38,-24.79,92.2,50.35,42.84,23.58,0.0,1.365,1.931
06-04-2019 05:30,12414,12.72,-0.021,0.005,-0.048,-0.847,26.7,31.45,24.57,-24.89,89.7,50.45,42.9,23.71,0.0,1.374,1.797
06-04-2019 06:00,12415,12.73,1.127,0.135,0.057,-0.843,26.5,31.4,24.56,-25.08,90.6,49.94,42.45,23.63,0.0,2.821,3.208
06-04-2019 06:30,12416,12.72,34.36,3.783,2.743,-0.589,26.51,31.49,24.54,-25.02,90.2,50.27,42.74,23.7,0.0,19.6,28.93
06-04-2019 07:00,12417,13.12,148.4,11.54,7.94,-0.064,26.85,31.77,24.73,-24.36,89.1,53.29,45.34,24.62,0.0,51.76,121.5
06-04-2019 07:30,12418,13.91,311.4,20.23,12.4,0.446,27.42,32.23,25.1,-23.19,86.5,58.54,49.86,25.78,0.0,75.19,241.0
06-04-2019 08:00,12419,14.26,498.1,34.03,17.77,1.229,28.23,33.13,25.91,-21.84,83.2,64.52,54.97,25.97,0.0,98.6,366.1
06-04-2019 08:30,12420,14.28,677.5,32.26,52.96,1.333,31.94,34.11,26.97,-19.67,82.2,72.75,62.04,26.31,0.0,109.3,484.5
06-04-2019 09:00,12421,14.27,841.0,72.39,247.2,2.096,32.74,35.33,27.7,-18.11,78.05,77.57,66.18,26.42,0.0,120.9,601.1
06-04-2019 09:30,12422,13.57,987.0,265.7,79.27,2.894,33.29,46.14,28.7,-16.54,75.42,83.1,70.8,25.78,0.0,132.3,727.3
06-04-2019 10:00,12423,13.58,1063.0,149.3,63.25,11.88,36.09,38.68,29.44,-16.73,73.52,79.67,67.89,25.3,0.0,166.7,769.2
06-04-2019 10:30,12424,13.58,1137.0,56.76,397.0,7.89,19.35,35.12,30.12,-16.38,62.35,78.3,66.76,25.08,0.0,209.1,819.0
06-04-2019 11:00,12425,13.59,1230.0,157.4,425.6,14.14,32.5,33.93,30.66,-15.05,67.42,77.9,66.46,24.71,0.0,273.4,869.0
06-04-2019 11:30,12426,13.58,1278.0,74.27,185.1,365.4,34.52,34.2,31.01,-13.43,65.91,78.1,66.64,24.53,0.0,273.8,913.0
06-04-2019 12:00,12427,13.58,1102.0,138.0,441.9,434.1,33.67,34.19,31.29,-12.38,64.25,78.06,66.63,24.64,0.0,264.3,792.2
06-04-2019 12:30,12428,13.58,1486.0,91.3,650.7,823.0,34.32,36.97,31.5,-10.04,62.3,79.59,67.86,24.85,0.0,261.2,1067.0
06-04-2019 13:00,12429,13.57,1200.0,65.99,534.3,18.35,33.83,43.52,31.77,2.944,59.92,82.6,70.43,29.04,0.0,274.9,826.0
06-04-2019 13:30,12430,13.57,1234.0,87.7,263.1,9.94,34.22,43.9,32.13,6.106,58.07,82.7,70.43,24.91,0.0,280.2,850.0
06-04-2019 14:00,12431,13.58,726.1,107.9,123.0,33.74,36.11,56.82,31.76,5.464,61.08,89.1,75.76,24.4,0.0,290.4,517.5
06-04-2019 14:30,12432,13.57,725.7,168.8,80.9,16.55,35.96,57.32,31.25,2.178,60.95,89.4,76.07,24.78,0.0,298.7,503.5
06-04-2019 15:00,12433,13.58,891.0,95.3,86.9,12.25,36.78,58.01,31.92,1.505,57.66,89.7,76.36,23.86,0.0,339.4,616.1
06-04-2019 15:30,12434,13.58,395.5,77.32,57.93,7.78,35.01,57.07,31.39,-0.175,58.68,89.3,75.96,25.17,0.0,256.8,298.4
06-04-2019 16:00,12435,13.58,351.5,44.58,45.12,4.866,34.51,50.38,30.59,-2.903,65.38,86.2,73.44,25.53,0.0,204.3,264.0
06-04-2019 16:30,12436,13.57,566.3,54.95,30.76,2.934,33.48,42.49,30.64,-3.668,64.67,82.3,70.15,24.46,0.0,155.0,409.5
06-04-2019 17:00,12437,13.59,434.5,31.95,21.51,1.622,33.23,41.99,30.73,-4.453,64.01,82.0,70.03,24.53,0.0,127.9,313.5
06-04-2019 17:30,12438,13.58,279.7,23.98,23.85,2.62,34.68,40.85,30.52,-5.167,68.44,81.4,69.46,24.47,0.0,136.1,212.6
06-04-2019 18:00,12439,13.17,43.19,4.292,4.383,-0.418,26.2,39.9,29.74,-6.829,67.49,79.69,68.07,24.77,0.0,39.22,46.97
06-04-2019 18:30,12440,12.96,0.799,0.136,0.06,-1.006,2.43,39.2,28.82,-9.39,53.79,76.7,65.52,24.51,0.0,4.327,4.988
06-04-2019 19:00,12441,12.91,-0.039,0.032,-0.047,-0.965,0.69,36.88,28.14,-11.25,52.33,74.2,63.4,24.49,0.0,1.938,2.702
06-04-2019 19:30,12442,12.91,-0.044,0.05,-0.038,-0.924,2.202,30.8,27.65,-13.2,54,69.79,59.69,24.19,0.0,2.378,2.985
06-04-2019 20:00,12443,12.88,-0.042,0.068,-0.04,-0.908,4.996,30.72,27.27,-14.68,57.82,67.32,57.61,24.14,0.0,2.846,3.472
06-04-2019 20:30,12444,12.86,-0.038,0.075,-0.05,-0.885,31.81,30.34,26.93,-15.79,90.2,65.66,56.24,24.11,0.0,1.769,2.594
06-04-2019 21:00,12445,12.87,-0.031,0.055,-0.052,-0.87,30.39,29.29,26.58,-16.88,90.5,63.41,54.32,24.0,0.0,2.248,2.656
06-04-2019 21:30,12446,12.86,-0.032,0.073,-0.044,-0.849,29.68,29.02,26.27,-17.52,88.8,62.51,53.54,24.01,0.0,1.347,1.84
06-04-2019 22:00,12447,12.82,-0.026,0.087,-0.029,-0.826,28.9,29.04,26.18,-17.74,87.5,62.68,53.69,24.09,0.0,1.69,2.352
06-04-2019 22:30,12448,12.84,-0.026,0.068,-0.031,-0.828,28.65,29.04,26.14,-18.0,86.5,62.41,53.45,24.15,0.0,1.562,2.063
06-04-2019 23:00,12449,12.83,-0.022,0.081,-0.026,-0.82,28.79,29.22,26.14,-18.1,85.2,62.62,53.61,24.16,0.0,1.495,1.927
06-04-2019 23:30,12450,12.81,-0.027,0.069,-0.023,-0.815,28.66,29.2,26.05,-18.31,86.2,62.24,53.29,24.11,0.0,1.59,2.275
07-04-2019 00:00,12451,12.81,-0.029,0.061,-0.026,-0.817,28.62,29.12,26.0,-18.5,86.5,61.97,53.05,24.03,0.0,1.609,2.176
07-04-2019 00:30,12452,12.79,-0.033,0.07,-0.033,-0.817,28.57,29.2,26.09,-18.4,86.2,62.14,53.22,23.85,0.0,1.503,2.365
07-04-2019 01:00,12453,12.8,-0.03,0.067,-0.035,-0.823,28.87,29.31,26.1,-17.91,84.7,62.55,53.54,23.43,0.0,1.564,2.278
07-04-2019 01:30,12454,12.8,-0.033,0.084,-0.032,-0.761,29.01,28.99,25.89,-18.09,83.9,62.54,53.52,23.59,0.0,1.5,2.091
07-04-2019 02:00,12455,12.79,-0.033,0.071,-0.032,-0.807,29.43,31.66,25.73,-18.27,86.8,62.79,53.7,23.84,0.0,1.835,2.759
07-04-2019 02:30,12456,12.77,-0.027,0.082,-0.041,-0.818,32.85,34.26,25.66,-18.37,92.5,63.1,53.97,23.94,0.0,1.574,2.28
07-04-2019 03:00,12457,12.75,-0.025,0.087,-0.03,-0.839,32.93,34.8,25.65,-18.53,93,63.03,53.9,24.02,0.0,2.115,2.398
07-04-2019 03:30,12458,12.73,-0.024,0.083,-0.03,-0.855,31.44,34.8,25.54,-18.97,93.8,62.0,53.03,23.95,0.0,1.956,2.589
07-04-2019 04:00,12459,12.73,-0.025,0.075,-0.027,-0.852,32.31,37.14,25.41,-19.01,96.5,62.39,53.36,23.95,0.0,1.82,2.622
07-04-2019 04:30,12460,12.72,-0.023,0.078,-0.036,-0.843,35.24,41.8,25.41,-18.74,NAN,63.82,54.57,24.11,0.0,2.126,2.565
07-04-2019 05:00,12461,12.72,-0.019,0.082,-0.034,-0.838,29.39,42.82,25.29,-18.92,95.7,63.31,54.13,24.18,0.0,1.636,2.689
07-04-2019 05:30,12462,12.72,-0.017,0.08,-0.036,-0.833,28.47,44.54,25.2,-19.01,95.6,63.05,53.88,24.29,0.0,1.798,2.646
07-04-2019 06:00,12463,12.72,0.056,0.078,-0.02,-0.833,27.85,42.6,25.1,-19.57,96.8,61.51,52.56,24.2,0.254,1.937,2.623
07-04-2019 06:30,12464,12.72,4.68,0.759,0.739,-0.654,27.22,34.33,24.98,-20.76,97.4,57.71,49.3,23.9,0.254,4.291,5.057
07-04-2019 07:00,12465,12.73,13.36,2.01,2.228,-0.38,26.93,34.39,24.93,-22.69,97.6,56.9,48.62,23.44,0.254,9.3,10.17
07-04-2019 07:30,12466,12.76,14.16,2.23,2.205,-0.407,26.88,34.73,24.93,-23.3,97.9,55.78,47.65,23.38,0.508,9.59,10.33
07-04-2019 08:00,12467,12.8,23.21,3.54,3.743,-0.111,26.73,34.7,24.94,-23.52,97.9,54.62,46.59,23.53,0.0,14.22,15.72
07-04-2019 08:30,12468,12.89,42.02,6.901,6.666,0.442,26.63,35.04,24.86,-22.75,97.7,54.71,46.68,24.05,0.254,26.23,27.63
07-04-2019 09:00,12469,13.24,133.2,20.88,23.13,3.42,26.83,35.25,25.01,-22.52,97.8,54.75,46.72,24.87,0.508,84.7,88.3
07-04-2019 09:30,12470,14.09,163.0,23.56,28.02,4.48,27.04,35.42,25.2,-22.46,97.1,54.75,46.69,25.68,0.0,105.2,111.5
07-04-2019 10:00,12471,13.47,82.4,12.74,14.17,1.806,27.1,35.22,25.25,-22.87,96.5,53.69,45.76,25.41,0.0,54.02,56.86
07-04-2019 10:30,12472,13.43,49.85,8.49,8.62,0.747,26.86,34.95,25.16,-23.24,96.8,52.8,44.98,25.12,0.0,28.8,30.24
07-04-2019 11:00,12473,13.5,48.63,7.71,7.124,0.498,26.16,34.47,24.78,-23.69,96.1,51.46,43.83,25.06,0.254,26.68,28.04
07-04-2019 11:30,12474,14.06,107.3,19.76,18.18,2.513,25.48,40.0,24.46,-23.32,95.7,53.63,45.61,25.93,2.286,62.79,66.06
07-04-2019 12:00,12475,14.28,196.4,36.37,30.25,4.846,25.43,35.88,24.46,-24.51,96.6,50.41,42.89,25.43,1.016,125.0,130.8
07-04-2019 12:30,12476,13.63,561.3,87.9,118.8,34.53,25.98,34.49,24.89,-25.02,95.2,50.11,42.63,24.18,0.0,362.7,400.6
07-04-2019 13:00,12477,13.63,483.4,62.74,107.5,19.75,26.46,34.92,25.41,-24.5,91.6,52.49,44.68,24.61,0.0,302.8,344.4
07-04-2019 13:30,12478,13.64,281.1,41.53,45.96,7.357,26.37,34.77,25.26,-24.83,92.2,51.04,43.38,24.94,0.0,191.1,201.6
07-04-2019 14:00,12479,13.63,1171.0,116.4,135.6,80.6,29.23,36.55,26.21,-21.79,88.9,65.15,55.61,24.58,0.0,380.5,820.0
07-04-2019 14:30,12480,13.61,724.2,114.9,103.0,23.13,31.65,36.75,27.46,-18.96,84.6,75.22,64.31,26.18,0.0,396.0,538.1
07-04-2019 15:00,12481,13.62,668.8,85.0,81.8,12.07,35.01,36.39,27.77,-18.55,85.4,76.11,65.04,26.05,0.0,350.8,491.9
07-04-2019 15:30,12482,13.61,713.9,69.76,96.3,9.46,33.14,37.37,28.12,-18.24,82,77.25,66.03,25.8,0.0,326.7,538.2
07-04-2019 16:00,12483,13.62,285.9,46.57,37.07,4.064,32.23,36.1,27.67,-19.12,83,72.99,62.29,26.23,0.0,194.6,207.3
07-04-2019 16:30,12484,13.58,192.8,32.7,29.82,4.019,31.78,35.34,27.46,-21.22,90.1,66.71,56.9,25.83,0.254,136.2,144.3
07-04-2019 17:00,12485,13.04,19.02,3.882,3.255,-0.542,37.95,33.89,26.66,-23.45,NAN,57.74,49.19,25.13,1.524,17.99,19.56
07-04-2019 17:30,12486,12.92,2.049,0.362,0.286,-1.08,31.75,32.19,25.4,-24.59,99.5,52.59,44.73,24.64,0.762,4.957,5.957
07-04-2019 18:00,12487,12.88,1.198,0.17,0.121,-1.094,34.99,38.74,24.64,-24.47,NAN,54.36,46.26,24.34,0.508,2.264,3.298
07-04-2019 18:30,12488,12.86,0.112,-0.026,-0.015,-1.067,29.6,39.64,24.47,-24.69,100.2,54.99,46.75,24.12,0.254,1.92,2.4
07-04-2019 19:00,12489,12.85,0.055,-0.041,-0.014,-1.053,27.35,35.34,24.48,-25.55,99,52.49,44.68,24.01,1.524,1.604,2.319
07-04-2019 19:30,12490,12.85,0.04,-0.073,-0.019,-1.027,26.57,35.0,24.43,-26.16,98.6,51.14,43.51,24.1,0.254,1.74,2.398
07-04-2019 20:00,12491,12.84,0.05,-0.086,-0.017,-1.033,26.49,34.2,24.4,-26.53,98.6,50.22,42.73,24.22,0.0,1.623,2.178
07-04-2019 20:30,12492,12.81,0.051,-0.103,-0.018,-1.052,26.28,33.94,24.4,-26.74,98.4,49.67,42.26,24.31,0.0,1.815,2.49
07-04-2019 21:00,12493,12.8,0.061,-0.12,-0.016,-1.037,26.03,33.68,24.37,-27.02,98.2,49.18,41.83,24.24,0.254,1.918,2.632
07-04-2019 21:30,12494,12.8,0.058,-0.13,-0.023,-1.049,25.52,35.34,24.28,-26.91,97.9,49.59,42.16,24.34,0.0,1.445,2.108
07-04-2019 22:00,12495,12.79,0.058,-0.14,-0.013,-1.017,25.45,37.71,24.22,-27.1,97.6,49.89,42.39,24.28,0.0,1.608,2.394
07-04-2019 22:30,12496,12.79,0.056,-0.154,-0.012,-0.99,25.24,33.39,24.14,-27.62,97.6,47.78,40.58,24.36,0.0,1.72,2.661
07-04-2019 23:00,12497,12.76,0.063,-0.195,-0.016,-1.001,25.1,36.19,24.04,-27.54,97.8,47.91,40.65,24.52,0.0,1.879,2.659
07-04-2019 23:30,12498,12.75,0.066,-0.206,-0.013,-1.016,24.77,38.11,23.84,-27.0,97.9,50.07,42.53,24.61,0.0,1.917,2.833
08-04-2019 00:00,12499,12.72,0.067,-0.203,-0.012,-1.061,24.63,41.16,23.82,-26.87,97.8,51.44,43.67,24.4,0.0,1.663,2.216
08-04-2019 00:30,12500,12.72,0.066,-0.213,-0.013,-1.059,24.53,40.72,23.78,-27.0,97.7,51.58,43.81,24.34,0.0,1.813,2.612
08-04-2019 01:00,12501,12.72,0.072,-0.216,-0.01,-1.036,24.43,40.64,23.7,-27.04,97.7,51.48,43.76,24.33,0.0,1.599,2.552
08-04-2019 01:30,12502,12.67,0.073,-0.212,-0.015,-1.022,24.44,38.64,23.68,-27.34,97.7,50.62,42.97,24.17,0.0,1.497,2.094
08-04-2019 02:00,12503,12.66,0.086,-0.226,-0.016,-1.085,24.61,38.72,23.78,-27.42,97.8,50.85,43.2,24.05,0.0,1.316,1.965
08-04-2019 02:30,12504,12.64,0.086,-0.238,-0.018,-1.079,24.57,38.76,23.82,-27.54,97.8,50.62,43.01,24.05,0.0,1.905,2.824
08-04-2019 03:00,12505,12.65,0.084,-0.243,-0.02,-1.066,24.55,38.69,23.77,-27.64,97.8,50.3,42.69,23.98,0.0,1.691,2.261
08-04-2019 03:30,12506,12.65,0.084,-0.257,-0.01,-1.061,24.57,40.35,23.78,-27.42,97.9,51.62,43.8,23.94,0.0,1.506,2.183
08-04-2019 04:00,12507,12.64,0.086,-0.256,-0.005,-1.04,24.68,40.29,23.88,-27.46,97.9,51.64,43.86,23.79,0.0,1.497,2.108
08-04-2019 04:30,12508,12.64,0.083,-0.272,-0.011,-1.039,24.72,40.15,23.97,-27.42,97.9,51.9,44.07,23.73,0.0,1.824,2.467
08-04-2019 05:00,12509,12.63,0.089,-0.28,-0.004,-1.05,24.75,39.07,24.01,-27.56,97.9,51.06,43.34,23.67,0.254,1.759,2.234
08-04-2019 05:30,12510,12.64,0.092,-0.289,-0.007,-1.065,24.87,39.45,24.05,-27.64,97.9,51.15,43.4,23.54,1.778,1.547,2.223
08-04-2019 06:00,12511,12.64,0.179,-0.311,0.016,-1.06,24.92,39.77,24.15,-27.95,97.9,50.43,42.77,23.24,0.0,1.569,2.404
08-04-2019 06:30,12512,12.64,6.078,0.947,0.979,-0.89,24.93,39.54,24.22,-28.1,97.9,49.72,42.11,23.32,0.762,5.821,6.478
08-04-2019 07:00,12513,12.7,33.55,6.39,5.86,0.076,24.86,39.34,24.16,-28.32,97.4,48.56,41.09,23.55,0.0,24.52,26.49
08-04-2019 07:30,12514,13.08,74.51,14.68,11.66,1.046,24.88,39.81,24.13,-28.51,97.1,48.0,40.64,24.08,0.254,54.39,56.59
08-04-2019 08:00,12515,13.48,140.4,28.4,21.12,2.838,25.15,39.74,24.24,-28.92,97,47.16,39.87,24.49,0.0,102.8,107.3
08-04-2019 08:30,12516,13.83,209.9,40.56,32.65,4.914,25.59,40.3,24.49,-29.05,96.2,47.5,40.14,25.28,0.0,151.7,157.2
08-04-2019 09:00,12517,14.22,252.3,47.14,40.1,6.34,25.96,40.06,24.67,-29.17,94.4,47.32,39.95,25.21,0.0,174.5,181.8
08-04-2019 09:30,12518,14.2,246.3,45.23,39.02,6.128,26.24,41.05,24.92,-28.86,93,48.66,41.11,25.12,0.0,174.0,181.1
08-04-2019 10:00,12519,14.24,388.0,75.27,64.58,10.49,27.14,41.3,25.12,-28.32,91.8,51.7,43.76,25.21,0.0,276.9,286.5
08-04-2019 10:30,12520,13.62,613.6,106.0,103.6,16.65,33.87,41.82,25.48,-26.29,NAN,58.9,49.96,24.76,0.0,411.8,450.3
08-04-2019 11:00,12521,13.62,404.6,74.34,68.24,11.26,31.61,41.96,25.8,-25.73,89.6,60.3,51.2,24.77,0.0,288.9,300.9
08-04-2019 11:30,12522,13.63,393.2,67.72,68.14,11.6,31.55,42.3,26.03,-26.28,90,58.85,49.98,24.66,0.0,272.0,288.7
08-04-2019 12:00,12523,13.65,471.1,78.59,87.9,23.94,31.08,41.97,25.95,-26.3,92.8,56.34,47.83,24.76,0.762,324.0,363.3
08-04-2019 12:30,12524,13.6,1231.0,133.3,429.0,404.0,33.13,42.75,26.52,-26.22,86.8,65.81,55.97,23.73,0.0,547.4,932.0
08-04-2019 13:00,12525,13.6,732.9,99.5,228.3,32.53,41.06,40.63,27.15,-24.45,87.9,73.52,62.7,22.92,0.0,442.7,561.8
08-04-2019 13:30,12526,13.6,770.1,109.6,150.0,20.88,37.6,39.43,27.26,-22.28,87.4,74.46,63.49,24.27,0.254,464.4,582.0
08-04-2019 14:00,12527,13.62,945.0,121.8,154.2,40.29,31.72,42.42,27.76,-21.63,77.33,78.99,67.38,23.95,0.0,519.6,697.7
08-04-2019 14:30,12528,13.62,437.3,89.6,72.8,11.95,32.5,38.68,27.81,-21.11,75.87,76.66,65.32,24.53,0.0,315.2,337.0
08-04-2019 15:00,12529,13.64,342.6,67.6,60.45,9.49,32.23,38.46,27.56,-21.45,78.34,74.57,63.59,24.48,0.0,242.3,257.2
08-04-2019 15:30,12530,13.6,117.5,20.33,16.42,1.596,30.69,37.52,27.1,-22.5,87.2,69.69,59.43,24.18,0.0,92.0,96.6
08-04-2019 16:00,12531,13.6,157.8,32.49,25.95,2.927,31.16,36.99,26.58,-23.67,90.6,65.96,56.23,23.74,0.0,106.3,112.7
08-04-2019 16:30,12532,13.61,98.2,18.76,12.58,0.733,34.45,36.42,26.42,-24.63,NAN,62.76,53.47,23.52,0.0,61.78,66.87
08-04-2019 17:00,12533,13.62,71.64,12.46,8.54,0.261,38.13,35.65,26.0,-25.25,NAN,59.76,50.94,23.45,0.0,43.39,46.32
08-04-2019 17:30,12534,13.49,35.22,6.55,4.515,-0.389,33.85,35.4,25.73,-25.94,96.2,57.48,48.95,23.15,0.0,25.79,27.37
08-04-2019 18:00,12535,13.08,11.51,2.418,1.953,-0.884,32.13,35.39,25.38,-26.51,NAN,55.05,46.85,22.05,3.556,10.92,11.94
08-04-2019 18:30,12536,12.96,0.613,0.061,0.083,-1.219,30.73,38.32,24.95,-27.41,101.2,51.56,43.77,21.06,3.81,2.521,3.108
08-04-2019 19:00,12537,12.91,0.041,-0.129,-0.017,-1.187,37.57,36.38,24.59,-28.13,NAN,48.42,41.1,20.69,0.762,2.32,3.159
08-04-2019 19:30,12538,12.88,0.037,-0.178,-0.011,-1.152,37.4,32.88,24.35,-28.31,NAN,45.47,38.54,21.26,1.778,2.06,2.727
08-04-2019 20:00,12539,12.88,0.041,-0.197,-0.01,-1.125,31.99,33.18,24.21,-28.95,NAN,44.81,37.99,20.46,0.762,1.856,2.403
08-04-2019 20:30,12540,12.87,0.051,-0.209,-0.01,-1.061,30.11,32.89,24.04,-29.32,102.2,44.46,37.67,20.11,0.762,1.558,2.563
08-04-2019 21:00,12541,12.87,0.048,-0.206,-0.008,-1.11,29.85,31.92,24.03,-29.58,102,44.37,37.58,19.98,2.032,1.775,2.367
08-04-2019 21:30,12542,12.86,0.053,-0.231,0.002,-1.121,29.07,32.02,24.05,-29.89,101.6,43.91,37.17,19.91,1.778,1.773,2.244
08-04-2019 22:00,12543,12.85,0.063,-0.276,0.006,-1.116,28.11,32.35,24.05,-30.01,100.8,43.8,37.05,19.85,0.254,1.805,2.348
08-04-2019 22:30,12544,12.83,0.06,-0.306,0.012,-1.108,27.62,32.44,24.05,-29.97,100.5,44.46,37.59,19.77,0.254,1.86,2.374
08-04-2019 23:00,12545,12.84,0.055,-0.321,0.012,-1.105,26.93,32.52,23.98,-29.9,100,44.6,37.65,19.75,1.016,1.513,1.993
08-04-2019 23:30,12546,12.82,0.053,-0.336,0.007,-1.114,26.3,32.42,23.94,-30.01,99.5,44.23,37.36,19.78,0.254,1.726,2.253
09-04-2019 00:00,12547,12.8,0.053,-0.359,0.004,-1.131,25.98,32.37,23.88,-30.05,99.1,44.35,37.49,19.73,0.762,1.906,2.486
09-04-2019 00:30,12548,12.8,0.052,-0.373,0.0,-1.155,25.79,32.43,23.83,-30.33,99,43.68,36.89,19.7,0.508,1.917,2.843
09-04-2019 01:00,12549,12.8,0.053,-0.364,0.004,-1.181,25.38,32.63,23.75,-30.45,98.6,43.1,36.41,19.68,0.508,1.701,2.509
09-04-2019 01:30,12550,12.8,0.057,-0.388,0.007,-1.168,24.92,32.45,23.71,-30.39,98.2,43.93,37.13,19.61,0.508,1.807,2.391
09-04-2019 02:00,12551,12.77,0.051,-0.405,0.002,-1.169,24.65,30.8,23.67,-30.55,98.2,42.89,36.25,19.57,0.0,1.631,2.545
09-04-2019 02:30,12552,12.76,0.056,-0.419,0.002,-1.167,24.46,30.03,23.62,-30.54,98.1,43.26,36.58,19.49,0.0,1.806,2.686
09-04-2019 03:00,12553,12.75,0.059,-0.422,0.012,-1.156,24.35,29.9,23.63,-30.7,98.1,42.66,36.01,19.39,0.0,1.717,2.234
09-04-2019 03:30,12554,12.72,0.058,-0.417,0.009,-1.151,24.35,29.81,23.59,-30.71,98.1,42.32,35.74,19.41,0.0,1.643,2.146
09-04-2019 04:00,12555,12.72,0.058,-0.426,0.015,-1.147,24.19,29.78,23.58,-30.87,98.1,41.64,35.16,19.39,0.0,1.956,2.718
09-04-2019 04:30,12556,12.72,0.06,-0.439,0.001,-1.094,24.14,29.67,23.54,-31.01,98.1,41.16,34.73,19.4,0.0,1.877,2.588
09-04-2019 05:00,12557,12.72,0.063,-0.433,0.004,-1.118,24.15,28.72,23.46,-31.08,98.2,41.05,34.66,19.31,0.0,1.789,2.485
09-04-2019 05:30,12558,12.7,0.069,-0.438,0.014,-1.107,24.22,28.75,23.46,-30.9,98.2,41.68,35.2,19.5,0.0,1.687,2.36
09-04-2019 06:00,12559,12.68,0.378,-0.378,0.058,-1.106,24.21,28.44,23.5,-31.17,98.3,41.92,35.39,19.17,0.0,2.0,2.67
09-04-2019 06:30,12560,12.69,11.62,1.738,1.641,-0.881,24.19,28.59,23.48,-31.22,98.3,41.57,35.06,19.21,0.0,9.17,10.17
09-04-2019 07:00,12561,12.83,63.27,10.77,9.73,0.684,24.27,28.73,23.52,-31.22,98.3,42.02,35.45,19.79,0.0,47.58,50.68
09-04-2019 07:30,12562,13.47,172.7,32.19,23.77,3.086,24.58,28.87,23.76,-31.39,98.2,42.84,36.18,20.88,0.0,129.6,134.7
09-04-2019 08:00,12563,14.27,244.6,46.92,35.19,5.27,24.93,29.27,24.05,-31.39,98.1,43.7,36.9,21.15,0.0,178.0,186.4
09-04-2019 08:30,12564,14.2,299.4,53.98,43.9,6.821,25.1,29.6,24.35,-31.46,97.9,44.19,37.37,21.01,0.0,220.7,228.6
09-04-2019 09:00,12565,14.22,241.1,43.3,38.0,5.77,25.55,29.98,24.57,-30.81,97.5,44.7,37.82,21.61,0.0,173.8,181.9
09-04-2019 09:30,12566,13.63,301.7,57.5,46.64,7.234,33.25,30.48,24.83,-30.61,NAN,46.41,39.29,21.37,0.0,209.4,217.5
09-04-2019 10:00,12567,13.63,396.0,73.46,68.61,12.1,36.12,30.72,25.21,-30.39,99.4,48.81,41.28,20.49,0.254,286.4,303.7
09-04-2019 10:30,12568,13.63,611.7,106.3,115.0,20.03,34.81,31.21,25.54,-29.58,93.4,52.74,44.76,20.6,0.0,413.5,456.1
09-04-2019 11:00,12569,13.63,576.1,100.1,105.1,21.01,36.72,31.57,25.98,-28.21,91.7,58.91,50.06,20.78,0.0,404.5,441.5
09-04-2019 11:30,12570,13.7,673.2,115.8,116.9,26.89,37.79,32.07,26.37,-27.04,88.7,65.85,56.11,20.46,0.0,477.9,520.4
09-04-2019 12:00,12571,13.62,980.0,144.4,247.3,133.9,32.6,39.66,27.14,-25.28,78.81,74.95,63.81,20.38,0.0,597.5,755.6
09-04-2019 12:30,12572,13.62,608.7,100.6,127.5,29.37,32.42,42.88,27.28,-23.48,78.24,76.52,65.1,20.76,0.0,420.0,472.4
09-04-2019 13:00,12573,13.6,1514.0,108.8,516.1,55.94,33.75,44.56,28.35,-25.16,73.22,79.64,67.76,22.12,0.0,406.0,1103.0
09-04-2019 13:30,12574,13.61,899.0,87.9,129.4,12.35,33.78,37.84,28.88,-20.16,72.29,78.42,66.8,21.26,0.0,353.6,675.0
09-04-2019 14:00,12575,13.61,253.3,46.22,41.49,6.544,31.78,34.72,27.28,-20.3,83.3,72.2,61.41,22.93,0.0,183.9,196.9
09-04-2019 14:30,12576,13.62,361.8,78.81,68.75,11.08,29.09,31.67,25.99,-23.31,92.1,63.46,54.01,22.43,3.81,237.3,258.8
09-04-2019 15:00,12577,13.62,155.2,40.35,27.32,3.478,29.08,36.13,24.61,-26.28,NAN,51.37,43.48,22.56,25.65,94.6,97.9
09-04-2019 15:30,12578,13.26,34.37,7.642,5.746,-0.217,27.51,38.63,24.25,-28.48,98.5,46.68,39.28,21.36,13.21,19.45,20.62
09-04-2019 16:00,12579,13.04,13.67,2.4,2.119,-0.849,30.71,38.35,24.01,-29.29,102.7,44.79,37.64,20.82,4.064,7.624,8.76
09-04-2019 16:30,12580,12.91,10.75,1.821,1.728,-0.955,29.53,38.11,23.96,-29.71,101.9,44.54,37.45,20.49,3.302,6.292,7.56
09-04-2019 17:00,12581,12.88,7.75,1.142,1.315,-1.018,28.75,38.64,23.92,-29.53,101.3,46.21,38.9,20.55,3.556,4.883,5.815
09-04-2019 17:30,12582,12.93,7.298,1.161,1.235,-1.024,28.51,40.21,23.88,-29.63,101.2,46.95,39.5,20.41,4.572,5.37,6.453
09-04-2019 18:00,12583,12.88,4.701,0.672,0.775,-1.105,27.37,36.48,23.51,-29.84,99.9,45.39,38.17,20.18,4.064,5.037,5.967
09-04-2019 18:30,12584,12.87,0.305,-0.383,0.081,-1.297,26.64,32.34,23.46,-30.51,99.5,43.45,36.55,20.17,0.508,2.129,3.007
09-04-2019 19:00,12585,12.88,0.099,-0.448,0.037,-1.234,26.7,31.05,23.39,-30.78,99.8,42.86,36.09,20.02,0.254,2.23,2.7
09-04-2019 19:30,12586,12.88,0.112,-0.453,0.031,-1.245,25.54,29.66,23.26,-30.86,98.7,42.47,35.77,19.91,0.0,1.794,2.515
09-04-2019 20:00,12587,12.85,0.116,-0.449,0.033,-1.261,25.17,28.49,23.19,-31.0,98.5,42.08,35.46,20.03,0.0,1.621,2.288
09-04-2019 20:30,12588,12.83,0.119,-0.447,0.028,-1.259,24.94,28.23,23.17,-30.89,98.5,42.27,35.63,20.0,0.0,1.627,2.524
09-04-2019 21:00,12589,12.83,0.115,-0.445,0.036,-1.216,24.56,28.01,23.12,-30.93,98.2,42.14,35.53,19.94,0.0,1.827,2.813
09-04-2019 21:30,12590,12.82,0.125,-0.434,0.035,-1.254,24.31,27.57,23.08,-31.0,98.1,42.33,35.67,19.89,0.0,1.466,2.35
09-04-2019 22:00,12591,12.8,0.126,-0.433,0.031,-1.265,24.19,27.38,23.12,-31.2,98,42.25,35.61,19.9,0.0,1.487,2.394
09-04-2019 22:30,12592,12.8,0.127,-0.438,0.035,-1.212,24.14,27.21,23.09,-31.39,98.1,42.21,35.48,19.73,0.0,1.734,2.288
09-04-2019 23:00,12593,12.8,0.124,-0.432,0.036,-1.175,24.07,27.06,23.1,-31.53,98.1,41.53,34.89,19.77,0.0,1.53,2.174
09-04-2019 23:30,12594,12.78,0.125,-0.436,0.016,-1.13,24.05,27.1,23.12,-31.67,98.1,41.28,34.69,19.69,0.0,1.695,2.388
10-04-2019 00:00,12595,12.79,0.135,-0.423,0.013,-1.098,24.04,26.95,23.06,-31.64,98.1,40.69,34.17,19.94,0.0,1.469,2.352
10-04-2019 00:30,12596,12.77,0.115,-0.424,0.019,-1.078,24,26.94,23.05,-31.79,98.1,40.28,33.81,19.95,0.762,1.625,2.283
10-04-2019 01:00,12597,12.76,0.12,-0.425,0.016,-1.116,23.97,26.94,23.07,-31.75,98.1,40.46,33.99,19.99,0.254,1.74,2.838
10-04-2019 01:30,12598,12.75,0.121,-0.428,0.026,-1.154,23.96,27.05,23.01,-31.48,98.2,40.44,33.94,20.15,0.0,1.743,2.426
10-04-2019 02:00,12599,12.75,0.129,-0.419,0.025,-1.112,23.96,27.04,23.0,-31.46,98.2,40.92,34.38,20.02,0.0,1.734,2.632
10-04-2019 02:30,12600,12.71,0.126,-0.417,0.011,-1.171,23.92,26.97,22.99,-31.5,98.2,41.13,34.55,20.0,0.0,1.591,2.226
10-04-2019 03:00,12601,12.72,0.13,-0.418,0.023,-1.278,23.89,27.03,22.97,-31.47,98.2,41.21,34.63,20.0,0.0,1.679,2.317
10-04-2019 03:30,12602,12.71,0.137,-0.408,0.025,-1.269,23.88,27.03,22.97,-31.53,98.2,41.12,34.57,20.02,0.0,1.523,2.541
10-04-2019 04:00,12603,12.7,0.144,-0.406,0.028,-1.272,23.88,26.98,22.96,-31.43,98.2,41.35,34.77,20.04,0.0,1.548,2.266
10-04-2019 04:30,12604,12.7,0.138,-0.403,0.031,-1.222,23.91,27.12,23.05,-31.81,98.2,41.09,34.5,20.0,0.0,1.495,2.291
10-04-2019 05:00,12605,12.68,0.141,-0.403,0.039,-1.189,23.89,27.1,23.02,-31.68,98.2,40.64,34.11,19.98,0.0,1.744,2.394
10-04-2019 05:30,12606,12.67,0.141,-0.403,0.037,-1.275,23.91,27.11,23.06,-31.7,98.3,40.59,34.08,19.98,0.0,1.733,2.484
10-04-2019 06:00,12607,12.67,0.888,-0.27,0.145,-1.344,23.93,27.09,23.09,-31.75,98.3,40.72,34.11,19.88,0.0,2.103,2.867
10-04-2019 06:30,12608,12.69,15.94,2.598,2.407,-0.909,23.94,27.14,23.13,-31.68,98.3,40.88,34.31,20.05,0.0,11.99,12.99
10-04-2019 07:00,12609,12.89,65.37,12.3,10.18,0.491,24.12,27.23,23.2,-32.12,98.4,40.75,34.2,20.57,0.0,51.31,52.75
10-04-2019 07:30,12610,13.55,249.1,38.17,26.0,3.163,24.46,27.57,23.48,-32.31,98.2,41.16,34.56,21.96,0.0,174.6,198.2
10-04-2019 08:00,12611,14.21,262.5,35.63,22.4,2.574,25.22,27.96,23.81,-32.01,98.3,41.56,34.97,22.11,0.0,153.5,196.8
10-04-2019 08:30,12612,14.22,605.3,46.18,81.0,3.98,30.96,28.47,24.17,-31.29,NAN,45.63,38.52,22.45,0.0,204.3,460.9
10-04-2019 09:00,12613,14.28,857.0,66.51,225.7,3.761,33.44,29.42,24.78,-31.01,92.9,50.49,42.65,22.63,0.0,157.2,639.6
10-04-2019 09:30,12614,13.63,1009.0,194.5,64.69,7.057,30.73,30.4,25.72,-30.82,86.2,49.43,41.61,22.19,0.0,182.5,761.4
10-04-2019 10:00,12615,13.62,1113.0,121.2,70.72,12.1,32.94,32.75,26.79,-30.24,84.3,52.52,44.36,21.14,0.254,240.8,875.0
10-04-2019 10:30,12616,13.63,1129.0,99.4,351.1,13.07,33.12,48.33,27.83,-27.5,79.29,67.92,57.46,20.38,0.0,395.1,876.0
10-04-2019 11:00,12617,13.62,962.0,132.0,347.2,21.92,37.34,42.79,28.42,-26.1,80.7,72.4,61.51,20.06,0.0,417.0,751.8
10-04-2019 11:30,12618,13.62,872.0,70.5,217.1,186.6,42.27,34.65,28.48,-25.41,85,71.65,60.93,20.3,0.0,348.1,663.4
10-04-2019 12:00,12619,13.62,973.0,168.3,458.9,358.7,39.93,34.84,28.6,-24.91,81.5,72.68,61.88,20.94,0.0,301.9,737.4
10-04-2019 12:30,12620,13.6,1112.0,81.4,735.7,449.3,35.73,37.87,29.11,-24.44,73.96,76.16,64.77,20.12,0.0,255.3,850.0
10-04-2019 13:00,12621,13.59,788.8,60.65,367.2,34.41,34.75,34.17,29.45,-18.31,71.57,75.53,64.23,25.71,0.0,301.3,606.2
10-04-2019 13:30,12622,13.59,647.9,54.09,134.4,9.91,34.91,33.99,29.05,-17.98,71.37,75.68,64.32,24.55,0.0,276.3,485.3
10-04-2019 14:00,12623,13.59,717.7,66.62,181.8,46.57,34.5,34.09,29.02,-19.18,69.51,76.3,64.81,23.89,0.0,234.9,515.6
10-04-2019 14:30,12624,13.61,535.6,93.7,81.9,22.5,33.26,34.28,29.19,-19.21,66.69,76.88,65.27,24.77,0.0,270.3,398.3
10-04-2019 15:00,12625,13.63,736.2,76.43,46.0,4.817,33.27,34.5,29.47,-20.08,66.49,77.43,65.85,24.21,0.0,211.9,518.1
10-04-2019 15:30,12626,13.62,249.6,30.86,38.95,4.515,33.99,39.28,29.28,-19.8,69.4,78.75,66.88,24.4,0.0,180.3,201.6
10-04-2019 16:00,12627,13.61,531.9,65.42,46.21,4.987,37.52,38.77,27.94,-19.44,79.18,78.98,67.21,24.12,0.0,174.7,373.5
10-04-2019 16:30,12628,13.59,465.8,47.35,27.78,1.913,34.94,39.16,29.08,-21.32,69.11,80.2,68.1,22.24,0.0,151.6,344.4
10-04-2019 17:00,12629,13.59,262.6,26.76,24.61,1.373,35.33,35.24,28.86,-21.03,72.28,77.87,66.16,23.1,0.0,130.9,192.2
10-04-2019 17:30,12630,13.61,194.7,17.95,16.41,0.876,35.16,34.53,28.31,-20.55,71.74,77.43,65.75,23.13,0.0,85.5,134.2
10-04-2019 18:00,12631,13.12,37.35,4.697,4.515,-0.937,33.89,34.21,28.15,-21.58,75.42,74.45,63.18,23.08,0.0,32.73,36.53
10-04-2019 18:30,12632,12.95,1.126,0.272,0.082,-1.447,31.59,33.4,27.61,-22.31,80.1,70.11,59.46,22.7,0.0,4.758,5.569
10-04-2019 19:00,12633,12.91,-0.044,0.122,-0.052,-1.413,30.54,32.92,27.11,-22.65,80.8,68.49,58.01,22.66,0.0,2.046,2.659
10-04-2019 19:30,12634,12.88,-0.042,0.131,-0.051,-1.391,29.9,32.28,26.64,-23.05,81,67.03,56.79,22.71,0.0,1.924,2.567
10-04-2019 20:00,12635,12.87,-0.037,0.13,-0.052,-1.367,30.94,31.14,26.2,-23.49,84.4,65.24,55.27,22.75,0.0,1.758,2.574
10-04-2019 20:30,12636,12.87,-0.038,0.126,-0.056,-1.359,30.6,30.31,25.89,-23.95,85.4,63.61,53.88,22.77,0.0,2.011,2.55
10-04-2019 21:00,12637,12.88,-0.035,0.123,-0.046,-1.408,29.6,30.06,25.61,-24.21,83.9,62.75,53.23,22.71,0.0,1.675,2.4
10-04-2019 21:30,12638,12.86,-0.034,0.124,-0.046,-1.765,29.72,31.37,25.39,-24.6,87,61.7,52.34,22.64,0.0,2.066,2.659
10-04-2019 22:00,12639,12.85,-0.037,0.127,-0.048,-1.492,31.58,35.43,25.13,-24.51,90.7,62.69,53.18,22.64,0.0,1.641,2.054
10-04-2019 22:30,12640,12.84,-0.033,0.133,-0.038,-1.413,31.08,35.65,25.12,-24.94,90.3,62.12,52.71,22.55,0.0,1.686,2.119
10-04-2019 23:00,12641,12.81,-0.039,0.127,-0.041,-1.309,29.65,37.05,25.05,-25.17,90.3,61.62,52.26,22.5,0.0,2.107,2.698
10-04-2019 23:30,12642,12.81,-0.037,0.117,-0.044,-1.32,29.58,39.47,25.01,-25.25,91.4,61.75,52.36,22.4,0.0,1.907,2.535
11-04-2019 00:00,12643,12.8,-0.032,0.123,-0.033,-1.276,27.93,35.51,24.99,-25.88,90.7,59.34,50.3,22.29,0.0,1.971,2.672
11-04-2019 00:30,12644,12.79,-0.029,0.115,-0.041,-1.252,27.42,36.42,25.0,-25.93,91.7,58.98,49.97,22.36,0.0,2.048,2.903
11-04-2019 01:00,12645,12.8,-0.031,0.1,-0.045,-1.257,26.91,37.88,24.81,-26.11,93.2,58.2,49.29,22.36,0.0,1.859,2.459
11-04-2019 01:30,12646,12.8,-0.026,0.106,-0.038,-1.249,27.03,38.07,24.63,-26.37,94.5,57.22,48.49,22.37,0.0,1.617,2.498
11-04-2019 02:00,12647,12.78,-0.019,0.09,-0.039,-1.343,27.04,36.83,24.58,-26.83,95.4,55.74,47.24,22.34,0.0,1.743,2.503
11-04-2019 02:30,12648,12.76,-0.018,0.084,-0.039,-1.309,27.29,36.73,24.48,-26.97,96.6,54.78,46.44,22.36,0.0,1.65,2.357
11-04-2019 03:00,12649,12.76,-0.022,0.086,-0.04,-1.266,27.35,38.98,24.39,-27.05,97.1,55.04,46.65,22.26,0.0,1.537,2.383
11-04-2019 03:30,12650,12.76,-0.023,0.083,-0.043,-1.226,27.45,42.09,24.32,-26.95,97.8,55.81,47.33,22.32,0.0,1.695,2.718
11-04-2019 04:00,12651,12.73,-0.012,0.075,-0.037,-1.2,27.73,36.51,24.25,-27.68,98.8,52.78,44.74,22.25,0.0,1.984,2.688
11-04-2019 04:30,12652,12.72,-0.007,0.068,-0.038,-1.227,26.86,29.27,24.16,-28.55,98.3,48.64,41.29,22.12,0.0,1.595,2.34
11-04-2019 05:00,12653,12.73,-0.007,0.065,-0.037,-1.197,26.54,28.62,24.08,-28.73,98,47.73,40.48,22.12,0.0,1.558,2.407
11-04-2019 05:30,12654,12.72,-0.006,0.054,-0.031,-1.176,26.4,28.29,24.03,-28.89,97.8,47.09,39.94,22.0,0.0,1.602,2.453
11-04-2019 06:00,12655,12.71,0.571,0.134,0.057,-1.177,26.05,28.02,23.99,-29.13,98.1,46.4,39.35,21.92,0.0,2.045,2.793
11-04-2019 06:30,12656,12.72,18.42,2.914,2.939,-0.689,25.92,27.76,24.0,-29.25,98.2,46.04,39.04,21.91,0.0,15.95,17.15
11-04-2019 07:00,12657,12.96,54.69,8.04,8.59,0.138,25.96,27.8,24.11,-29.28,98.1,46.53,39.44,22.59,0.0,42.0,43.66
11-04-2019 07:30,12658,13.47,134.9,19.94,21.35,2.003,26.23,28.14,24.32,-29.21,97.7,48.08,40.77,23.43,0.0,96.1,103.5
11-04-2019 08:00,12659,14.22,362.4,39.41,33.9,3.996,27.28,28.83,24.82,-28.22,94.1,55.19,46.83,24.2,0.0,182.7,260.1
11-04-2019 08:30,12660,14.2,676.5,66.11,85.3,6.88,30.46,30.41,26.16,-27.22,86.7,64.77,55.12,24.45,0.0,298.2,499.3
11-04-2019 09:00,12661,14.21,642.2,123.7,127.8,3.846,40.13,31.23,27.03,-25.92,91,72.05,61.5,23.3,0.0,272.7,472.2
11-04-2019 09:30,12662,13.62,920.0,190.2,85.1,6.533,35.41,32.43,27.67,-24.98,84.3,75.71,64.57,23.19,0.0,256.8,653.5
11-04-2019 10:00,12663,13.58,713.5,132.2,81.8,9.61,34.46,37.5,28.52,-24.24,79.78,77.9,66.4,22.26,0.0,324.9,551.4
11-04-2019 10:30,12664,13.6,862.0,75.28,334.8,10.65,34.86,36.82,28.79,-22.29,75.87,78.29,66.74,23.27,0.0,348.6,629.5
11-04-2019 11:00,12665,13.59,1104.0,112.8,283.1,21.95,36.84,44.3,29.38,-20.59,75.69,83.0,70.72,24.31,0.0,313.5,791.2
11-04-2019 11:30,12666,13.57,1012.0,69.88,304.7,218.9,34.94,35.43,29.83,-20.31,71.08,78.87,67.23,25.21,0.0,309.1,736.2
11-04-2019 12:00,12667,13.59,694.5,132.6,279.5,212.9,34.1,34.68,29.49,-19.54,73.99,78.05,66.54,25.75,0.0,254.6,507.3
11-04-2019 12:30,12668,13.59,1399.0,106.4,767.2,703.1,35.12,35.48,30.42,-18.82,66.7,78.94,67.28,26.35,0.0,204.7,1008.0
11-04-2019 13:00,12669,13.58,1587.0,108.9,544.3,58.03,36.14,35.31,31.45,-7.328,65.2,78.73,67.12,34.79,0.0,319.8,1117.0
11-04-2019 13:30,12670,13.59,805.0,67.5,180.7,10.92,33.6,34.51,30.68,-8.13,66.73,78.46,66.82,30.82,0.0,293.9,579.3
11-04-2019 14:00,12671,13.58,1421.0,311.9,545.7,209.3,33.69,35.4,31.29,-10.97,63.95,78.81,67.13,29.1,0.0,202.6,956.0
